elo,elo_diff,move_count,acpl,cpl_std,opening_acpl,middlegame_acpl,endgame_acpl,best_move_rate,top3_rate,blunder_rate,mistake_rate,avg_entropy,avg_complexity,label
1088.0,-82.0,39,103.8,229.8031,73.8,114.1,0.0,0.36,0.59,0.13,0.23,0.9035,12.4081,0
1170.0,82.0,39,51.5,162.7225,21.9,60.3,0.0,0.44,0.67,0.05,0.13,0.9677,14.8174,1
1900.0,12.0,26,100.3,200.7249,33.7,142.0,0.0,0.27,0.58,0.12,0.31,0.9604,15.3809,0
1888.0,-12.0,26,25.6,34.4082,22.4,27.3,0.0,0.46,0.77,0.0,0.19,0.9635,15.854,1
1993.0,-132.0,23,83.4,104.3372,41.5,115.7,0.0,0.48,0.61,0.22,0.26,0.9617,16.0393,0
2125.0,132.0,22,83.1,110.9092,25.0,123.3,0.0,0.55,0.73,0.23,0.14,0.6044,9.3439,1
1500.0,-3.0,47,81.2,204.0233,22.6,51.4,292.9,0.3,0.62,0.06,0.21,0.9624,15.0174,0
1503.0,3.0,46,100.2,225.2087,36.7,75.8,286.3,0.43,0.67,0.11,0.22,0.9355,10.7131,1
1778.0,65.0,34,84.1,184.1617,49.5,98.6,0.0,0.35,0.65,0.12,0.15,0.973,13.5953,0
1713.0,-65.0,34,23.7,42.5422,27.3,22.4,0.0,0.62,0.82,0.03,0.18,0.9646,14.9809,1
1978.0,-90.0,31,75.1,182.1959,21.2,100.7,0.0,0.32,0.65,0.1,0.23,0.939,14.8087,0
2068.0,90.0,31,30.9,53.3369,20.7,35.1,0.0,0.52,0.68,0.03,0.16,0.9675,14.2969,1
1905.0,-44.0,49,33.4,44.1889,35.8,28.8,45.9,0.35,0.59,0.0,0.2,0.9297,11.5567,0
1949.0,44.0,49,13.0,21.2117,18.3,13.8,5.9,0.59,0.84,0.0,0.08,0.9291,12.3344,1
1625.0,20.0,30,81.8,202.867,18.9,113.2,0.0,0.47,0.8,0.07,0.23,0.8928,12.5863,0
1605.0,-20.0,30,22.4,38.4122,38.7,15.5,0.0,0.57,0.73,0.0,0.17,0.9509,15.2366,1
1463.0,13.0,20,33.5,96.9284,60.4,6.6,0.0,0.55,0.8,0.05,0.0,0.948,14.6937,1
1450.0,-13.0,20,37.0,108.1208,17.3,53.1,0.0,0.8,0.9,0.05,0.05,0.8782,13.1274,0
1998.0,7.0,37,21.8,33.327,20.1,22.4,0.0,0.59,0.89,0.0,0.16,0.9632,15.793,1
1991.0,-7.0,36,74.1,175.6067,30.0,88.9,0.0,0.28,0.69,0.08,0.22,0.9613,13.3825,1
1724.0,134.0,50,63.6,162.9586,64.1,42.2,127.2,0.34,0.66,0.08,0.16,0.9697,14.8175,0
1590.0,-134.0,49,62.7,99.5777,54.4,77.5,25.9,0.33,0.55,0.06,0.39,0.9668,11.7594,1
1506.0,-49.0,32,86.3,190.8388,19.8,116.5,0.0,0.38,0.69,0.12,0.12,0.932,14.6872,0
1555.0,49.0,32,31.5,72.2286,29.4,32.3,0.0,0.53,0.75,0.03,0.16,0.9584,15.621,1
1780.0,80.0,66,25.0,37.5838,44.0,29.5,12.6,0.48,0.74,0.0,0.14,0.9516,13.6972,1
1700.0,-80.0,65,79.5,160.2019,35.6,43.4,136.3,0.32,0.65,0.09,0.22,0.8843,11.3705,0
1793.0,57.0,75,71.9,204.9505,43.3,17.9,126.2,0.44,0.72,0.08,0.16,0.9438,9.4368,0
1736.0,-57.0,75,59.1,211.3104,43.8,3.4,109.4,0.52,0.84,0.05,0.04,0.953,11.5581,1
1638.0,-3.0,17,72.6,240.0268,8.7,163.9,0.0,0.47,0.59,0.06,0.06,0.9016,14.5633,0
1641.0,3.0,17,7.5,18.5072,12.6,1.8,0.0,0.76,0.88,0.0,0.06,0.9497,15.334,1
1134.0,-20.0,23,13.8,39.8368,11.7,15.5,0.0,0.74,0.83,0.0,0.04,0.6248,10.0728,1
1154.0,20.0,22,11.9,37.8069,26.7,1.6,0.0,0.45,0.95,0.0,0.05,0.9501,14.9855,1
1948.0,-45.0,60,67.7,183.4338,32.8,51.8,109.0,0.42,0.73,0.07,0.2,0.9769,13.4219,0
1993.0,45.0,59,77.1,185.5232,40.2,51.0,132.7,0.36,0.68,0.08,0.29,0.9531,12.1882,1
1684.0,-44.0,43,49.8,104.7237,15.2,66.3,0.3,0.44,0.77,0.05,0.19,0.9509,12.9113,0
1728.0,44.0,43,34.4,83.1253,19.2,43.5,0.0,0.53,0.81,0.05,0.21,0.9711,14.4515,1
1467.0,-23.0,30,20.9,25.0929,31.9,15.4,0.0,0.53,0.73,0.0,0.1,0.9631,16.0338,1
1490.0,23.0,29,79.3,189.1812,47.7,93.6,0.0,0.34,0.59,0.07,0.31,0.9309,13.5372,0
1871.0,11.0,58,13.9,33.8663,57.2,6.8,1.6,0.76,0.86,0.0,0.1,0.971,13.8473,1
1860.0,-11.0,57,37.0,83.9082,58.6,12.0,68.0,0.51,0.82,0.05,0.11,0.9464,13.7445,1
1757.0,-11.0,58,52.1,183.1872,35.5,18.8,116.8,0.48,0.72,0.03,0.16,0.958,14.759,1
1768.0,11.0,57,69.2,187.6031,46.0,82.3,58.9,0.32,0.68,0.07,0.14,0.889,11.2426,0
1797.0,-45.0,32,78.1,162.8529,46.7,92.4,0.0,0.53,0.78,0.09,0.22,0.9652,15.3959,1
1842.0,45.0,32,76.7,129.3797,52.6,86.2,0.0,0.34,0.53,0.12,0.25,0.8455,11.6963,0
1896.0,-5.0,45,69.7,164.0126,22.8,44.4,315.0,0.22,0.56,0.07,0.22,0.9339,12.9435,0
1901.0,5.0,45,33.1,62.2106,12.7,45.7,0.7,0.47,0.73,0.04,0.18,0.9441,13.136,1
1723.0,104.0,59,28.2,83.2624,36.2,42.9,0.7,0.54,0.88,0.03,0.12,0.9553,12.5842,0
1619.0,-104.0,58,31.9,63.541,30.9,52.2,0.2,0.48,0.78,0.03,0.17,0.9238,11.1561,0
1586.0,-641.0,26,49.9,81.5992,38.7,56.9,0.0,0.38,0.58,0.08,0.19,0.9212,14.2048,1
2227.0,641.0,25,92.9,211.4718,15.6,136.4,0.0,0.2,0.72,0.12,0.12,0.9653,13.6591,0
1519.0,-43.0,63,57.9,137.9312,24.6,44.7,89.5,0.35,0.68,0.06,0.21,0.9632,10.8979,1
1562.0,43.0,63,53.4,178.3432,23.7,18.6,108.1,0.54,0.81,0.05,0.1,0.9582,14.6002,1
1945.0,-125.0,52,30.9,50.3798,22.2,43.5,6.8,0.54,0.73,0.02,0.15,0.9666,15.3741,0
2070.0,125.0,51,71.4,162.3592,16.1,61.3,137.9,0.33,0.71,0.06,0.27,0.9603,13.5179,0
1866.0,243.0,32,78.1,228.5457,31.1,99.5,0.0,0.56,0.59,0.06,0.09,0.8705,14.2016,1
1623.0,-243.0,31,98.8,230.0798,31.3,126.4,0.0,0.42,0.65,0.13,0.13,0.9613,14.0628,0
1673.0,-24.0,39,14.6,26.1279,29.5,9.4,0.0,0.64,0.85,0.0,0.08,0.963,14.3863,1
1697.0,24.0,38,64.2,161.23,30.3,74.7,0.0,0.24,0.58,0.03,0.26,0.9232,11.5188,0
1788.0,-22.0,52,153.0,338.7879,48.5,148.9,250.3,0.31,0.6,0.13,0.12,0.9401,15.2955,0
1810.0,22.0,51,74.7,208.7753,117.2,91.5,1.0,0.35,0.63,0.08,0.18,0.844,8.676,0
1626.0,170.0,25,91.2,231.0577,14.4,142.4,0.0,0.48,0.68,0.12,0.08,0.9519,15.4887,1
1456.0,-170.0,25,12.0,18.4572,5.9,15.4,0.0,0.8,0.92,0.0,0.08,0.9579,14.1753,1
1748.0,-31.0,57,27.8,133.0706,21.2,10.9,61.7,0.54,0.79,0.02,0.04,0.9521,12.9336,1
1779.0,31.0,56,42.2,148.6419,16.0,23.1,90.0,0.43,0.73,0.05,0.05,0.881,10.9947,0
1719.0,8.0,48,20.2,52.8834,46.2,16.2,2.4,0.54,0.75,0.02,0.08,0.948,13.3714,0
1711.0,-8.0,48,21.0,57.8538,31.6,24.0,0.4,0.4,0.83,0.02,0.08,0.9665,13.1861,0
1838.0,6.0,76,97.7,216.9504,72.6,25.5,164.7,0.38,0.7,0.13,0.17,0.9465,12.6505,0
1832.0,-6.0,76,76.1,204.7294,51.4,25.4,123.2,0.54,0.86,0.11,0.08,0.9482,12.5622,1
1527.0,12.0,20,41.5,75.4122,50.0,33.0,0.0,0.65,0.85,0.05,0.15,0.9594,13.9103,1
1515.0,-12.0,19,94.4,228.3628,6.8,173.2,0.0,0.42,0.74,0.11,0.21,0.9398,14.5415,0
1886.0,-28.0,29,71.9,184.5607,44.7,86.3,0.0,0.28,0.62,0.03,0.28,0.9629,15.5477,0
1914.0,28.0,29,48.0,55.1903,74.9,35.9,0.0,0.21,0.59,0.07,0.28,0.9654,13.5662,1
1829.0,-1.0,62,29.2,96.005,14.6,15.5,54.4,0.5,0.82,0.02,0.1,0.9498,14.0916,1
1830.0,1.0,61,93.7,236.7251,8.1,37.3,205.5,0.33,0.59,0.08,0.13,0.9419,11.0264,0
1276.0,-11.0,15,137.6,265.307,81.1,250.6,0.0,0.27,0.4,0.13,0.33,0.9423,14.2759,0
1287.0,11.0,15,16.4,30.7288,23.8,5.3,0.0,0.67,0.73,0.0,0.07,0.9634,15.2424,1
1497.0,-4.0,23,101.3,216.6221,94.9,106.2,0.0,0.35,0.65,0.13,0.17,0.9196,13.9676,0
1501.0,4.0,23,43.7,98.2276,100.6,7.2,0.0,0.65,0.7,0.09,0.17,0.965,15.5278,1
1754.0,3.0,46,28.0,47.4758,14.9,38.0,0.0,0.5,0.83,0.02,0.13,0.9637,14.996,1
1751.0,-3.0,45,68.2,157.0963,18.1,59.9,185.0,0.42,0.64,0.07,0.2,0.9392,12.5748,0
1673.0,0.0,49,26.9,56.5125,52.6,17.2,30.9,0.49,0.82,0.04,0.08,0.9638,14.1703,1
1673.0,0.0,48,60.5,159.8531,13.2,45.2,158.6,0.48,0.75,0.06,0.12,0.9484,12.9564,0
1758.0,-336.0,49,58.3,101.7922,96.7,53.7,30.9,0.35,0.57,0.04,0.37,0.9254,12.5855,1
2094.0,336.0,49,53.7,146.2275,89.1,25.5,106.6,0.33,0.8,0.06,0.12,0.9693,15.0555,1
1900.0,12.0,41,65.0,163.1542,30.6,45.2,1000.0,0.22,0.51,0.05,0.29,0.9333,13.5377,0
1888.0,-12.0,41,19.0,24.6343,22.9,17.8,19.5,0.54,0.83,0.0,0.1,0.9533,14.403,1
1899.0,23.0,70,13.3,19.9884,12.6,18.6,8.2,0.4,0.71,0.0,0.04,0.9625,13.6612,0
1876.0,-23.0,69,35.7,124.5892,16.1,27.4,49.9,0.51,0.78,0.03,0.09,0.9435,10.8359,0
1820.0,-11.0,29,12.9,24.0421,24.1,7.0,0.0,0.59,0.9,0.0,0.1,0.9659,15.8497,1
1831.0,11.0,28,64.0,187.8535,23.4,83.3,0.0,0.46,0.68,0.04,0.21,0.9675,13.4958,0
1905.0,-44.0,31,25.2,40.397,37.6,19.3,0.0,0.55,0.77,0.0,0.13,0.9298,13.479,1
1949.0,44.0,30,57.6,182.5642,17.4,74.8,0.0,0.47,0.6,0.03,0.1,0.9455,13.4813,0
1937.0,-53.0,30,57.6,182.5419,26.3,73.3,0.0,0.57,0.7,0.07,0.13,0.9657,15.5554,0
1990.0,53.0,30,13.9,24.3508,34.0,5.3,0.0,0.67,0.8,0.0,0.07,0.9641,14.6518,1
1452.0,-13.0,31,26.5,33.4971,37.3,21.3,0.0,0.45,0.68,0.0,0.19,0.9616,15.2186,1
1465.0,13.0,30,78.5,179.4203,54.4,88.9,0.0,0.27,0.47,0.03,0.37,0.933,14.0244,0
1940.0,-30.0,50,14.0,26.5338,13.7,16.7,6.1,0.28,0.58,0.0,0.1,0.9452,13.7712,1
1970.0,30.0,50,11.7,22.0582,3.4,17.9,1.8,0.44,0.72,0.0,0.04,0.9724,13.7555,0
1874.0,202.0,54,21.5,31.1895,32.8,20.5,15.5,0.33,0.69,0.0,0.11,0.9607,14.9367,1
1672.0,-202.0,53,52.3,146.7653,21.9,36.4,105.9,0.26,0.6,0.04,0.13,0.9465,13.1539,0
1820.0,-11.0,38,42.4,60.36,29.7,46.9,0.0,0.45,0.63,0.03,0.21,0.9643,14.6221,1
1831.0,11.0,37,107.7,249.4334,11.4,138.7,0.0,0.54,0.76,0.14,0.11,0.966,14.7367,0
1739.0,-19.0,30,30.0,60.2274,13.7,38.1,0.0,0.47,0.63,0.03,0.17,0.9687,15.8266,1
1758.0,19.0,29,91.4,204.8715,22.1,122.5,0.0,0.31,0.66,0.14,0.14,0.9548,12.5967,0
1811.0,-20.0,52,76.8,201.0761,80.3,72.1,85.4,0.42,0.75,0.08,0.13,0.9054,10.4954,1
1831.0,20.0,52,56.8,192.5683,35.4,21.1,154.0,0.4,0.73,0.04,0.15,0.9688,14.7215,0
1880.0,7.0,49,37.8,73.4231,54.0,40.5,10.8,0.47,0.76,0.04,0.14,0.9204,11.7364,1
1873.0,-7.0,49,15.1,30.9035,57.8,5.5,5.6,0.47,0.88,0.0,0.12,0.9459,14.1474,1
1883.0,-6.0,28,8.5,12.6623,8.4,8.6,0.0,0.57,0.96,0.0,0.0,0.964,16.073,1
1889.0,6.0,27,62.7,191.09,12.7,87.7,0.0,0.33,0.63,0.04,0.22,0.9617,15.0354,0
1669.0,0.0,35,69.8,173.1788,27.6,86.7,0.0,0.46,0.66,0.06,0.29,0.8009,12.3912,0
1669.0,0.0,35,13.7,29.89,22.3,10.7,0.0,0.8,0.86,0.0,0.06,0.9668,15.7181,1
1457.0,23.0,30,62.0,185.0712,44.5,70.8,0.0,0.33,0.8,0.07,0.1,0.9688,15.687,0
1434.0,-23.0,29,79.4,191.1999,62.7,87.0,0.0,0.31,0.62,0.07,0.21,0.8349,13.2842,0
1564.0,-17.0,33,28.0,37.7372,26.2,28.8,0.0,0.45,0.64,0.0,0.24,0.9678,15.8412,0
1581.0,17.0,32,95.9,241.4653,27.1,122.8,0.0,0.34,0.56,0.06,0.28,0.9345,13.0705,0
1593.0,-22.0,36,50.3,93.3794,29.4,58.4,0.0,0.47,0.78,0.06,0.22,0.927,12.0586,0
1615.0,22.0,36,52.1,168.5169,21.8,62.2,0.0,0.58,0.81,0.06,0.17,0.9651,15.4032,1
1819.0,-63.0,35,42.4,58.4774,42.6,42.4,0.0,0.37,0.66,0.06,0.23,0.9611,15.8018,0
1882.0,63.0,34,87.2,177.8824,74.7,91.7,0.0,0.35,0.62,0.06,0.32,0.9343,14.2006,0
2079.0,87.0,45,45.6,149.1542,20.1,28.4,200.0,0.38,0.71,0.02,0.13,0.9046,13.6642,0
1992.0,-87.0,45,10.6,18.9816,15.0,9.7,8.0,0.67,0.89,0.0,0.04,0.9703,15.1767,1
1919.0,128.0,59,62.2,165.1227,17.6,60.1,88.9,0.37,0.73,0.07,0.12,0.9208,11.8282,1
1791.0,-128.0,59,27.7,72.1896,20.0,37.8,16.1,0.58,0.76,0.05,0.07,0.9675,13.2279,0
1812.0,-55.0,22,21.0,30.8058,30.7,12.8,0.0,0.41,0.59,0.0,0.14,0.9625,15.8135,1
1867.0,55.0,21,65.0,118.3522,36.6,86.4,0.0,0.29,0.48,0.1,0.14,0.8696,13.1058,0
1602.0,33.0,32,96.4,241.1276,48.3,118.3,0.0,0.38,0.69,0.06,0.25,0.9642,15.6599,1
1569.0,-33.0,31,144.4,293.2641,84.1,169.0,0.0,0.26,0.52,0.13,0.23,0.9099,11.6581,0
1488.0,-10.0,36,20.3,47.4821,7.9,25.0,0.0,0.53,0.83,0.03,0.03,0.9576,15.0969,1
1498.0,10.0,35,69.2,183.409,11.0,89.3,0.0,0.29,0.54,0.09,0.14,0.9426,13.8033,0
1618.0,14.0,33,64.8,171.5807,19.7,84.4,0.0,0.21,0.48,0.03,0.3,0.9249,12.9771,0
1604.0,-14.0,33,12.0,22.6695,6.8,14.0,0.0,0.55,0.79,0.0,0.06,0.966,15.7003,1
1407.0,-130.0,58,71.6,186.6596,46.2,31.7,152.1,0.45,0.71,0.07,0.17,0.8887,11.5782,0
1537.0,130.0,58,21.8,47.7626,32.2,27.0,8.6,0.57,0.83,0.02,0.12,0.9424,13.708,0
1542.0,4.0,32,69.8,178.6311,9.3,97.3,0.0,0.34,0.62,0.06,0.19,0.9592,15.415,0
1538.0,-4.0,31,127.8,270.4427,11.0,175.6,0.0,0.39,0.58,0.13,0.16,0.9616,15.4334,0
1939.0,26.0,66,53.8,140.5618,14.1,43.2,81.2,0.38,0.79,0.03,0.23,0.9499,10.7339,0
1913.0,-26.0,66,176.9,357.4366,12.3,35.7,388.6,0.53,0.82,0.2,0.06,0.9426,13.4285,1
1978.0,30.0,23,100.7,161.5484,8.9,171.2,0.0,0.7,0.83,0.26,0.09,0.7939,10.2028,1
1948.0,-30.0,23,104.0,167.2188,22.1,156.7,0.0,0.39,0.61,0.26,0.09,0.9538,15.2135,0
1700.0,4.0,49,80.7,239.1283,26.0,17.6,351.9,0.45,0.69,0.06,0.14,0.923,13.6474,1
1696.0,-4.0,48,103.4,240.5341,80.3,32.0,364.4,0.29,0.52,0.08,0.23,0.9082,10.1267,0
1695.0,-213.0,41,122.4,265.9844,103.9,132.7,0.0,0.46,0.71,0.12,0.22,0.8931,11.0017,0
1908.0,213.0,41,59.7,164.0574,27.7,73.2,0.0,0.37,0.63,0.05,0.24,0.9691,15.6245,0
1538.0,51.0,24,65.6,202.1011,43.1,81.6,0.0,0.54,0.67,0.04,0.12,0.9108,13.8871,1
1487.0,-51.0,24,28.3,35.5313,29.2,27.7,0.0,0.46,0.79,0.0,0.21,0.9641,14.921,0
1926.0,-12.0,60,53.6,186.5737,13.7,29.9,109.0,0.5,0.73,0.05,0.07,0.9417,14.1535,1
1938.0,12.0,59,52.3,153.6883,10.1,46.4,80.2,0.36,0.71,0.08,0.07,0.8806,10.5835,0
1583.0,-272.0,61,96.6,218.4988,20.1,123.6,94.4,0.44,0.59,0.11,0.2,0.9651,12.4129,0
1855.0,272.0,61,87.0,203.9374,19.2,128.1,58.5,0.43,0.57,0.13,0.1,0.975,14.2199,0
1512.0,-14.0,45,47.0,58.8158,35.3,58.7,0.0,0.38,0.53,0.02,0.29,0.9487,14.8907,1
1526.0,14.0,44,90.8,161.0632,28.7,80.1,266.2,0.2,0.52,0.09,0.36,0.9456,13.564,0
1850.0,-95.0,37,16.4,25.3107,38.6,8.1,0.0,0.59,0.73,0.0,0.11,0.9662,14.6492,1
1945.0,95.0,36,62.6,177.1592,45.7,68.2,0.0,0.31,0.67,0.06,0.14,0.9594,13.9239,0
1818.0,-333.0,45,70.1,156.0942,30.1,58.0,222.4,0.33,0.62,0.04,0.29,0.9277,11.1591,0
2151.0,333.0,45,16.1,27.0506,33.4,14.1,0.0,0.58,0.87,0.0,0.13,0.9559,14.1282,1
1973.0,10.0,58,45.2,137.3103,84.1,20.8,64.3,0.59,0.76,0.05,0.14,0.9474,13.8925,1
1963.0,-10.0,57,52.5,154.919,27.1,49.5,70.2,0.42,0.81,0.04,0.16,0.8958,11.6433,0
1584.0,-3.0,73,39.4,118.7631,25.7,29.1,52.9,0.49,0.77,0.01,0.12,0.9087,10.2936,1
1587.0,3.0,73,13.1,22.624,20.0,10.6,13.5,0.56,0.74,0.0,0.07,0.9583,13.8815,1
1745.0,54.0,36,88.4,181.4247,106.5,81.4,0.0,0.39,0.61,0.08,0.28,0.8654,12.8977,0
1691.0,-54.0,36,30.3,116.3969,98.0,7.8,0.0,0.75,0.86,0.03,0.06,0.9584,13.5439,1
1919.0,195.0,68,19.7,33.6849,15.4,25.4,15.1,0.44,0.65,0.0,0.15,0.9624,13.9989,1
1724.0,-195.0,67,46.2,125.2433,20.2,33.4,68.3,0.42,0.66,0.01,0.21,0.9093,11.2426,0
1759.0,-127.0,39,65.4,165.622,24.3,79.5,0.0,0.36,0.69,0.05,0.26,0.9638,14.2486,0
1886.0,127.0,39,14.7,22.5971,23.1,12.2,0.0,0.51,0.87,0.0,0.08,0.9552,13.9017,1
1477.0,21.0,56,43.5,69.9836,44.3,50.8,29.2,0.41,0.57,0.04,0.25,0.9164,13.1449,1
1456.0,-21.0,55,57.4,76.7996,44.2,77.3,27.5,0.36,0.75,0.04,0.35,0.8906,11.1312,0
1852.0,-32.0,50,79.8,238.991,12.0,87.5,124.3,0.6,0.8,0.08,0.08,0.965,15.8181,1
1884.0,32.0,49,116.9,275.3854,7.1,113.1,227.1,0.49,0.73,0.12,0.16,0.9101,10.765,1
2009.0,34.0,21,27.4,64.743,52.3,4.8,0.0,0.48,0.81,0.05,0.1,0.9564,15.459,1
1975.0,-34.0,20,105.8,255.5776,52.1,149.6,0.0,0.55,0.75,0.1,0.15,0.8476,10.8986,0
1603.0,-46.0,26,157.6,230.6209,40.9,230.5,0.0,0.19,0.35,0.23,0.42,0.9638,14.6775,0
1649.0,46.0,26,87.2,124.435,49.6,107.1,0.0,0.42,0.65,0.15,0.35,0.9556,15.0761,0
1486.0,-357.0,36,47.2,171.0892,40.8,49.6,0.0,0.64,0.86,0.06,0.03,0.9395,15.5316,1
1843.0,357.0,35,43.7,119.6496,26.6,49.7,0.0,0.4,0.83,0.03,0.14,0.936,13.8964,0
1652.0,48.0,54,31.9,49.3508,15.9,34.5,37.7,0.3,0.5,0.02,0.2,0.9669,14.193,0
1604.0,-48.0,53,33.5,72.1261,10.2,31.5,52.7,0.4,0.66,0.08,0.08,0.9571,13.8547,1
1254.0,30.0,56,34.5,52.043,77.5,33.7,8.9,0.57,0.73,0.02,0.23,0.9501,12.7118,0
1224.0,-30.0,55,65.1,146.8816,40.7,40.0,125.8,0.36,0.71,0.07,0.25,0.9513,12.2644,1
1872.0,-59.0,37,66.5,168.7506,40.6,76.1,0.0,0.35,0.65,0.05,0.19,0.8796,9.7867,0
1931.0,59.0,37,17.8,45.1067,18.9,17.4,0.0,0.7,0.86,0.03,0.08,0.9557,14.6689,1
2004.0,30.0,52,51.4,143.993,5.1,37.5,124.8,0.44,0.77,0.02,0.17,0.9189,11.8895,0
1974.0,-30.0,52,55.6,195.9058,10.3,12.0,187.5,0.65,0.92,0.06,0.1,0.9613,14.5876,1
2026.0,67.0,58,81.5,187.5754,13.8,119.3,56.1,0.34,0.71,0.09,0.24,0.9272,11.4749,0
1959.0,-67.0,58,68.3,195.7625,7.1,113.7,25.6,0.55,0.78,0.09,0.12,0.9581,14.9862,0
1906.0,-9.0,42,58.9,175.5744,16.4,43.6,500.0,0.5,0.69,0.05,0.14,0.9593,13.8242,0
1915.0,9.0,42,16.8,32.4688,6.4,21.4,1.7,0.55,0.71,0.0,0.07,0.959,14.2445,0
1538.0,-12.0,24,20.9,27.8442,29.3,14.9,0.0,0.5,0.71,0.0,0.17,0.9646,16.0736,1
1550.0,12.0,23,82.5,203.9362,18.3,123.7,0.0,0.35,0.52,0.04,0.35,0.9147,14.322,0
1499.0,116.0,40,53.4,88.8031,109.5,34.7,0.0,0.35,0.6,0.03,0.35,0.8987,11.7055,0
1383.0,-116.0,40,33.6,83.7115,46.2,31.0,0.0,0.57,0.75,0.03,0.15,0.9524,14.679,1
1950.0,-144.0,29,86.8,186.2496,48.4,106.9,0.0,0.38,0.52,0.07,0.31,0.8309,13.2292,0
2094.0,144.0,29,17.6,29.454,31.7,11.2,0.0,0.48,0.79,0.0,0.1,0.9623,15.2997,1
1448.0,91.0,55,40.7,49.4613,29.1,46.7,36.2,0.27,0.67,0.02,0.22,0.9311,11.3521,0
1357.0,-91.0,55,33.4,135.2491,46.6,10.2,69.4,0.55,0.78,0.02,0.09,0.9601,14.2268,1
1462.0,5.0,23,128.3,247.1908,137.9,120.9,0.0,0.26,0.57,0.13,0.39,0.8696,12.8893,0
1457.0,-5.0,23,37.7,66.46,73.1,15.0,0.0,0.61,0.78,0.09,0.22,0.9644,15.2879,0
2001.0,277.0,55,94.0,229.5723,45.8,104.4,105.5,0.38,0.73,0.11,0.22,0.9102,13.1312,1
1724.0,-277.0,55,95.5,240.5762,32.2,122.7,80.2,0.44,0.78,0.09,0.24,0.9334,12.1704,0
1959.0,1.0,39,75.7,166.9064,26.5,92.7,0.0,0.33,0.62,0.05,0.28,0.9414,12.8805,0
1958.0,-1.0,39,20.8,22.9308,28.2,18.6,0.0,0.49,0.82,0.0,0.1,0.963,15.7011,1
1404.0,12.0,46,78.4,246.7656,14.0,15.6,500.0,0.54,0.72,0.07,0.07,0.961,14.3663,1
1392.0,-12.0,45,69.6,207.0274,19.2,31.9,333.5,0.42,0.71,0.04,0.11,0.8747,10.3984,0
1966.0,-33.0,47,72.1,163.9475,31.8,102.3,0.7,0.23,0.57,0.04,0.32,0.9425,14.5889,0
1999.0,33.0,46,85.5,150.1855,120.2,94.8,0.9,0.26,0.63,0.11,0.3,0.9305,9.8787,1
1798.0,19.0,49,72.4,132.5533,44.2,27.1,254.7,0.41,0.63,0.1,0.16,0.9682,15.3313,0
1779.0,-19.0,48,77.2,129.663,53.1,42.5,216.8,0.44,0.71,0.1,0.25,0.9707,13.2301,1
1536.0,10.0,49,126.4,271.4099,44.2,151.3,134.8,0.37,0.69,0.12,0.24,0.969,11.8276,1
1526.0,-10.0,49,122.5,303.0745,36.1,155.6,100.8,0.51,0.76,0.14,0.08,0.9683,14.634,0
1625.0,-21.0,36,58.2,81.4381,21.4,72.3,0.0,0.31,0.5,0.08,0.33,0.9244,13.6496,1
1646.0,21.0,36,54.2,167.4225,16.9,66.7,0.0,0.5,0.78,0.03,0.19,0.9577,14.8904,1
1662.0,-220.0,44,33.6,52.8514,65.0,27.6,0.0,0.41,0.59,0.02,0.16,0.9655,15.3753,1
1882.0,220.0,43,59.9,131.3064,151.9,40.2,0.5,0.28,0.67,0.07,0.19,0.9321,12.8345,0
1770.0,4.0,52,59.3,152.4904,101.3,32.6,91.2,0.37,0.79,0.04,0.21,0.8913,10.4813,0
1766.0,-4.0,52,19.8,63.4234,75.1,10.3,3.4,0.6,0.81,0.02,0.06,0.9451,14.6029,1
1241.0,-63.0,44,54.2,158.1759,28.8,36.5,250.0,0.5,0.73,0.05,0.16,0.9604,15.0031,1
1304.0,63.0,43,76.9,168.1024,48.3,62.3,250.0,0.35,0.56,0.09,0.21,0.9466,12.716,0
1420.0,-109.0,28,116.2,222.4914,73.7,139.9,0.0,0.39,0.75,0.11,0.36,0.959,15.0328,0
1529.0,109.0,28,62.1,119.3443,93.9,47.1,0.0,0.43,0.61,0.07,0.25,0.9552,14.5166,1
1868.0,-118.0,43,28.2,83.4099,49.2,23.5,5.0,0.47,0.67,0.02,0.12,0.9651,14.5383,0
1986.0,118.0,43,27.1,65.313,35.8,28.0,0.2,0.35,0.7,0.02,0.09,0.9702,14.3092,0
1609.0,-38.0,64,122.4,202.103,44.4,52.7,242.0,0.52,0.75,0.17,0.22,0.9632,11.5833,0
1647.0,38.0,63,112.0,200.9493,45.4,33.7,234.9,0.4,0.57,0.16,0.17,0.9632,13.8963,1
1580.0,25.0,47,42.3,92.4458,76.8,39.8,4.0,0.38,0.64,0.06,0.11,0.9645,14.9322,1
1555.0,-25.0,46,59.5,127.0349,52.4,67.7,33.0,0.3,0.65,0.11,0.13,0.9316,11.7207,0
1808.0,91.0,73,44.9,76.9702,24.0,82.9,16.8,0.36,0.66,0.07,0.18,0.9664,13.812,0
1717.0,-91.0,72,53.1,76.5026,47.1,87.5,23.5,0.33,0.62,0.08,0.21,0.9374,10.8108,0
2026.0,67.0,44,62.7,208.4237,10.7,55.0,250.0,0.43,0.64,0.05,0.09,0.9217,13.7015,0
1959.0,-67.0,44,27.2,62.1437,7.7,36.3,8.0,0.39,0.73,0.02,0.09,0.971,15.3827,0
1507.0,16.0,68,120.2,234.8993,31.2,102.9,170.6,0.43,0.71,0.16,0.21,0.8642,10.0059,0
1491.0,-16.0,68,85.1,203.6289,24.4,85.4,103.6,0.46,0.78,0.13,0.13,0.9555,13.0271,0
1346.0,105.0,65,44.1,59.9667,68.7,53.4,23.1,0.32,0.75,0.05,0.25,0.9458,10.8023,0
1241.0,-105.0,65,38.5,129.2667,60.9,21.7,50.2,0.46,0.75,0.03,0.11,0.9556,14.2486,0
1699.0,-250.0,25,103.7,273.008,42.3,144.6,0.0,0.52,0.64,0.12,0.12,0.9595,15.3866,1
1949.0,250.0,24,218.0,373.8548,20.6,336.5,0.0,0.33,0.62,0.21,0.21,0.9483,14.2069,0
1603.0,-2.0,39,72.3,221.624,45.9,81.4,0.0,0.46,0.67,0.05,0.1,0.955,15.0038,0
1605.0,2.0,38,140.2,306.1298,68.1,162.6,0.0,0.39,0.71,0.13,0.26,0.9069,11.6347,0
2059.0,60.0,65,48.1,135.8249,32.9,53.3,47.8,0.45,0.69,0.08,0.06,0.91,10.6059,0
1999.0,-60.0,65,23.8,44.193,20.8,39.8,6.3,0.49,0.86,0.0,0.14,0.9534,13.0247,1
1850.0,-77.0,25,94.4,124.3252,90.6,97.0,0.0,0.44,0.6,0.16,0.36,0.8901,11.7079,1
1927.0,77.0,25,40.1,76.1251,80.8,17.2,0.0,0.56,0.76,0.04,0.2,0.9625,15.1953,1
1663.0,113.0,28,26.6,37.5296,15.4,32.8,0.0,0.5,0.89,0.0,0.21,0.9625,15.4121,0
1550.0,-113.0,28,25.4,36.7246,13.0,31.3,0.0,0.57,0.79,0.0,0.18,0.9042,12.9316,0
1402.0,-13.0,42,22.6,28.1831,37.9,17.9,17.0,0.57,0.79,0.0,0.14,0.9532,11.5797,1
1415.0,13.0,41,19.6,29.9073,14.2,21.2,20.5,0.41,0.83,0.0,0.12,0.9688,15.7227,1
1758.0,79.0,26,81.5,196.2385,24.1,117.4,0.0,0.46,0.77,0.08,0.27,0.9198,13.2927,0
1679.0,-79.0,26,30.8,59.9927,44.6,23.5,0.0,0.65,0.88,0.04,0.19,0.9589,14.7519,1
1969.0,1.0,77,101.4,246.5418,38.9,41.7,166.6,0.31,0.61,0.1,0.14,0.9704,14.2388,0
1968.0,-1.0,76,164.9,333.6155,35.8,44.1,294.4,0.37,0.75,0.17,0.16,0.9079,9.4909,0
1565.0,-12.0,91,72.3,189.3033,11.9,36.3,105.4,0.37,0.6,0.08,0.19,0.9614,13.8429,0
1577.0,12.0,90,77.1,189.118,17.3,41.5,108.6,0.42,0.74,0.1,0.18,0.9297,10.8637,1
1881.0,15.0,47,117.2,232.5687,55.8,34.5,559.4,0.34,0.55,0.11,0.34,0.9671,15.5613,0
1866.0,-15.0,46,115.4,249.457,26.8,56.6,481.7,0.57,0.74,0.11,0.17,0.8032,9.6462,1
2020.0,508.0,27,18.2,21.1497,31.6,10.3,0.0,0.41,0.78,0.0,0.15,0.9604,15.0567,1
1512.0,-508.0,26,75.0,217.6243,28.4,99.6,0.0,0.42,0.77,0.08,0.15,0.895,12.823,0
1686.0,-1.0,32,69.6,180.483,24.7,90.0,0.0,0.41,0.69,0.06,0.22,0.9623,14.3647,0
1687.0,1.0,32,16.5,26.0471,30.4,11.0,0.0,0.53,0.84,0.0,0.09,0.9599,14.7653,0
1609.0,12.0,37,48.8,68.8016,24.2,57.9,0.0,0.35,0.57,0.08,0.27,0.8543,12.6325,0
1597.0,-12.0,37,26.6,80.443,18.8,29.2,0.0,0.59,0.84,0.03,0.16,0.9678,15.6844,1
1738.0,-58.0,30,39.9,78.8072,25.8,47.0,0.0,0.43,0.73,0.03,0.2,0.962,15.3604,1
1796.0,58.0,29,97.3,238.7054,5.6,138.6,0.0,0.48,0.83,0.1,0.14,0.9615,13.5989,0
1673.0,-14.0,26,15.6,33.6489,10.4,18.9,0.0,0.58,0.88,0.0,0.04,0.9654,15.1808,1
1687.0,14.0,25,83.0,205.9433,9.4,124.4,0.0,0.28,0.6,0.08,0.2,0.959,15.0011,0
1990.0,-183.0,71,54.6,118.5477,22.0,72.2,48.1,0.38,0.72,0.07,0.11,0.9627,12.1256,0
2173.0,183.0,71,40.6,104.5981,11.4,59.9,30.8,0.41,0.79,0.06,0.07,0.9245,13.0891,1
1846.0,-24.0,28,23.6,38.5971,11.3,30.4,0.0,0.46,0.75,0.0,0.14,0.9599,15.5196,0
1870.0,24.0,27,88.3,221.0772,17.8,123.5,0.0,0.3,0.7,0.11,0.15,0.907,12.3924,0
1901.0,-16.0,22,87.2,208.1521,36.5,129.4,0.0,0.27,0.55,0.05,0.27,0.965,15.2566,0
1917.0,16.0,22,17.3,24.0855,22.6,13.6,0.0,0.55,0.68,0.0,0.18,0.9615,15.7675,1
1742.0,-307.0,20,52.6,108.0548,41.4,63.8,0.0,0.45,0.7,0.05,0.2,0.9623,16.2902,1
2049.0,307.0,19,162.9,267.9629,70.2,246.3,0.0,0.32,0.68,0.21,0.26,0.9053,11.359,0
1683.0,-13.0,51,18.3,24.2595,23.4,21.0,6.3,0.51,0.73,0.0,0.16,0.9676,14.4952,1
1696.0,13.0,50,37.8,38.8006,26.1,40.3,40.8,0.28,0.68,0.0,0.28,0.9404,12.764,0
1597.0,-7.0,50,60.9,155.5923,67.8,36.0,128.8,0.38,0.58,0.06,0.18,0.9324,12.1523,0
1604.0,7.0,50,43.1,105.6345,70.7,21.5,79.5,0.5,0.74,0.04,0.14,0.9413,13.32,1
1761.0,-4.0,54,23.1,51.6709,32.6,24.5,13.2,0.52,0.81,0.02,0.13,0.9664,14.9175,1
1765.0,4.0,53,55.2,146.9796,37.0,36.4,107.0,0.26,0.6,0.04,0.19,0.9566,12.8082,0
1520.0,-136.0,27,78.1,194.1352,33.3,104.5,0.0,0.41,0.67,0.07,0.15,0.9234,12.9082,0
1656.0,136.0,27,17.3,20.2329,22.0,14.9,0.0,0.56,0.81,0.0,0.07,0.9631,15.7716,1
1849.0,-4.0,46,34.7,147.7968,10.4,49.7,0.2,0.63,0.85,0.02,0.07,0.9589,14.4576,0
1853.0,4.0,45,100.5,248.8071,20.0,111.5,166.7,0.33,0.58,0.09,0.2,0.8757,11.922,0
1233.0,21.0,34,21.7,36.1171,37.6,15.1,0.0,0.53,0.76,0.0,0.15,0.9623,14.8181,1
1212.0,-21.0,33,68.6,178.8438,26.0,84.6,0.0,0.36,0.58,0.06,0.18,0.9644,14.9994,0
1773.0,27.0,60,48.4,123.3439,36.1,51.0,50.7,0.48,0.73,0.03,0.2,0.9418,13.0184,1
1746.0,-27.0,59,44.1,131.252,40.9,57.7,25.1,0.47,0.85,0.02,0.24,0.9444,11.1829,1
1935.0,-128.0,48,70.3,163.1506,38.1,61.0,145.2,0.38,0.69,0.08,0.25,0.9497,13.18,0
2063.0,128.0,48,33.4,66.4205,36.3,40.0,8.3,0.54,0.81,0.02,0.12,0.9656,14.2548,1
1412.0,-288.0,21,42.5,67.2418,49.8,35.8,0.0,0.38,0.57,0.05,0.19,0.9592,15.4243,0
1700.0,288.0,20,89.5,225.4837,18.3,147.7,0.0,0.45,0.65,0.1,0.2,0.9643,14.338,0
1874.0,-24.0,43,56.1,170.0739,48.0,64.4,0.0,0.37,0.7,0.07,0.12,0.9682,15.2986,0
1898.0,24.0,42,95.9,236.2824,30.3,125.2,0.3,0.45,0.81,0.12,0.17,0.8299,10.4714,0
1861.0,86.0,57,31.6,132.6567,8.8,22.1,61.9,0.47,0.63,0.02,0.12,0.9493,14.857,0
1775.0,-86.0,56,69.2,192.2427,27.2,36.9,148.3,0.43,0.71,0.07,0.16,0.9,9.5088,0
1717.0,13.0,38,17.7,22.3344,13.4,19.2,0.0,0.5,0.74,0.0,0.13,0.9675,15.6366,1
1704.0,-13.0,37,73.2,170.5254,16.7,91.4,0.0,0.24,0.49,0.08,0.27,0.9677,14.9946,0
1729.0,-9.0,59,62.7,149.783,26.4,52.4,97.9,0.42,0.75,0.05,0.25,0.9454,9.7375,0
1738.0,9.0,59,57.6,171.6263,4.2,44.9,100.7,0.54,0.83,0.07,0.07,0.9046,11.0221,0
1775.0,-172.0,32,116.2,226.7497,204.7,76.0,0.0,0.31,0.5,0.09,0.31,0.9391,12.7234,0
1947.0,172.0,32,108.3,262.9837,242.1,55.9,0.0,0.56,0.72,0.12,0.06,0.9265,13.7855,1
1831.0,12.0,44,59.2,152.9584,21.3,33.1,349.8,0.32,0.64,0.07,0.2,0.9478,14.6896,0
1819.0,-12.0,44,18.9,39.1468,29.6,15.2,22.0,0.5,0.8,0.02,0.11,0.966,14.5319,1
1743.0,-26.0,36,44.6,83.435,64.0,37.1,0.0,0.58,0.78,0.06,0.19,0.964,15.5037,1
1769.0,26.0,35,75.9,184.9801,17.0,96.3,0.0,0.43,0.71,0.09,0.17,0.957,13.281,0
1811.0,-18.0,24,22.3,27.4269,15.8,27.0,0.0,0.58,0.75,0.0,0.21,0.967,15.3062,0
1829.0,18.0,23,84.6,209.6388,23.0,124.2,0.0,0.17,0.39,0.09,0.26,0.9549,14.4912,0
1785.0,29.0,26,101.3,214.2734,48.6,134.2,0.0,0.5,0.69,0.15,0.15,0.9499,13.6202,0
1756.0,-29.0,26,62.2,193.4903,25.4,81.6,0.0,0.54,0.81,0.04,0.23,0.9685,15.5141,1
1644.0,-59.0,48,28.0,57.9916,36.7,32.4,0.5,0.35,0.69,0.02,0.15,0.95,13.472,0
1703.0,59.0,47,68.6,170.0482,35.2,63.3,125.8,0.43,0.66,0.06,0.21,0.8847,11.6481,0
1985.0,-14.0,24,96.0,224.1959,68.1,116.0,0.0,0.46,0.67,0.12,0.21,0.9083,13.3471,0
1999.0,14.0,24,33.1,53.8467,55.3,19.7,0.0,0.54,0.75,0.04,0.17,0.944,14.4867,0
1627.0,-229.0,38,19.4,41.0607,28.3,16.2,0.0,0.55,0.79,0.03,0.05,0.9406,13.9169,1
1856.0,229.0,37,56.2,165.8781,32.8,63.7,0.0,0.49,0.7,0.05,0.22,0.8837,12.322,0
1340.0,80.0,22,111.7,239.5665,89.5,130.2,0.0,0.45,0.64,0.18,0.14,0.9515,14.7958,0
1260.0,-80.0,22,59.5,122.0452,82.1,43.8,0.0,0.64,0.77,0.09,0.14,0.9694,13.4952,1
1529.0,-94.0,55,63.3,153.19,57.5,50.4,93.1,0.45,0.76,0.09,0.18,0.9657,14.4661,1
1623.0,94.0,54,97.6,203.4146,26.8,79.9,175.5,0.41,0.7,0.15,0.22,0.9091,11.4669,0
1676.0,-4.0,55,18.5,36.0991,50.2,15.0,4.3,0.56,0.84,0.0,0.05,0.9639,14.7537,1
1680.0,4.0,54,38.7,76.5745,56.3,34.6,36.2,0.31,0.57,0.06,0.09,0.9387,12.3934,0
1578.0,15.0,74,81.6,213.1103,29.8,41.7,132.1,0.41,0.74,0.08,0.2,0.9636,11.2474,0
1563.0,-15.0,74,86.2,250.8321,23.0,33.1,148.0,0.45,0.66,0.08,0.14,0.9595,12.9114,1
1639.0,-34.0,48,59.9,97.5783,26.5,81.4,21.0,0.4,0.77,0.1,0.25,0.9389,11.3268,0
1673.0,34.0,48,43.0,59.6054,46.7,53.0,6.2,0.4,0.71,0.02,0.29,0.9566,14.5448,1
1356.0,-29.0,32,48.3,57.8901,32.7,55.5,0.0,0.19,0.44,0.03,0.28,0.9569,14.1789,0
1385.0,29.0,32,13.0,19.1269,12.8,13.0,0.0,0.53,0.78,0.0,0.06,0.9654,15.6579,1
1445.0,8.0,26,85.7,202.8424,25.5,123.3,0.0,0.38,0.81,0.08,0.23,0.9119,13.817,0
1437.0,-8.0,26,19.3,34.4578,39.2,8.8,0.0,0.58,0.81,0.0,0.12,0.9584,13.6928,1
1945.0,-41.0,51,65.8,127.0613,10.2,32.0,208.7,0.37,0.76,0.1,0.12,0.9659,13.9205,0
1986.0,41.0,50,58.4,133.7652,6.6,18.1,210.5,0.54,0.76,0.1,0.04,0.9688,13.7683,0
1859.0,-20.0,61,48.5,137.5506,9.0,36.7,84.3,0.39,0.7,0.05,0.13,0.8966,11.1296,0
1879.0,20.0,61,13.5,20.7032,10.8,20.9,4.5,0.43,0.87,0.0,0.05,0.9379,12.48,1
1895.0,71.0,30,63.6,180.4494,27.4,81.7,0.0,0.33,0.57,0.03,0.23,0.9601,14.6006,0
1824.0,-71.0,30,16.8,37.1689,28.0,12.0,0.0,0.63,0.83,0.0,0.07,0.9547,14.6357,1
1753.0,10.0,25,123.3,230.433,39.2,179.3,0.0,0.36,0.68,0.12,0.4,0.8828,14.1809,0
1743.0,-10.0,25,45.0,65.6315,34.0,51.2,0.0,0.6,0.76,0.04,0.24,0.9525,12.3249,1
1951.0,-39.0,47,27.0,66.2687,50.5,8.1,74.4,0.68,0.81,0.02,0.11,0.9734,16.4849,1
1990.0,39.0,46,53.0,150.5631,37.9,36.0,145.6,0.39,0.63,0.04,0.15,0.9253,14.7668,0
1805.0,12.0,48,22.3,40.4466,36.7,23.5,0.0,0.46,0.77,0.0,0.17,0.9719,14.998,1
1793.0,-12.0,47,64.0,152.9846,65.2,44.0,137.4,0.49,0.7,0.09,0.19,0.9324,11.0359,0
1561.0,56.0,50,60.2,98.5926,142.1,34.8,54.4,0.34,0.58,0.08,0.2,0.9529,12.2479,1
1505.0,-56.0,50,39.8,91.709,93.9,35.3,7.8,0.6,0.82,0.06,0.16,0.9702,14.5749,0
1669.0,-10.0,19,102.6,243.7554,12.0,203.3,0.0,0.42,0.74,0.16,0.11,0.9218,12.7145,0
1679.0,10.0,19,9.3,20.2431,14.7,4.5,0.0,0.68,0.95,0.0,0.05,0.9572,14.4059,1
1506.0,2.0,39,9.6,14.0241,18.3,6.6,0.0,0.64,0.77,0.0,0.03,0.9478,13.7129,1
1504.0,-2.0,38,53.6,164.2079,17.1,65.0,0.0,0.39,0.61,0.05,0.13,0.9371,13.0326,1
1708.0,53.0,47,117.8,183.5133,137.3,94.0,191.9,0.32,0.62,0.26,0.21,0.976,15.5201,0
1655.0,-53.0,46,112.2,181.2505,82.4,109.7,161.0,0.39,0.72,0.24,0.17,0.967,13.5821,0
1694.0,-21.0,75,67.3,141.5794,36.6,67.0,76.3,0.52,0.81,0.08,0.24,0.8928,10.7415,1
1715.0,21.0,75,52.7,139.0083,40.8,59.9,49.8,0.52,0.76,0.05,0.17,0.9476,13.4259,1
1962.0,20.0,43,70.0,177.5476,27.3,91.3,0.0,0.4,0.77,0.12,0.09,0.9597,15.2541,0
1942.0,-20.0,42,107.6,229.5137,41.7,138.2,0.0,0.4,0.67,0.14,0.14,0.9099,10.7523,1
1832.0,10.0,62,24.4,46.8094,9.1,25.2,30.2,0.5,0.89,0.03,0.13,0.9223,11.4551,1
1822.0,-10.0,62,19.7,39.6494,15.0,14.8,28.0,0.65,0.82,0.02,0.1,0.9529,13.8436,1
2020.0,508.0,54,23.1,28.5012,29.8,23.4,17.5,0.44,0.69,0.0,0.15,0.9652,14.9712,1
1512.0,-508.0,53,57.6,156.1004,26.4,49.2,95.6,0.36,0.68,0.06,0.15,0.9089,11.1895,0
1785.0,-12.0,35,68.8,171.4648,34.5,82.5,0.0,0.31,0.66,0.06,0.26,0.9085,14.3168,0
1797.0,12.0,35,18.5,47.5063,22.8,17.0,0.0,0.66,0.8,0.03,0.11,0.9676,16.0452,1
1822.0,-41.0,42,51.8,158.6706,21.8,27.5,566.0,0.45,0.74,0.05,0.14,0.9675,15.3749,1
1863.0,41.0,42,11.5,18.965,18.0,9.0,17.7,0.5,0.88,0.0,0.07,0.9653,15.664,1
1627.0,-229.0,38,64.4,169.3466,29.7,76.9,0.0,0.42,0.63,0.08,0.13,0.961,14.3827,0
1856.0,229.0,38,25.0,54.4024,31.6,23.0,0.0,0.55,0.74,0.03,0.08,0.9603,13.0087,1
1955.0,3.0,76,49.9,96.6186,12.5,47.7,62.2,0.28,0.63,0.09,0.13,0.9146,12.053,0
1952.0,-3.0,76,40.6,84.8893,10.6,28.1,58.0,0.46,0.76,0.08,0.08,0.9594,13.8515,0
1468.0,-22.0,31,54.6,178.701,35.7,63.6,0.0,0.42,0.77,0.03,0.13,0.9605,15.4477,1
1490.0,22.0,30,91.6,187.3223,85.0,94.4,0.0,0.3,0.5,0.1,0.33,0.897,11.6934,0
1379.0,-98.0,45,53.7,150.8538,6.1,36.3,253.4,0.47,0.8,0.02,0.24,0.9194,11.5649,0
1477.0,98.0,45,26.8,87.4443,10.0,16.1,105.7,0.62,0.82,0.02,0.04,0.9657,14.1214,1
1799.0,-31.0,46,80.2,209.8941,35.1,38.7,363.0,0.33,0.65,0.09,0.2,0.9378,12.7098,0
1830.0,31.0,46,48.1,162.8506,17.6,32.7,153.4,0.46,0.85,0.07,0.04,0.9656,12.5464,0
1182.0,-5.0,22,97.6,214.4767,35.2,149.7,0.0,0.41,0.59,0.09,0.32,0.9105,14.3173,0
1187.0,5.0,22,20.5,24.6475,32.8,12.0,0.0,0.68,0.86,0.0,0.23,0.9522,13.7031,1
1585.0,-106.0,58,58.2,152.9556,16.6,46.8,100.4,0.4,0.76,0.07,0.14,0.9206,11.7334,1
1691.0,106.0,58,26.9,74.2629,23.1,29.5,24.6,0.67,0.9,0.02,0.1,0.95,12.5716,1
1807.0,-43.0,39,140.5,218.9055,32.5,177.8,0.0,0.54,0.77,0.15,0.36,0.926,11.1961,0
1850.0,43.0,39,132.0,248.0426,42.8,158.8,0.0,0.38,0.64,0.15,0.18,0.9606,15.2036,0
1620.0,48.0,33,63.0,94.0621,46.5,70.2,0.0,0.42,0.7,0.12,0.18,0.885,11.2388,0
1572.0,-48.0,33,22.6,38.4359,36.0,17.5,0.0,0.52,0.85,0.0,0.18,0.9651,15.2722,1
1981.0,-26.0,60,44.9,137.8165,32.5,31.7,71.0,0.48,0.77,0.03,0.18,0.9353,12.3601,0
2007.0,26.0,59,100.9,221.4492,32.8,46.4,213.3,0.36,0.71,0.08,0.36,0.9309,11.045,0
1328.0,16.0,31,40.0,102.6169,83.7,19.1,0.0,0.61,0.84,0.06,0.1,0.9596,14.9645,1
1312.0,-16.0,30,76.4,201.1379,15.3,102.5,0.0,0.4,0.7,0.07,0.23,0.9294,13.8972,1
1620.0,48.0,58,57.7,144.4011,53.6,43.5,83.6,0.59,0.79,0.05,0.21,0.9696,13.9759,1
1572.0,-48.0,57,75.0,151.313,43.7,106.1,38.8,0.42,0.65,0.12,0.26,0.9134,11.6993,0
1888.0,8.0,44,75.7,165.2082,22.9,70.1,250.0,0.5,0.7,0.09,0.25,0.967,15.4906,0
1880.0,-8.0,43,95.6,173.7446,15.7,98.8,251.5,0.4,0.7,0.14,0.28,0.9213,11.0841,0
1825.0,-8.0,44,13.7,17.9966,13.7,15.5,0.5,0.57,0.84,0.0,0.07,0.9684,14.9859,1
1833.0,8.0,43,56.0,158.7836,18.0,74.7,0.5,0.49,0.65,0.07,0.12,0.9304,12.2194,0
1959.0,13.0,74,74.4,178.5988,30.4,79.1,83.1,0.41,0.73,0.08,0.18,0.969,13.0914,0
1946.0,-13.0,73,89.4,202.8367,73.0,83.1,99.3,0.44,0.71,0.1,0.22,0.9082,11.2745,1
1348.0,-44.0,44,59.8,209.0666,23.7,79.7,0.0,0.43,0.7,0.05,0.05,0.9671,15.4401,1
1392.0,44.0,43,100.7,253.2301,24.4,137.0,0.2,0.26,0.7,0.09,0.21,0.8413,10.685,0
1356.0,-135.0,25,72.5,203.7658,8.0,115.5,0.0,0.32,0.64,0.08,0.12,0.9608,15.0086,0
1491.0,135.0,25,5.7,10.9222,3.7,6.9,0.0,0.68,0.92,0.0,0.0,0.9149,14.0124,1
1793.0,-51.0,34,95.2,236.1037,9.1,131.1,0.0,0.26,0.65,0.09,0.26,0.9369,13.2491,0
1844.0,51.0,34,44.2,170.3849,11.9,55.8,0.0,0.62,0.88,0.03,0.09,0.9692,15.6932,1
1792.0,38.0,17,19.3,38.1244,27.5,7.6,0.0,0.71,0.94,0.0,0.12,0.9575,15.585,1
1754.0,-38.0,16,124.8,247.4878,76.8,186.4,0.0,0.19,0.5,0.19,0.19,0.9595,13.2803,0
1889.0,-18.0,32,106.3,251.4931,23.4,144.0,0.0,0.34,0.53,0.09,0.22,0.894,13.2544,0
1907.0,18.0,32,49.1,174.5337,19.8,60.6,0.0,0.44,0.78,0.03,0.06,0.9581,15.403,0
1605.0,-9.0,68,51.6,101.6536,74.5,62.1,32.2,0.49,0.76,0.09,0.13,0.9572,14.4111,1
1614.0,9.0,67,81.3,178.9248,33.0,84.5,93.3,0.36,0.55,0.09,0.21,0.8928,11.4743,0
1533.0,38.0,61,22.3,43.6457,24.1,15.3,31.4,0.51,0.77,0.02,0.08,0.9218,11.9623,0
1495.0,-38.0,60,58.9,145.9269,24.1,26.3,120.4,0.43,0.8,0.07,0.2,0.9273,10.5373,0
1750.0,-93.0,52,102.4,265.2896,35.3,64.9,252.0,0.4,0.73,0.08,0.17,0.9693,14.4626,0
1843.0,93.0,51,95.9,239.0556,91.2,60.1,188.9,0.33,0.67,0.08,0.22,0.9623,10.2151,0
1580.0,-31.0,29,54.8,184.5558,21.4,72.3,0.0,0.52,0.72,0.03,0.1,0.963,15.7411,1
1611.0,31.0,28,107.3,257.9427,27.6,145.1,0.0,0.29,0.57,0.11,0.18,0.9611,14.5701,0
1607.0,-8.0,25,104.8,199.6468,62.2,133.2,0.0,0.24,0.48,0.08,0.36,0.919,13.5917,0
1615.0,8.0,25,36.1,58.9578,54.3,25.9,0.0,0.48,0.64,0.04,0.16,0.9263,14.6731,1
1946.0,-73.0,25,74.4,196.2095,42.2,95.9,0.0,0.28,0.52,0.04,0.2,0.96,14.8823,0
2019.0,73.0,25,38.4,67.2037,22.3,47.4,0.0,0.4,0.72,0.04,0.24,0.9593,15.3259,0
1140.0,-13.0,50,50.2,113.9308,34.0,57.0,45.9,0.48,0.76,0.08,0.16,0.9294,13.4964,1
1153.0,13.0,50,22.4,39.8082,27.4,27.9,3.1,0.48,0.72,0.02,0.14,0.9723,14.5217,1
1605.0,-9.0,31,52.7,75.9944,72.1,43.5,0.0,0.23,0.58,0.06,0.29,0.9556,14.3444,0
1614.0,9.0,31,21.9,29.3114,29.4,18.8,0.0,0.55,0.71,0.0,0.16,0.9643,15.5923,0
1661.0,-40.0,26,127.7,198.045,89.5,151.6,0.0,0.38,0.58,0.19,0.38,0.9621,14.489,0
1701.0,40.0,26,37.6,64.3584,41.9,35.4,0.0,0.58,0.73,0.04,0.19,0.9527,14.6601,0
1416.0,-2.0,38,39.1,89.549,77.5,25.4,0.0,0.53,0.71,0.03,0.24,0.9649,15.4971,1
1418.0,2.0,37,62.7,116.6811,37.0,71.0,0.0,0.43,0.73,0.05,0.27,0.9307,11.2246,0
1897.0,-12.0,37,39.5,63.1082,18.1,47.4,0.0,0.51,0.73,0.03,0.24,0.9559,13.0783,0
1909.0,12.0,36,39.9,57.147,21.3,46.0,0.0,0.36,0.67,0.0,0.22,0.9393,13.2321,1
1624.0,48.0,70,27.5,72.1795,24.7,33.8,22.2,0.66,0.87,0.03,0.06,0.9545,12.2509,1
1576.0,-48.0,69,31.6,71.8423,18.4,32.2,34.9,0.36,0.71,0.03,0.16,0.9499,12.7145,1
1997.0,150.0,63,36.5,57.3107,53.9,48.9,12.8,0.49,0.68,0.03,0.22,0.9543,13.0312,0
1847.0,-150.0,62,70.8,144.3683,40.0,65.6,89.6,0.39,0.68,0.1,0.23,0.8833,11.53,0
1903.0,11.0,38,87.2,185.7126,33.5,106.4,0.0,0.58,0.74,0.16,0.03,0.9586,13.431,1
1892.0,-11.0,37,89.4,175.683,41.3,104.9,0.0,0.62,0.81,0.16,0.05,0.9487,13.7386,0
1590.0,323.0,44,28.2,45.1127,54.9,23.1,0.2,0.39,0.7,0.0,0.14,0.9254,14.3767,0
1267.0,-323.0,43,49.8,98.6492,80.3,47.3,0.0,0.44,0.6,0.07,0.19,0.8685,11.3732,1
1257.0,-60.0,61,45.7,140.5342,17.2,17.7,99.3,0.46,0.79,0.07,0.08,0.9386,11.8789,1
1317.0,60.0,61,21.1,57.7673,22.4,12.9,31.7,0.62,0.93,0.02,0.1,0.9563,12.8683,1
1925.0,176.0,44,23.3,28.3467,40.7,20.6,0.8,0.43,0.84,0.0,0.11,0.9678,15.8467,1
1749.0,-176.0,43,59.3,156.0544,31.3,40.3,265.0,0.28,0.6,0.05,0.23,0.9473,13.3049,0
1724.0,-18.0,36,30.6,53.7313,22.5,33.7,0.0,0.47,0.75,0.03,0.17,0.968,15.3731,1
1742.0,18.0,35,68.3,181.825,30.3,81.4,0.0,0.46,0.57,0.09,0.14,0.8834,14.2758,0
1751.0,-46.0,62,84.6,183.6426,27.3,48.7,159.7,0.37,0.71,0.08,0.21,0.9444,11.3913,0
1797.0,46.0,62,53.7,159.1259,19.8,26.3,102.6,0.52,0.81,0.08,0.05,0.9521,14.1327,1
1997.0,-29.0,74,64.9,136.4018,23.0,70.0,72.7,0.42,0.59,0.08,0.2,0.9746,11.4974,0
2026.0,29.0,74,45.3,81.8907,19.3,50.7,47.3,0.43,0.66,0.07,0.2,0.9727,13.2065,1
1824.0,-304.0,41,84.5,218.3316,17.9,109.5,0.0,0.44,0.61,0.1,0.15,0.9153,13.3522,0
2128.0,304.0,41,75.5,215.1898,32.9,93.3,0.0,0.39,0.78,0.05,0.27,0.9681,15.1774,1
1631.0,75.0,49,52.5,147.5267,23.9,21.1,188.9,0.39,0.55,0.04,0.18,0.9393,13.3628,1
1556.0,-75.0,49,16.2,51.539,11.4,21.5,4.4,0.53,0.76,0.02,0.0,0.9513,14.3036,1
1693.0,-32.0,26,24.6,39.9181,30.3,21.0,0.0,0.42,0.69,0.0,0.15,0.9663,16.2202,1
1725.0,32.0,25,93.8,201.3413,42.6,122.7,0.0,0.32,0.48,0.08,0.36,0.9519,14.7679,0
1468.0,-619.0,52,63.7,146.8651,51.7,52.7,100.9,0.42,0.65,0.06,0.27,0.7381,10.3593,0
2087.0,619.0,52,25.0,64.4042,43.4,28.2,5.0,0.52,0.79,0.04,0.08,0.9677,15.3348,1
1447.0,-42.0,23,89.6,224.1335,82.9,94.7,0.0,0.48,0.7,0.13,0.13,0.9556,15.7212,1
1489.0,42.0,22,141.3,247.8356,104.4,166.8,0.0,0.32,0.45,0.14,0.41,0.94,11.9251,0
1443.0,19.0,80,19.8,24.6447,19.0,24.8,16.2,0.42,0.65,0.0,0.1,0.9727,15.2094,1
1424.0,-19.0,79,41.6,117.1231,72.2,26.0,46.5,0.38,0.66,0.03,0.19,0.9401,9.8488,0
1832.0,-39.0,55,86.8,202.6368,25.9,69.5,162.1,0.44,0.75,0.07,0.25,0.91,11.3944,1
1871.0,39.0,55,60.0,192.271,13.8,60.7,84.8,0.44,0.71,0.07,0.11,0.9705,15.0324,0
1544.0,-33.0,54,40.6,144.4508,38.2,58.1,4.6,0.48,0.76,0.06,0.06,0.9656,14.4856,1
1577.0,33.0,53,71.5,147.7119,53.7,83.2,57.9,0.34,0.7,0.08,0.3,0.9217,9.7273,0
1487.0,-41.0,34,40.4,58.8002,57.5,33.3,0.0,0.35,0.65,0.0,0.32,0.8839,12.5886,1
1528.0,41.0,34,13.1,35.1578,2.8,16.9,0.0,0.76,0.91,0.0,0.06,0.9709,15.1492,1
1454.0,-48.0,30,77.1,189.3717,40.3,95.5,0.0,0.47,0.87,0.13,0.17,0.9293,14.7538,0
1502.0,48.0,30,39.4,61.113,64.7,28.6,0.0,0.43,0.6,0.03,0.2,0.9659,14.7874,0
1942.0,-104.0,51,91.6,207.9608,42.1,89.3,143.0,0.39,0.63,0.08,0.25,0.9275,13.1505,0
2046.0,104.0,51,60.9,134.6539,30.9,82.5,29.5,0.53,0.84,0.1,0.22,0.8936,12.8375,1
1616.0,-5.0,59,78.8,187.0437,16.1,83.1,105.1,0.49,0.73,0.07,0.22,0.9122,11.1806,0
1621.0,5.0,59,68.9,219.6625,12.1,54.2,116.7,0.56,0.83,0.05,0.14,0.9493,12.9,1
1997.0,9.0,52,71.3,192.5654,34.0,42.2,175.2,0.4,0.75,0.04,0.23,0.9155,11.7974,1
1988.0,-9.0,52,55.3,193.7247,26.9,21.1,153.9,0.6,0.83,0.04,0.15,0.9683,15.2409,0
1683.0,-29.0,45,69.4,174.1644,38.5,56.2,209.8,0.36,0.71,0.07,0.16,0.948,12.6567,0
1712.0,29.0,45,30.2,61.5231,30.2,36.3,0.0,0.62,0.78,0.04,0.09,0.9535,14.5769,1
1887.0,-21.0,46,14.8,17.723,21.8,13.9,7.8,0.57,0.78,0.0,0.07,0.9626,15.2098,1
1908.0,21.0,45,49.0,156.8333,15.6,33.5,176.2,0.58,0.76,0.04,0.18,0.9261,12.1279,1
1990.0,-63.0,16,15.3,29.0809,24.0,0.8,0.0,0.56,0.88,0.0,0.12,0.9491,14.4169,1
2053.0,63.0,15,113.1,256.4548,37.8,226.0,0.0,0.2,0.47,0.13,0.27,0.955,14.9188,0
1890.0,31.0,26,25.4,30.8249,52.9,8.2,0.0,0.58,0.65,0.0,0.31,0.9545,15.4226,1
1859.0,-31.0,25,79.9,197.279,54.1,94.4,0.0,0.28,0.56,0.04,0.28,0.9066,12.8701,0
1723.0,38.0,53,70.2,118.771,31.6,52.3,141.2,0.26,0.6,0.09,0.25,0.9724,14.7553,0
1685.0,-38.0,53,68.7,138.4734,33.9,51.5,127.8,0.53,0.68,0.11,0.17,0.9733,13.6101,0
1933.0,66.0,28,24.5,47.6441,40.9,15.3,0.0,0.57,0.86,0.04,0.11,0.9674,15.8637,1
1867.0,-66.0,27,96.0,206.7618,30.7,128.7,0.0,0.33,0.63,0.11,0.26,0.8217,12.6475,0
1432.0,-43.0,37,80.4,177.7263,27.4,100.1,0.0,0.35,0.51,0.08,0.24,0.962,14.4381,1
1475.0,43.0,37,31.3,79.6977,9.7,38.3,0.0,0.54,0.73,0.03,0.14,0.9594,14.0104,0
1448.0,0.0,63,32.1,45.072,39.0,34.1,26.4,0.48,0.76,0.02,0.25,0.9231,12.5674,0
1448.0,0.0,62,62.2,136.3204,49.9,41.1,94.5,0.42,0.77,0.05,0.24,0.9346,11.921,1
1541.0,-5.0,65,62.4,182.4815,72.1,35.9,90.2,0.52,0.69,0.06,0.14,0.9548,14.1746,0
1546.0,5.0,64,58.8,153.0403,56.9,63.9,53.5,0.42,0.7,0.08,0.12,0.9415,10.4404,0
1597.0,-27.0,18,89.9,229.9098,29.7,165.2,0.0,0.28,0.56,0.06,0.22,0.963,15.6685,0
1624.0,27.0,18,17.4,18.6867,26.4,8.3,0.0,0.56,0.72,0.0,0.11,0.9583,15.0918,1
1988.0,55.0,23,80.3,207.466,44.8,107.7,0.0,0.3,0.7,0.04,0.26,0.9633,14.1521,0
1933.0,-55.0,23,27.6,52.304,54.3,10.4,0.0,0.57,0.91,0.04,0.13,0.9641,15.7435,1
1515.0,101.0,24,68.0,201.7675,27.4,96.9,0.0,0.46,0.71,0.04,0.17,0.9476,14.7745,1
1414.0,-101.0,24,25.5,50.3043,18.4,29.7,0.0,0.54,0.75,0.0,0.12,0.957,14.4653,1
1110.0,-43.0,58,70.4,163.0023,68.0,78.7,58.1,0.43,0.76,0.1,0.19,0.9636,13.3315,1
1153.0,43.0,57,102.2,228.9952,20.9,113.2,124.7,0.51,0.74,0.12,0.14,0.9058,10.9012,1
1733.0,-13.0,17,100.9,236.7773,31.3,200.3,0.0,0.18,0.41,0.06,0.35,0.8908,13.045,0
1746.0,13.0,17,15.1,23.8587,21.1,8.4,0.0,0.71,0.71,0.0,0.06,0.9545,14.7436,1
1687.0,-36.0,54,19.5,35.2681,15.6,24.3,12.1,0.48,0.74,0.0,0.13,0.9683,13.1509,1
1723.0,36.0,53,22.7,39.3015,25.0,25.0,16.1,0.4,0.72,0.02,0.15,0.9564,12.9234,1
1283.0,90.0,29,53.1,185.4307,20.0,70.6,0.0,0.45,0.76,0.03,0.03,0.9607,14.1448,0
1193.0,-90.0,28,91.5,257.994,15.1,127.7,0.0,0.36,0.68,0.07,0.18,0.9601,15.2381,0
1554.0,14.0,64,19.0,33.6018,62.2,8.8,13.8,0.55,0.77,0.0,0.11,0.9714,14.5999,1
1540.0,-14.0,64,15.1,34.4765,59.7,9.9,5.2,0.55,0.89,0.0,0.08,0.9631,13.6849,1
1720.0,36.0,33,16.7,31.5052,16.9,16.7,0.0,0.61,0.85,0.0,0.09,0.9632,15.8589,1
1684.0,-36.0,32,57.8,176.3176,10.8,76.3,0.0,0.22,0.75,0.03,0.16,0.9609,14.7798,0
1752.0,-13.0,42,96.4,215.7607,75.1,76.6,500.0,0.24,0.6,0.12,0.17,0.9107,12.1915,0
1765.0,13.0,42,19.4,28.2636,41.4,14.7,0.3,0.6,0.81,0.0,0.1,0.9649,14.5625,1
1656.0,3.0,50,51.2,143.2089,32.3,21.3,159.5,0.42,0.76,0.04,0.24,0.9508,13.6606,1
1653.0,-3.0,50,33.4,140.7025,22.6,11.9,101.0,0.62,0.94,0.02,0.04,0.9372,13.2302,1
1835.0,44.0,30,63.5,181.9698,22.3,84.1,0.0,0.43,0.57,0.03,0.23,0.896,13.9838,0
1791.0,-44.0,30,6.8,9.3096,10.2,5.3,0.0,0.7,0.9,0.0,0.0,0.9668,15.018,1
1830.0,43.0,29,49.2,52.7732,20.0,64.5,0.0,0.24,0.48,0.03,0.38,0.9623,15.4947,0
1787.0,-43.0,28,72.5,187.3374,18.8,97.9,0.0,0.21,0.5,0.04,0.29,0.9624,15.9116,0
1435.0,3.0,40,68.2,199.3604,19.7,84.4,0.0,0.4,0.7,0.05,0.12,0.9357,12.1941,1
1432.0,-3.0,40,16.7,26.0278,15.3,17.7,0.0,0.47,0.75,0.0,0.12,0.9592,14.2219,0
1822.0,-41.0,51,48.9,150.8918,19.9,33.6,116.9,0.49,0.71,0.06,0.14,0.9468,12.5595,1
1863.0,41.0,51,11.7,15.2051,19.9,11.5,6.2,0.59,0.82,0.0,0.04,0.9665,14.9536,1
1494.0,-25.0,76,54.9,173.6547,46.5,33.8,74.8,0.46,0.76,0.07,0.11,0.8902,10.978,1
1519.0,25.0,76,39.9,130.1241,55.4,32.7,42.0,0.43,0.75,0.05,0.11,0.9689,12.8225,0
1953.0,12.0,63,33.0,58.107,32.0,26.4,42.0,0.41,0.78,0.05,0.16,0.9524,13.5087,0
1941.0,-12.0,62,64.9,187.9545,17.7,14.5,149.1,0.48,0.73,0.06,0.11,0.9121,12.3859,0
1924.0,-21.0,22,194.9,340.8727,45.9,319.0,0.0,0.27,0.77,0.23,0.18,0.9582,14.8563,0
1945.0,21.0,21,176.9,351.6486,13.2,299.6,0.0,0.43,0.9,0.19,0.14,0.9658,12.0417,0
1723.0,38.0,36,18.8,25.9422,32.3,13.5,0.0,0.5,0.75,0.0,0.22,0.9681,15.2644,1
1685.0,-38.0,35,61.8,168.9738,26.1,74.2,0.0,0.29,0.54,0.03,0.2,0.9359,14.2308,0
1427.0,-23.0,41,27.6,43.0384,35.9,25.7,0.0,0.56,0.73,0.0,0.15,0.9616,14.5731,1
1450.0,23.0,40,44.1,70.0202,83.2,33.9,0.0,0.45,0.75,0.03,0.23,0.8563,10.1727,0
1797.0,5.0,54,31.8,135.611,7.3,18.7,77.6,0.67,0.87,0.02,0.06,0.9632,15.3166,1
1792.0,-5.0,53,41.0,141.4715,13.4,31.6,78.9,0.49,0.81,0.04,0.09,0.8894,11.9192,0
1727.0,-25.0,31,54.7,95.2769,12.4,74.9,0.0,0.35,0.55,0.06,0.23,0.9634,15.696,0
1752.0,25.0,30,95.7,256.4447,15.2,130.1,0.0,0.47,0.8,0.1,0.07,0.96,14.7027,1
1480.0,-49.0,50,46.1,149.7311,15.5,71.5,0.2,0.48,0.72,0.06,0.12,0.9149,11.5416,0
1529.0,49.0,50,27.9,140.9541,14.0,42.1,0.5,0.58,0.86,0.02,0.04,0.973,14.9974,1
1842.0,59.0,50,73.6,197.1877,35.8,42.2,205.4,0.46,0.7,0.08,0.16,0.915,10.3834,0
1783.0,-59.0,50,33.9,141.0591,21.1,16.5,91.9,0.54,0.82,0.02,0.1,0.9547,14.9454,1
1513.0,8.0,44,27.7,62.8586,13.2,36.2,0.0,0.5,0.75,0.02,0.14,0.854,12.2504,0
1505.0,-8.0,43,30.5,54.0367,20.7,37.6,0.0,0.47,0.74,0.05,0.12,0.9687,14.384,1
1707.0,-39.0,31,24.8,53.2293,31.0,21.9,0.0,0.58,0.77,0.03,0.1,0.9645,15.7607,1
1746.0,39.0,30,71.2,180.7996,51.3,79.7,0.0,0.3,0.57,0.03,0.23,0.9644,14.4449,0
1615.0,-20.0,27,57.4,190.4125,22.3,78.0,0.0,0.48,0.7,0.04,0.15,0.9591,14.8564,1
1635.0,20.0,27,18.4,24.1826,20.6,17.4,0.0,0.3,0.78,0.0,0.11,0.9557,14.8564,0
1889.0,-48.0,29,80.1,188.6698,15.8,113.9,0.0,0.31,0.52,0.07,0.28,0.96,15.0664,0
1937.0,48.0,29,24.4,35.7615,20.4,26.1,0.0,0.38,0.62,0.0,0.14,0.9611,15.1151,1
1925.0,8.0,41,69.3,170.3296,52.6,77.1,1.0,0.46,0.59,0.07,0.2,0.9484,11.9429,1
1917.0,-8.0,41,22.4,52.5014,34.2,20.4,0.0,0.56,0.85,0.05,0.05,0.9156,12.4742,0
1807.0,14.0,65,48.7,93.2081,47.3,36.0,64.5,0.35,0.75,0.08,0.2,0.9624,13.3737,0
1793.0,-14.0,64,50.7,87.7137,59.0,48.3,50.5,0.45,0.73,0.05,0.23,0.9232,10.7055,1
2006.0,19.0,62,61.4,134.8788,24.3,76.7,57.3,0.42,0.73,0.02,0.31,0.9394,11.7761,0
1987.0,-19.0,62,27.4,54.8516,33.4,38.4,10.6,0.48,0.76,0.02,0.18,0.9622,14.4917,0
1829.0,27.0,37,85.4,178.8183,40.6,102.0,0.0,0.35,0.65,0.11,0.32,0.9393,14.0525,0
1802.0,-27.0,37,55.1,100.525,37.2,60.9,0.0,0.46,0.68,0.05,0.27,0.937,14.1667,1
1857.0,-69.0,44,76.2,165.0545,11.2,74.5,252.0,0.45,0.73,0.05,0.34,0.9401,12.9709,1
1926.0,69.0,44,35.0,63.1171,10.7,41.7,38.4,0.5,0.82,0.07,0.09,0.966,14.7667,1
1783.0,68.0,41,67.0,160.7343,61.2,71.1,0.0,0.24,0.63,0.07,0.27,0.945,13.9232,0
1715.0,-68.0,41,26.7,49.5543,76.3,13.5,0.0,0.54,0.78,0.02,0.12,0.96,14.8388,1
1819.0,-13.0,52,12.1,24.0865,20.6,11.7,6.2,0.62,0.88,0.0,0.08,0.9383,13.4928,1
1832.0,13.0,51,52.4,142.1127,15.4,32.8,129.2,0.25,0.65,0.02,0.2,0.9383,11.9792,0
1696.0,-29.0,35,31.9,47.7432,34.1,31.1,0.0,0.4,0.71,0.0,0.2,0.9645,15.1355,1
1725.0,29.0,34,77.7,172.7632,44.7,89.6,0.0,0.32,0.59,0.06,0.29,0.9614,13.3415,0
1371.0,24.0,18,60.6,155.31,22.8,107.9,0.0,0.39,0.67,0.06,0.22,0.9559,15.3369,0
1347.0,-24.0,17,135.5,276.8714,26.1,258.5,0.0,0.41,0.59,0.18,0.12,0.9424,14.0403,0
1608.0,-33.0,30,103.6,195.2817,16.4,147.2,0.0,0.33,0.57,0.17,0.07,0.9493,15.0346,0
1641.0,33.0,29,99.5,183.7569,72.0,111.9,0.0,0.52,0.83,0.17,0.07,0.953,11.0196,0
1933.0,24.0,53,31.4,88.0353,29.4,40.4,12.2,0.58,0.85,0.04,0.09,0.9587,14.4684,1
1909.0,-24.0,52,89.4,226.3916,44.1,63.2,181.4,0.37,0.58,0.1,0.15,0.9254,11.0758,0
1665.0,-65.0,72,38.3,107.0134,7.7,39.5,46.7,0.39,0.68,0.03,0.17,0.9047,11.626,1
1730.0,65.0,72,36.4,129.826,8.0,27.0,52.6,0.46,0.78,0.04,0.06,0.9651,14.1916,0
1370.0,31.0,32,59.4,174.9125,48.7,64.3,0.0,0.38,0.69,0.03,0.22,0.963,15.3579,0
1339.0,-31.0,31,131.3,248.8943,46.2,166.1,0.0,0.23,0.58,0.16,0.23,0.9486,12.8573,0
1713.0,323.0,34,97.0,175.1918,72.5,107.2,0.0,0.26,0.53,0.12,0.35,0.9382,14.5118,0
1390.0,-323.0,34,47.1,65.1005,62.9,41.5,0.0,0.38,0.79,0.03,0.32,0.9586,15.3109,0
1334.0,-88.0,30,90.7,187.6194,30.1,121.0,0.0,0.4,0.63,0.1,0.33,0.9045,13.7273,0
1422.0,88.0,30,14.5,18.9022,9.7,16.6,0.0,0.5,0.93,0.0,0.07,0.9557,14.9636,1
1651.0,11.0,31,94.0,197.9514,35.9,121.6,0.0,0.32,0.58,0.1,0.29,0.9644,14.5734,0
1640.0,-11.0,31,39.6,59.5851,36.1,41.0,0.0,0.35,0.71,0.03,0.19,0.9606,15.0342,0
1763.0,-18.0,28,51.5,187.4769,20.9,68.4,0.0,0.61,0.86,0.04,0.07,0.9551,15.023,1
1781.0,18.0,27,76.5,196.027,22.6,103.5,0.0,0.41,0.67,0.07,0.26,0.9267,11.5738,0
1997.0,36.0,25,119.9,155.4652,73.1,151.1,0.0,0.52,0.64,0.24,0.24,0.8125,9.9328,0
1961.0,-36.0,25,121.4,174.7069,64.0,153.8,0.0,0.36,0.56,0.24,0.12,0.9646,15.2229,1
1844.0,-21.0,62,80.0,204.4945,22.1,18.5,190.2,0.45,0.76,0.1,0.11,0.9318,12.1215,1
1865.0,21.0,62,45.5,135.3394,27.2,32.2,69.9,0.42,0.77,0.05,0.1,0.9616,13.673,1
1644.0,-12.0,49,43.0,145.0877,44.4,19.6,119.4,0.33,0.67,0.04,0.08,0.931,12.4651,0
1656.0,12.0,49,10.6,22.1433,31.9,6.6,3.5,0.57,0.86,0.0,0.06,0.963,14.5556,1
1834.0,19.0,24,46.3,113.2699,30.8,57.4,0.0,0.58,0.88,0.04,0.21,0.9634,15.975,1
1815.0,-19.0,23,115.5,238.4512,45.1,160.7,0.0,0.39,0.78,0.13,0.35,0.8303,12.0798,0
1532.0,-13.0,43,22.3,74.0262,55.1,13.6,0.0,0.65,0.86,0.02,0.05,0.9595,13.7413,1
1545.0,13.0,42,64.4,167.4384,27.0,48.7,333.7,0.36,0.6,0.07,0.14,0.9567,13.2098,0
1516.0,-5.0,57,97.6,165.3631,87.8,38.7,207.4,0.33,0.68,0.16,0.18,0.9684,15.31,0
1521.0,5.0,57,102.1,173.2028,63.7,55.9,198.2,0.39,0.7,0.14,0.26,0.9548,10.9048,0
1739.0,-14.0,82,67.1,187.9433,15.1,48.8,92.5,0.46,0.73,0.04,0.26,0.955,12.8142,0
1753.0,14.0,81,51.5,160.0306,13.2,34.1,72.2,0.51,0.84,0.04,0.17,0.9274,11.4187,0
1837.0,6.0,62,31.8,95.0159,16.4,34.7,34.7,0.39,0.65,0.03,0.1,0.9527,14.3402,0
1831.0,-6.0,61,67.0,154.1573,69.6,24.9,123.4,0.46,0.74,0.05,0.25,0.9545,10.1536,0
1730.0,5.0,58,129.9,300.9312,30.0,40.6,334.1,0.26,0.52,0.1,0.19,0.9743,14.9816,0
1725.0,-5.0,58,141.4,303.3519,21.4,60.7,325.7,0.36,0.67,0.14,0.16,0.8955,10.8984,0
1773.0,30.0,81,10.4,19.9111,23.7,17.2,2.2,0.38,0.75,0.0,0.06,0.9734,12.4161,1
1743.0,-30.0,80,12.7,59.3888,16.3,26.9,1.5,0.49,0.76,0.01,0.0,0.978,12.7888,1
1735.0,-46.0,58,34.2,50.8876,37.8,30.0,39.3,0.36,0.55,0.03,0.14,0.8546,11.8233,0
1781.0,46.0,58,13.4,20.0742,26.9,12.5,8.3,0.48,0.84,0.0,0.03,0.9616,14.6436,1
1497.0,20.0,37,43.1,59.1269,33.7,46.6,0.0,0.41,0.76,0.03,0.22,0.9124,11.1994,0
1477.0,-20.0,37,10.9,19.2125,23.0,7.0,0.0,0.68,0.89,0.0,0.03,0.9644,16.2072,1
1529.0,-16.0,34,15.7,27.4594,30.2,9.7,0.0,0.65,0.88,0.0,0.12,0.9596,14.5696,1
1545.0,16.0,33,70.2,191.452,27.9,86.1,0.0,0.48,0.73,0.09,0.12,0.8995,12.8969,0
1958.0,-38.0,62,23.2,32.117,14.3,25.7,23.9,0.45,0.69,0.02,0.1,0.9784,13.4167,0
1996.0,38.0,62,18.0,23.2143,13.6,22.5,13.8,0.47,0.77,0.0,0.06,0.9557,12.6275,0
1594.0,-451.0,45,38.5,64.9415,39.4,28.3,97.6,0.56,0.73,0.04,0.18,0.9763,13.2602,1
2045.0,451.0,45,39.0,58.153,49.0,24.3,97.7,0.44,0.62,0.02,0.24,0.9658,13.749,0
1147.0,-6.0,16,139.7,254.0062,79.8,239.5,0.0,0.44,0.56,0.19,0.31,0.9499,14.6927,1
1153.0,6.0,16,60.3,85.3719,70.4,47.3,0.0,0.31,0.62,0.12,0.19,0.9608,15.4225,1
1236.0,-3.0,38,100.8,268.8166,27.1,127.1,0.0,0.47,0.55,0.08,0.16,0.9597,15.7426,1
1239.0,3.0,37,72.3,179.346,94.4,65.2,0.0,0.41,0.65,0.05,0.3,0.9173,11.1079,1
1769.0,-208.0,22,95.9,209.9873,29.1,151.6,0.0,0.32,0.73,0.09,0.23,0.9658,15.4384,0
1977.0,208.0,22,29.9,92.2503,9.3,44.1,0.0,0.64,0.86,0.05,0.05,0.9207,14.6687,0
1465.0,-85.0,38,25.1,28.8828,22.3,26.0,0.0,0.5,0.68,0.0,0.21,0.9664,15.6272,1
1550.0,85.0,37,66.4,169.1517,41.0,74.5,0.0,0.38,0.59,0.05,0.24,0.96,13.0876,1
1759.0,-303.0,37,12.6,22.6269,20.6,9.6,0.0,0.73,0.92,0.0,0.08,0.9686,15.8118,1
2062.0,303.0,36,53.4,164.9062,13.7,66.6,0.0,0.28,0.81,0.03,0.14,0.9405,14.5723,1
1595.0,2.0,43,64.0,115.5974,29.6,48.5,333.7,0.4,0.67,0.07,0.26,0.8983,12.5009,1
1593.0,-2.0,43,62.9,120.5643,22.2,33.7,373.2,0.33,0.58,0.09,0.19,0.9566,14.8957,0
1410.0,-38.0,69,30.5,71.6354,27.5,54.1,7.1,0.41,0.68,0.04,0.1,0.947,13.6653,0
1448.0,38.0,69,28.0,66.2711,24.4,51.5,5.5,0.32,0.64,0.03,0.12,0.9416,11.31,1
1786.0,4.0,35,10.0,15.9014,17.1,7.1,0.0,0.63,0.86,0.0,0.06,0.9615,15.9002,1
1782.0,-4.0,34,68.0,176.9787,18.1,86.0,0.0,0.38,0.53,0.06,0.24,0.968,14.1461,0
1940.0,-45.0,55,15.6,33.1972,13.0,22.1,4.5,0.58,0.76,0.02,0.05,0.9495,13.2411,0
1985.0,45.0,54,50.6,144.489,7.6,43.9,89.7,0.41,0.7,0.07,0.13,0.8862,11.509,0
1561.0,53.0,44,11.4,17.3652,14.2,12.0,0.2,0.55,0.8,0.0,0.05,0.9719,14.8171,1
1508.0,-53.0,43,39.5,61.7959,11.1,53.2,0.8,0.35,0.79,0.02,0.26,0.9121,12.7101,0
1379.0,-98.0,48,47.5,100.2805,6.5,73.5,1.2,0.52,0.71,0.1,0.06,0.962,14.064,0
1477.0,98.0,47,92.6,228.9619,12.1,108.1,125.2,0.51,0.79,0.15,0.06,0.9597,12.246,1
1803.0,8.0,61,109.9,234.4677,14.1,74.0,206.9,0.49,0.79,0.15,0.18,0.9494,9.7448,0
1795.0,-8.0,61,102.9,251.563,13.7,66.4,189.3,0.38,0.74,0.13,0.13,0.9552,14.0638,0
1908.0,-16.0,52,55.0,143.8299,22.6,37.8,125.0,0.38,0.6,0.06,0.21,0.9222,13.6722,0
1924.0,16.0,52,24.7,60.4717,14.9,33.9,10.0,0.6,0.85,0.02,0.08,0.9702,15.49,1
1682.0,-35.0,69,31.8,59.9913,36.1,42.4,19.3,0.55,0.78,0.01,0.19,0.942,13.2089,1
1717.0,35.0,68,101.4,238.6021,60.4,30.7,187.2,0.31,0.69,0.1,0.19,0.9357,11.3314,0
1928.0,0.0,41,21.2,35.1078,15.8,23.7,0.0,0.41,0.68,0.0,0.07,0.9653,15.1674,1
1928.0,0.0,40,77.8,217.3137,17.6,98.5,0.0,0.25,0.6,0.05,0.17,0.9462,12.5062,0
1349.0,-58.0,49,101.7,229.3266,9.3,70.7,307.8,0.51,0.78,0.12,0.08,0.9753,14.4868,1
1407.0,58.0,49,109.2,231.0026,19.2,82.6,269.7,0.45,0.65,0.12,0.16,0.8014,11.1128,0
1515.0,-5.0,40,27.2,47.8684,36.0,24.2,0.0,0.38,0.7,0.0,0.15,0.9687,14.7571,1
1520.0,5.0,40,24.8,62.2414,43.1,20.1,0.0,0.57,0.85,0.03,0.1,0.8486,11.1632,0
1927.0,39.0,55,22.6,35.9993,25.9,24.9,15.9,0.45,0.76,0.02,0.15,0.9697,15.1175,1
1888.0,-39.0,54,62.8,147.3427,24.3,47.3,116.9,0.3,0.69,0.04,0.24,0.9144,13.3136,0
1642.0,16.0,29,108.5,191.4965,72.3,127.5,0.0,0.41,0.52,0.14,0.31,0.9605,15.4972,0
1626.0,-16.0,29,40.0,76.3156,77.8,23.0,0.0,0.55,0.76,0.03,0.17,0.9699,13.9575,1
1680.0,-15.0,57,95.6,230.0032,27.6,127.0,80.1,0.4,0.74,0.09,0.23,0.9436,11.6611,0
1695.0,15.0,57,57.6,184.6142,31.1,53.4,77.8,0.46,0.74,0.04,0.18,0.9652,15.2927,1
1311.0,-189.0,67,65.0,170.4051,62.9,28.7,106.2,0.43,0.73,0.03,0.21,0.9173,10.5193,0
1500.0,189.0,67,19.6,27.7397,37.8,16.3,17.2,0.51,0.87,0.0,0.16,0.9754,14.3534,1
1843.0,-27.0,46,53.0,150.1717,13.9,43.0,168.2,0.41,0.67,0.02,0.22,0.9055,13.622,0
1870.0,27.0,46,22.0,45.1518,11.2,29.0,5.9,0.59,0.85,0.02,0.07,0.9223,13.5022,1
1671.0,-208.0,50,79.3,196.6431,39.7,33.3,257.1,0.42,0.7,0.04,0.28,0.9107,11.2423,0
1879.0,208.0,50,12.7,29.983,50.3,5.1,2.7,0.6,0.88,0.0,0.06,0.9257,13.0972,1
1951.0,45.0,63,54.6,92.6586,37.3,46.1,73.3,0.38,0.73,0.03,0.32,0.9635,13.1801,0
1906.0,-45.0,62,51.5,90.6701,53.4,56.4,44.5,0.39,0.63,0.08,0.19,0.9329,11.1414,0
1677.0,-29.0,75,45.1,122.2832,19.7,32.5,63.0,0.57,0.8,0.03,0.2,0.9242,12.54,1
1706.0,29.0,75,35.6,121.5563,31.4,15.8,53.1,0.51,0.87,0.03,0.11,0.9572,13.0294,1
1967.0,-346.0,41,89.3,186.0251,31.6,78.1,1000.0,0.41,0.73,0.12,0.2,0.9306,11.0512,0
2313.0,346.0,41,57.4,162.0344,17.2,39.9,500.0,0.37,0.73,0.07,0.12,0.9103,14.4086,1
1584.0,-41.0,42,25.4,50.4116,16.9,30.0,0.0,0.57,0.79,0.02,0.14,0.9696,15.2175,1
1625.0,41.0,41,63.5,161.4695,17.1,81.6,1.0,0.37,0.63,0.05,0.2,0.9158,14.3481,0
1955.0,38.0,28,47.7,187.412,16.5,65.1,0.0,0.54,0.82,0.04,0.04,0.8892,14.0005,1
1917.0,-38.0,28,31.0,53.453,18.8,36.8,0.0,0.46,0.68,0.04,0.14,0.968,15.2508,1
1456.0,19.0,23,31.9,52.5974,40.2,25.5,0.0,0.43,0.61,0.04,0.09,0.9638,15.769,1
1437.0,-19.0,22,85.1,216.8506,28.4,124.3,0.0,0.27,0.59,0.14,0.09,0.9023,13.3888,0
1396.0,-60.0,57,58.3,91.8792,44.1,67.0,51.2,0.33,0.68,0.09,0.21,0.9693,12.6499,1
1456.0,60.0,57,41.0,86.9879,44.6,48.2,27.4,0.53,0.82,0.05,0.12,0.9504,14.7603,1
1556.0,-18.0,22,23.8,35.571,20.3,26.8,0.0,0.55,0.77,0.0,0.23,0.9595,15.2699,1
1574.0,18.0,21,117.5,226.3731,36.6,178.2,0.0,0.29,0.62,0.14,0.29,0.9582,13.7511,0
1655.0,44.0,26,45.9,100.4009,28.5,56.8,0.0,0.42,0.77,0.08,0.12,0.9671,15.1999,1
1611.0,-44.0,25,82.0,199.2702,41.0,105.0,0.0,0.36,0.6,0.08,0.2,0.9267,15.106,0
1989.0,119.0,62,55.5,177.0565,30.0,22.1,112.7,0.42,0.79,0.03,0.13,0.9365,12.2476,1
1870.0,-119.0,62,25.5,127.1635,18.8,7.8,51.2,0.6,0.87,0.02,0.06,0.9549,13.3634,1
1831.0,251.0,28,15.0,33.1344,37.0,2.8,0.0,0.57,0.79,0.0,0.11,0.959,15.2349,1
1580.0,-251.0,27,80.9,204.2532,31.6,105.5,0.0,0.3,0.74,0.11,0.11,0.9693,13.9911,0
1699.0,-14.0,52,82.5,197.8734,28.6,49.2,210.7,0.35,0.65,0.06,0.23,0.9223,11.2016,1
1713.0,14.0,52,74.9,204.7556,34.3,47.9,165.4,0.44,0.87,0.1,0.08,0.9725,15.0579,0
1638.0,14.0,39,59.0,161.1072,31.4,68.5,0.0,0.51,0.77,0.03,0.31,0.8815,12.4767,1
1624.0,-14.0,39,15.4,27.5163,23.9,12.9,0.0,0.59,0.85,0.0,0.13,0.9552,14.0143,1
1842.0,27.0,33,27.8,45.1371,67.6,10.5,0.0,0.52,0.76,0.0,0.18,0.9563,15.0513,1
1815.0,-27.0,32,71.8,175.9258,39.8,84.3,0.0,0.31,0.59,0.06,0.31,0.9593,15.0594,0
1786.0,10.0,32,64.7,173.3785,21.1,84.5,0.0,0.25,0.56,0.03,0.19,0.9623,15.4523,0
1776.0,-10.0,32,19.4,28.8588,10.2,23.0,0.0,0.5,0.75,0.0,0.12,0.9656,15.4983,1
1945.0,51.0,25,15.4,32.477,36.7,1.3,0.0,0.56,0.8,0.0,0.12,0.9551,15.1186,1
1894.0,-51.0,24,61.8,202.3994,17.6,88.3,0.0,0.33,0.67,0.04,0.12,0.9473,14.5769,0
1860.0,-53.0,27,76.8,213.6921,24.6,107.5,0.0,0.33,0.63,0.07,0.11,0.9272,14.0032,0
1913.0,53.0,27,46.1,69.153,38.3,50.1,0.0,0.37,0.78,0.04,0.33,0.9191,13.3946,0
1985.0,1.0,42,52.0,84.8655,29.7,46.4,247.0,0.48,0.69,0.05,0.21,0.9622,12.7204,0
1984.0,-1.0,41,45.9,100.8572,20.9,40.5,240.5,0.59,0.73,0.07,0.12,0.9391,12.7938,1
1208.0,-49.0,28,72.5,187.657,19.4,102.0,0.0,0.39,0.54,0.04,0.25,0.9568,15.2809,0
1257.0,49.0,28,41.4,50.8713,42.1,41.1,0.0,0.5,0.61,0.0,0.25,0.9568,15.0221,0
1615.0,-5.0,41,12.2,19.7293,22.9,9.0,0.0,0.61,0.9,0.0,0.05,0.9623,15.3831,1
1620.0,5.0,40,60.1,158.9333,17.0,41.7,1000.0,0.23,0.62,0.05,0.23,0.9589,13.3297,0
2177.0,265.0,74,47.1,132.6646,20.2,61.2,42.5,0.36,0.61,0.04,0.23,0.9683,14.3957,0
1912.0,-265.0,73,80.5,209.6801,66.8,57.1,104.8,0.36,0.7,0.07,0.23,0.9092,10.0846,1
1420.0,10.0,18,67.6,180.6776,20.0,127.0,0.0,0.28,0.67,0.06,0.17,0.954,13.6657,0
1410.0,-10.0,18,7.7,15.4874,5.6,9.9,0.0,0.78,0.94,0.0,0.06,0.9587,15.679,1
1782.0,41.0,35,34.6,71.3229,21.4,39.8,0.0,0.43,0.77,0.03,0.17,0.9632,15.5446,0
1741.0,-41.0,34,84.1,206.3796,22.3,106.3,0.0,0.24,0.71,0.09,0.15,0.9329,14.8056,0
1155.0,-28.0,38,121.6,268.2955,50.3,147.0,0.0,0.5,0.66,0.13,0.24,0.8858,11.226,0
1183.0,28.0,38,100.5,269.1939,22.4,124.8,0.0,0.39,0.76,0.08,0.16,0.9425,13.9411,0
1445.0,77.0,55,45.5,83.6985,108.6,29.5,35.6,0.42,0.71,0.05,0.18,0.9541,13.7026,1
1368.0,-77.0,54,58.8,106.2749,107.6,45.1,56.9,0.39,0.72,0.07,0.22,0.9255,11.0733,1
1579.0,85.0,32,76.2,185.8175,82.6,73.3,0.0,0.38,0.5,0.06,0.25,0.9552,14.5521,0
1494.0,-85.0,32,24.5,47.9038,14.3,28.4,0.0,0.41,0.69,0.03,0.09,0.9576,15.1674,1
1886.0,74.0,56,28.7,42.8521,26.2,35.9,16.6,0.34,0.66,0.02,0.14,0.962,13.8532,0
1812.0,-74.0,55,51.9,143.8881,11.1,40.1,96.8,0.35,0.71,0.05,0.11,0.9642,12.9316,1
1651.0,65.0,35,70.5,171.4215,18.3,91.4,0.0,0.31,0.63,0.09,0.23,0.9602,14.4339,0
1586.0,-65.0,35,17.2,24.3493,28.4,13.3,0.0,0.51,0.83,0.0,0.09,0.9368,13.9836,1
1717.0,-8.0,55,39.4,140.112,31.7,17.3,88.8,0.44,0.8,0.04,0.09,0.9566,13.8877,1
1725.0,8.0,54,58.5,156.095,17.2,47.7,105.0,0.43,0.72,0.06,0.15,0.8878,12.3462,1
1988.0,100.0,29,83.3,196.065,31.3,110.6,0.0,0.52,0.83,0.1,0.07,0.9608,15.4405,1
1888.0,-100.0,28,155.1,281.0708,20.7,218.7,0.0,0.57,0.75,0.21,0.14,0.9501,11.1135,0
1629.0,77.0,50,36.0,141.3392,21.1,15.5,112.1,0.46,0.8,0.02,0.06,0.9492,13.702,0
1552.0,-77.0,49,58.6,156.1456,28.1,36.4,152.7,0.18,0.59,0.06,0.14,0.9546,11.7095,0
1292.0,19.0,39,15.9,20.8253,24.9,12.8,0.0,0.49,0.87,0.0,0.05,0.9395,15.157,1
1273.0,-19.0,38,53.9,162.4617,21.3,64.0,0.0,0.34,0.66,0.03,0.24,0.9028,13.2956,0
1374.0,-126.0,30,218.5,332.5703,71.4,292.0,0.0,0.37,0.77,0.27,0.27,0.8369,11.0088,0
1500.0,126.0,29,200.6,353.5164,95.8,247.8,0.0,0.48,0.66,0.24,0.1,0.9615,15.2947,0
1994.0,-56.0,34,139.5,301.7203,30.5,184.9,0.0,0.38,0.56,0.15,0.06,0.9662,14.953,1
2050.0,56.0,34,144.7,274.793,21.7,189.0,0.0,0.44,0.59,0.18,0.15,0.9714,12.2845,0
2015.0,69.0,37,112.6,236.4924,26.4,144.5,0.0,0.43,0.76,0.19,0.14,0.8798,12.9056,0
1946.0,-69.0,37,81.5,181.4062,29.0,98.4,0.0,0.3,0.7,0.14,0.19,0.9683,14.9838,0
1797.0,-12.0,35,19.7,32.3606,19.3,19.9,0.0,0.66,0.83,0.0,0.09,0.9709,15.5058,1
1809.0,12.0,34,60.4,174.9393,22.3,74.1,0.0,0.5,0.74,0.06,0.09,0.9404,13.8909,1
1831.0,-1.0,34,17.1,43.7131,18.8,16.4,0.0,0.56,0.76,0.03,0.06,0.9508,14.5144,1
1832.0,1.0,33,19.9,51.8278,12.1,22.9,0.0,0.55,0.82,0.03,0.03,0.7976,11.6726,0
1564.0,-98.0,48,17.4,36.0195,50.7,11.0,0.0,0.54,0.79,0.0,0.1,0.9615,14.4473,1
1662.0,98.0,47,42.1,107.3195,33.3,50.7,19.6,0.45,0.85,0.04,0.09,0.857,10.3117,0
1649.0,9.0,25,80.5,197.0076,26.9,116.3,0.0,0.24,0.48,0.04,0.32,0.9639,14.8228,0
1640.0,-9.0,25,10.3,22.4309,7.7,11.8,0.0,0.64,0.96,0.0,0.12,0.9201,15.0364,1
1986.0,91.0,28,85.8,187.6889,59.1,100.7,0.0,0.43,0.64,0.04,0.39,0.9349,15.4317,1
1895.0,-91.0,28,26.4,38.0703,57.7,11.5,0.0,0.57,0.82,0.0,0.18,0.9595,15.152,1
1995.0,53.0,48,40.9,76.1417,70.6,33.4,31.6,0.5,0.79,0.04,0.19,0.9644,14.9556,1
1942.0,-53.0,47,92.3,173.8838,81.4,79.8,151.2,0.36,0.66,0.09,0.32,0.8773,13.3819,0
1955.0,129.0,37,26.4,36.2923,43.2,20.1,0.0,0.54,0.84,0.0,0.19,0.9515,13.1717,1
1826.0,-129.0,36,73.5,168.7848,26.8,89.1,0.0,0.28,0.53,0.06,0.28,0.9498,13.7083,0
1944.0,1.0,32,101.5,245.0081,75.6,113.2,0.0,0.56,0.69,0.16,0.12,0.9624,15.2097,1
1943.0,-1.0,31,110.8,202.5545,71.7,126.8,0.0,0.29,0.58,0.16,0.23,0.9263,12.1499,0
1916.0,16.0,30,144.5,326.4569,10.7,211.3,0.0,0.6,0.73,0.13,0.1,0.9664,15.8469,1
1900.0,-16.0,30,103.6,253.8404,13.6,142.2,0.0,0.43,0.77,0.13,0.13,0.8949,12.3667,0
1375.0,-157.0,67,61.9,140.215,44.1,70.3,59.1,0.36,0.66,0.06,0.31,0.965,14.1085,0
1532.0,157.0,66,80.7,148.2209,41.1,83.2,91.0,0.32,0.73,0.11,0.3,0.9152,11.6619,0
1546.0,-283.0,62,56.9,177.2059,14.2,27.8,116.1,0.44,0.74,0.03,0.15,0.9526,13.8046,0
1829.0,283.0,61,73.6,187.0149,20.4,40.9,140.0,0.26,0.67,0.07,0.16,0.9662,12.4562,1
1913.0,41.0,43,66.7,155.5076,31.7,46.1,388.7,0.47,0.7,0.05,0.21,0.9509,14.7528,0
1872.0,-41.0,43,41.5,59.0941,34.0,48.0,9.2,0.33,0.63,0.02,0.26,0.9656,14.7001,0
1158.0,5.0,65,33.5,62.5088,19.4,33.4,39.2,0.35,0.82,0.03,0.12,0.9508,11.1977,1
1153.0,-5.0,65,38.1,137.6516,20.9,10.4,76.1,0.66,0.88,0.05,0.06,0.9626,14.37,1
1619.0,14.0,32,40.1,58.9559,58.2,31.8,0.0,0.41,0.72,0.03,0.22,0.9638,15.646,1
1605.0,-14.0,31,86.1,179.1411,34.8,107.0,0.0,0.23,0.58,0.1,0.29,0.964,14.7713,0
1573.0,-1.0,54,70.3,158.0801,37.3,86.5,59.1,0.3,0.59,0.06,0.26,0.8658,12.2995,0
1574.0,1.0,54,68.1,197.6063,44.0,101.5,15.5,0.41,0.72,0.06,0.19,0.9537,13.517,1
1799.0,-24.0,33,70.8,181.7397,19.2,93.2,0.0,0.55,0.61,0.06,0.24,0.9452,11.8646,0
1823.0,24.0,33,15.0,34.4796,18.6,13.7,0.0,0.67,0.91,0.0,0.06,0.9676,15.0541,1
1364.0,41.0,55,52.8,162.7832,53.2,43.0,72.1,0.69,0.85,0.05,0.07,0.9554,13.7352,1
1323.0,-41.0,54,65.3,169.4665,18.3,49.5,124.9,0.44,0.65,0.06,0.15,0.9013,11.6666,0
2018.0,48.0,43,68.6,171.9701,19.2,91.9,0.3,0.33,0.67,0.07,0.21,0.9254,12.3609,0
1970.0,-48.0,43,22.6,58.023,28.6,23.9,0.0,0.7,0.81,0.05,0.05,0.9638,15.121,1
1967.0,-374.0,52,14.5,19.5834,22.7,10.7,17.3,0.56,0.81,0.0,0.08,0.9562,14.4207,1
2341.0,374.0,51,42.3,139.5321,12.8,25.6,106.3,0.37,0.71,0.02,0.16,0.9258,11.8685,0
1609.0,-57.0,21,11.8,21.6301,16.9,7.2,0.0,0.62,0.86,0.0,0.1,0.9555,15.498,1
1666.0,57.0,20,89.0,223.7681,8.8,154.5,0.0,0.35,0.55,0.1,0.15,0.9055,14.4041,0
1845.0,-4.0,16,33.8,43.2053,45.4,14.5,0.0,0.44,0.88,0.0,0.19,0.9602,14.5054,1
1849.0,4.0,15,95.7,252.9606,38.9,181.0,0.0,0.27,0.67,0.07,0.13,0.9446,14.5892,0
1708.0,-222.0,49,41.7,70.6518,8.3,46.0,64.6,0.59,0.8,0.06,0.18,0.9404,12.706,0
1930.0,222.0,48,45.3,87.441,16.1,33.5,114.0,0.5,0.77,0.04,0.25,0.9394,11.98,0
1717.0,-141.0,26,74.0,193.1121,25.5,104.2,0.0,0.27,0.62,0.04,0.27,0.9617,14.4653,0
1858.0,141.0,26,7.5,10.0369,7.7,7.4,0.0,0.65,0.92,0.0,0.0,0.9614,14.3789,1
2135.0,153.0,53,203.4,338.3992,27.8,67.1,653.0,0.43,0.68,0.23,0.21,0.9024,13.9343,0
1982.0,-153.0,53,228.0,395.7371,43.3,59.6,707.6,0.4,0.64,0.21,0.21,0.9744,14.1504,0
1685.0,-2.0,27,32.3,61.2202,40.2,27.6,0.0,0.59,0.7,0.04,0.11,0.9652,15.3579,1
1687.0,2.0,26,80.7,207.1291,37.8,103.4,0.0,0.38,0.65,0.08,0.15,0.9597,15.3401,1
1815.0,0.0,44,18.5,27.4849,24.4,19.0,0.0,0.57,0.82,0.0,0.14,0.9618,15.1129,1
1815.0,0.0,43,59.8,160.0345,36.1,74.9,0.0,0.44,0.65,0.07,0.19,0.8491,12.0003,0
1733.0,14.0,69,37.8,125.9676,26.4,24.7,55.2,0.48,0.77,0.04,0.13,0.9464,13.1502,0
1719.0,-14.0,68,37.8,79.1272,40.8,30.8,44.0,0.57,0.85,0.06,0.13,0.8905,9.7348,1
1841.0,-96.0,42,40.9,153.7503,17.2,51.6,0.0,0.6,0.79,0.02,0.1,0.9519,14.775,1
1937.0,96.0,41,79.4,216.8969,21.6,68.7,500.5,0.39,0.66,0.1,0.1,0.9365,12.5171,0
1804.0,-16.0,35,43.3,53.4963,20.2,52.5,0.0,0.46,0.69,0.0,0.29,0.9643,15.0248,0
1820.0,16.0,34,93.4,178.5052,46.2,110.4,0.0,0.38,0.56,0.12,0.32,0.9651,14.879,0
1492.0,-61.0,36,84.1,193.9778,100.1,78.0,0.0,0.42,0.67,0.11,0.17,0.9341,13.2697,1
1553.0,61.0,36,34.4,73.4503,108.8,9.7,0.0,0.5,0.72,0.08,0.06,0.9578,14.4818,1
1985.0,-14.0,34,49.3,97.0278,16.6,62.9,0.0,0.38,0.74,0.06,0.18,0.9377,14.9636,0
1999.0,14.0,34,19.9,63.4012,19.3,20.0,0.0,0.5,0.85,0.03,0.03,0.9732,16.1184,1
2177.0,292.0,18,16.4,15.7373,16.8,15.9,0.0,0.61,0.94,0.0,0.06,0.9621,14.9796,1
1885.0,-292.0,17,111.9,253.5409,30.4,203.5,0.0,0.41,0.65,0.12,0.29,0.9375,14.3568,1
1916.0,-7.0,32,58.5,80.5934,46.8,63.8,0.0,0.31,0.5,0.06,0.28,0.9229,12.9662,0
1923.0,7.0,32,22.5,40.1529,44.7,13.8,0.0,0.59,0.81,0.0,0.12,0.9625,15.2978,1
1572.0,45.0,34,70.3,170.0455,29.5,87.2,0.0,0.32,0.5,0.03,0.38,0.888,12.7373,0
1527.0,-45.0,34,11.2,23.2589,18.9,8.5,0.0,0.74,0.85,0.0,0.06,0.9617,15.9185,1
1393.0,23.0,26,106.1,191.0513,81.5,121.5,0.0,0.19,0.46,0.04,0.54,0.9619,15.3454,0
1370.0,-23.0,26,38.3,59.3522,54.4,29.7,0.0,0.58,0.77,0.0,0.23,0.9585,13.7653,1
1404.0,15.0,32,21.7,37.9076,46.0,10.7,0.0,0.59,0.75,0.0,0.16,0.9676,14.9402,1
1389.0,-15.0,31,72.1,177.0911,40.8,84.9,0.0,0.32,0.61,0.03,0.32,0.9363,14.5315,0
1610.0,21.0,46,118.7,229.2373,66.2,159.9,0.7,0.35,0.74,0.17,0.2,0.9058,9.4298,1
1589.0,-21.0,46,129.4,283.0577,66.9,178.4,0.1,0.35,0.61,0.13,0.24,0.9565,15.143,0
1465.0,23.0,70,25.6,55.8822,37.0,13.9,33.5,0.47,0.76,0.01,0.1,0.9607,13.0123,0
1442.0,-23.0,70,20.7,59.4913,29.0,22.4,16.5,0.51,0.83,0.03,0.07,0.9548,11.7034,1
1695.0,-28.0,22,70.9,209.7615,33.4,102.2,0.0,0.59,0.73,0.05,0.23,0.9492,14.5634,0
1723.0,28.0,22,47.3,62.0508,47.8,46.9,0.0,0.41,0.64,0.05,0.32,0.9591,14.6579,0
1831.0,-5.0,27,76.8,191.1806,41.7,97.4,0.0,0.19,0.74,0.07,0.26,0.9583,15.4761,0
1836.0,5.0,27,15.7,28.2146,33.9,6.6,0.0,0.48,0.78,0.0,0.04,0.9594,15.0386,1
1806.0,5.0,37,33.9,70.7081,8.0,43.5,0.0,0.46,0.76,0.03,0.22,0.9368,13.0978,0
1801.0,-5.0,37,16.2,24.0849,32.2,11.1,0.0,0.57,0.84,0.0,0.11,0.9578,14.362,1
1738.0,-11.0,69,64.5,206.5053,12.1,134.2,10.4,0.48,0.7,0.06,0.1,0.9752,14.7039,0
1749.0,11.0,68,73.0,208.6767,10.7,126.4,37.1,0.49,0.75,0.06,0.16,0.9573,10.5892,0
1914.0,3.0,31,13.5,17.328,17.3,11.8,0.0,0.61,0.94,0.0,0.03,0.9573,15.685,1
1911.0,-3.0,30,66.0,183.4037,47.3,74.0,0.0,0.4,0.7,0.07,0.17,0.9311,13.4582,0
1805.0,48.0,47,19.8,30.551,12.8,26.8,0.0,0.38,0.7,0.0,0.15,0.9621,15.8031,0
1757.0,-48.0,46,42.3,81.1778,18.4,53.3,25.7,0.41,0.61,0.04,0.24,0.8954,11.5032,1
1790.0,4.0,39,79.9,205.2951,30.4,97.0,0.0,0.36,0.72,0.05,0.28,0.9638,14.3869,0
1786.0,-4.0,39,31.1,71.9336,35.1,29.9,0.0,0.54,0.85,0.03,0.13,0.9617,14.6937,1
1611.0,75.0,52,36.2,82.503,69.3,38.5,2.8,0.38,0.81,0.04,0.17,0.9664,13.4829,1
1536.0,-75.0,51,106.4,245.5738,21.6,92.1,205.7,0.31,0.65,0.12,0.16,0.9316,12.1285,0
2040.0,87.0,33,27.2,65.3864,25.9,27.8,0.0,0.55,0.82,0.03,0.09,0.9625,15.5371,1
1953.0,-87.0,32,69.4,187.2356,29.7,85.0,0.0,0.41,0.56,0.06,0.22,0.9666,13.3358,0
1630.0,-97.0,46,14.0,18.289,20.2,13.4,6.5,0.5,0.76,0.0,0.07,0.9688,16.0958,1
1727.0,97.0,45,49.8,149.9836,17.1,33.8,179.0,0.31,0.71,0.02,0.2,0.9464,13.9075,0
1476.0,20.0,37,70.2,189.6577,17.3,89.9,0.0,0.32,0.57,0.08,0.11,0.9349,13.8768,0
1456.0,-20.0,37,22.0,33.98,10.9,25.5,0.0,0.43,0.68,0.0,0.14,0.9619,15.2349,0
1826.0,17.0,36,19.6,32.4314,15.6,21.1,0.0,0.42,0.75,0.0,0.08,0.9639,14.8062,1
1809.0,-17.0,35,69.0,174.2009,15.8,87.5,0.0,0.17,0.6,0.06,0.23,0.9306,13.7491,0
1902.0,28.0,59,65.3,186.4559,10.6,46.2,124.4,0.39,0.76,0.07,0.12,0.9243,11.6469,1
1874.0,-28.0,59,14.0,23.8262,6.2,18.7,10.4,0.44,0.78,0.0,0.08,0.9688,14.9321,0
2102.0,118.0,31,17.1,29.3337,24.2,13.7,0.0,0.52,0.77,0.0,0.06,0.9651,15.5482,0
1984.0,-118.0,30,73.6,184.9251,25.7,94.1,0.0,0.27,0.57,0.07,0.23,0.9247,12.8563,0
1763.0,-1.0,55,38.3,135.0698,35.5,57.8,1.1,0.36,0.64,0.02,0.16,0.9675,14.8645,0
1764.0,1.0,54,70.2,195.7896,78.1,102.8,0.3,0.44,0.69,0.06,0.17,0.8975,10.4193,1
1664.0,-12.0,23,32.9,43.6831,43.8,24.5,0.0,0.39,0.7,0.0,0.26,0.9648,14.7115,1
1676.0,12.0,22,103.8,227.9467,20.4,161.5,0.0,0.36,0.55,0.09,0.23,0.9477,14.5449,0
1632.0,-109.0,61,36.3,79.1146,44.4,27.2,45.5,0.39,0.8,0.03,0.2,0.9498,12.4979,1
1741.0,109.0,60,36.5,63.4504,35.9,42.6,27.9,0.48,0.72,0.03,0.13,0.9464,11.3031,0
1809.0,1.0,18,47.8,68.1966,52.0,42.5,0.0,0.56,0.78,0.06,0.28,0.9554,15.8288,1
1808.0,-1.0,17,110.6,243.3226,31.6,199.6,0.0,0.41,0.71,0.18,0.12,0.9529,14.7,0
1771.0,-30.0,66,119.9,255.774,17.3,67.0,220.4,0.48,0.8,0.12,0.24,0.9444,10.8788,0
1801.0,30.0,66,115.5,251.1666,76.4,27.9,225.9,0.38,0.62,0.14,0.18,0.9648,14.1491,1
1757.0,-6.0,35,22.0,54.2936,57.4,7.9,0.0,0.74,0.8,0.03,0.06,0.9561,15.6585,1
1763.0,6.0,34,77.5,182.8374,39.6,91.2,0.0,0.5,0.65,0.15,0.15,0.8714,11.6061,0
1803.0,-120.0,49,24.5,52.4604,41.2,26.3,0.0,0.63,0.84,0.02,0.1,0.8648,12.0257,1
1923.0,120.0,48,25.6,59.5567,53.2,25.0,0.0,0.6,0.79,0.04,0.1,0.939,13.7819,1
1818.0,37.0,66,79.2,237.6393,24.9,65.5,115.9,0.36,0.64,0.06,0.14,0.9564,15.7109,0
1781.0,-37.0,65,77.0,211.1152,70.1,111.8,39.2,0.34,0.75,0.06,0.17,0.8767,9.6739,1
1656.0,37.0,13,47.8,100.8416,58.8,11.0,0.0,0.62,0.85,0.08,0.15,0.9585,15.2757,1
1619.0,-37.0,12,128.6,290.7975,16.8,464.0,0.0,0.42,0.67,0.17,0.17,0.9489,14.0132,0
1429.0,-47.0,37,39.7,164.454,22.6,46.0,0.0,0.59,0.81,0.03,0.05,0.966,14.777,1
1476.0,47.0,36,85.7,230.4848,8.2,111.5,0.0,0.44,0.69,0.08,0.14,0.9047,13.0026,1
1624.0,9.0,57,45.3,104.2226,21.9,63.9,26.2,0.35,0.75,0.04,0.18,0.917,11.3544,1
1615.0,-9.0,57,45.8,165.5707,14.0,41.9,68.3,0.58,0.84,0.04,0.07,0.9451,14.2135,1
1704.0,-39.0,24,27.2,45.3415,47.6,12.7,0.0,0.54,0.83,0.0,0.12,0.9674,15.2553,1
1743.0,39.0,23,103.0,210.6014,43.1,141.4,0.0,0.17,0.61,0.09,0.35,0.9178,12.6089,0
2075.0,155.0,23,24.2,45.1512,38.1,13.5,0.0,0.35,0.78,0.0,0.09,0.9589,15.5913,0
1920.0,-155.0,22,69.2,211.9921,34.9,92.9,0.0,0.5,0.77,0.05,0.14,0.9605,15.3184,0
1385.0,97.0,33,28.3,51.2077,30.8,27.3,0.0,0.45,0.85,0.03,0.15,0.964,15.5525,0
1288.0,-97.0,32,73.5,184.8598,48.0,83.5,0.0,0.59,0.72,0.12,0.12,0.937,14.2714,1
1588.0,116.0,37,14.0,29.3707,31.9,7.3,0.0,0.57,0.78,0.0,0.05,0.9632,15.7976,1
1472.0,-116.0,36,53.4,166.6861,15.9,65.9,0.0,0.25,0.64,0.03,0.17,0.9377,14.9033,0
1725.0,-32.0,48,91.9,203.2618,93.3,81.2,130.4,0.31,0.58,0.1,0.23,0.9485,13.7451,0
1757.0,32.0,47,119.4,254.9358,79.7,96.3,250.6,0.36,0.66,0.13,0.19,0.8867,12.5624,0
1788.0,37.0,42,27.7,37.1858,31.2,28.4,0.0,0.48,0.79,0.0,0.21,0.9681,15.2974,1
1751.0,-37.0,41,72.2,171.9023,28.2,90.0,2.0,0.24,0.54,0.05,0.27,0.9418,14.4169,0
1894.0,155.0,39,55.2,163.9705,7.1,71.8,0.0,0.33,0.69,0.08,0.15,0.9384,13.228,0
1739.0,-155.0,39,5.5,12.3861,6.6,5.1,0.0,0.72,0.97,0.0,0.03,0.9627,14.6891,1
2007.0,46.0,55,30.9,78.6589,62.9,21.2,28.8,0.55,0.82,0.04,0.11,0.9493,13.0949,1
1961.0,-46.0,55,28.6,68.9696,60.8,27.9,11.7,0.6,0.85,0.05,0.07,0.9443,13.1609,1
1765.0,31.0,47,53.1,146.6846,19.8,38.9,161.1,0.32,0.66,0.02,0.15,0.9675,13.6912,0
1734.0,-31.0,47,16.4,35.4638,10.0,20.4,8.5,0.6,0.91,0.0,0.06,0.9334,14.0527,1
1777.0,-93.0,40,81.7,178.8887,58.9,89.3,0.0,0.38,0.62,0.07,0.38,0.9428,11.4419,0
1870.0,93.0,40,92.8,222.7018,46.1,109.9,0.0,0.33,0.65,0.1,0.25,0.9579,15.4392,0
1702.0,-19.0,36,54.5,166.136,24.3,66.1,0.0,0.5,0.64,0.03,0.19,0.9312,13.9788,0
1721.0,19.0,36,14.9,19.2187,13.1,15.5,0.0,0.5,0.89,0.0,0.11,0.967,15.8757,1
1443.0,-24.0,25,47.8,71.3357,20.9,65.7,0.0,0.36,0.68,0.08,0.24,0.9619,15.8507,1
1467.0,24.0,24,56.7,69.9544,31.6,71.7,0.0,0.42,0.62,0.08,0.29,0.9596,15.0001,0
1905.0,-1.0,31,41.5,56.1194,12.2,55.5,0.0,0.45,0.74,0.0,0.35,0.9627,16.0739,0
1906.0,1.0,30,46.6,127.9144,5.8,64.1,0.0,0.67,0.87,0.03,0.13,0.6981,10.0829,1
1689.0,-9.0,55,35.9,65.3391,37.3,47.5,11.5,0.51,0.69,0.05,0.18,0.9385,14.1786,1
1698.0,9.0,54,36.7,79.3961,34.2,50.8,9.8,0.52,0.74,0.06,0.11,0.8775,11.7471,0
1522.0,-267.0,50,57.2,108.114,49.0,41.1,113.5,0.5,0.76,0.04,0.3,0.9618,12.5903,0
1789.0,267.0,49,49.4,69.4547,22.2,52.0,65.9,0.37,0.73,0.04,0.27,0.9512,12.9876,1
1844.0,30.0,35,74.9,168.4399,56.4,82.2,0.0,0.26,0.6,0.03,0.37,0.9575,13.0085,0
1814.0,-30.0,35,14.7,28.1976,38.0,6.6,0.0,0.71,0.86,0.0,0.11,0.958,14.087,1
1848.0,-13.0,18,114.4,265.1994,7.1,248.6,0.0,0.56,0.78,0.17,0.06,0.9491,14.4632,0
1861.0,13.0,18,26.6,48.3907,18.7,34.6,0.0,0.56,0.83,0.06,0.11,0.9615,15.8345,1
2356.0,380.0,58,113.3,239.1214,14.1,54.0,267.2,0.24,0.66,0.16,0.21,0.9721,13.7573,0
1976.0,-380.0,58,147.8,299.6938,25.0,71.7,326.0,0.43,0.57,0.16,0.22,0.9725,13.2447,0
1694.0,-6.0,65,27.6,89.6824,88.3,12.1,22.0,0.65,0.86,0.05,0.05,0.9768,12.2284,1
1700.0,6.0,64,44.9,134.5544,11.7,41.7,60.8,0.38,0.75,0.06,0.09,0.9627,13.722,0
1858.0,-77.0,47,79.4,122.9794,68.1,33.7,291.1,0.38,0.7,0.13,0.21,0.9769,11.7077,1
1935.0,77.0,46,70.0,132.1534,53.7,18.1,313.7,0.35,0.72,0.11,0.15,0.9625,14.5791,0
1491.0,-99.0,49,74.5,198.6255,26.1,46.2,222.4,0.35,0.67,0.06,0.2,0.9637,14.3214,0
1590.0,99.0,48,100.0,211.6165,104.3,50.3,261.0,0.23,0.54,0.08,0.35,0.9782,13.598,1
2056.0,131.0,27,65.0,148.4634,16.1,93.8,0.0,0.41,0.81,0.11,0.11,0.9665,16.4114,0
1925.0,-131.0,26,95.6,206.6518,32.1,129.2,0.0,0.27,0.54,0.08,0.27,0.9124,13.5672,1
1507.0,-499.0,36,57.5,171.1309,12.5,74.8,0.0,0.42,0.61,0.06,0.08,0.9647,14.4387,0
2006.0,499.0,36,9.9,10.7368,9.3,10.1,0.0,0.56,0.86,0.0,0.0,0.9651,15.2769,1
1669.0,4.0,35,78.0,182.2808,32.9,96.0,0.0,0.4,0.74,0.11,0.2,0.9639,13.4805,0
1665.0,-4.0,35,27.5,56.8141,44.1,21.8,0.0,0.57,0.83,0.03,0.14,0.9712,15.3421,1
1938.0,95.0,37,104.6,235.7378,28.1,133.0,0.0,0.24,0.57,0.11,0.27,0.9569,14.4579,0
1843.0,-95.0,37,28.7,77.306,26.4,29.4,0.0,0.57,0.78,0.03,0.05,0.9703,15.6441,1
1927.0,-77.0,49,21.1,36.0294,27.2,21.4,13.3,0.51,0.71,0.0,0.1,0.966,15.1835,1
2004.0,77.0,48,32.8,67.8748,62.9,31.3,7.4,0.38,0.67,0.04,0.17,0.9044,10.2995,1
1424.0,19.0,66,21.9,40.0211,23.2,18.8,25.0,0.32,0.5,0.02,0.11,0.9559,13.7093,1
1405.0,-19.0,65,77.7,213.4223,10.9,46.8,136.6,0.35,0.77,0.06,0.2,0.8686,9.4838,1
1700.0,34.0,38,63.7,169.2855,3.3,85.2,0.0,0.63,0.76,0.08,0.16,0.9346,14.3286,1
1666.0,-34.0,38,29.5,52.3738,2.7,37.8,0.0,0.61,0.82,0.03,0.16,0.9696,13.5066,0
1906.0,-23.0,48,44.2,64.1413,78.8,33.0,42.8,0.46,0.62,0.04,0.25,0.966,13.5278,1
1929.0,23.0,47,61.4,66.5072,92.8,50.2,68.2,0.23,0.53,0.02,0.49,0.9423,13.0332,0
1611.0,22.0,26,58.9,108.966,48.1,65.7,0.0,0.38,0.69,0.04,0.31,0.9612,14.7019,0
1589.0,-22.0,25,78.4,198.9828,58.9,89.4,0.0,0.52,0.8,0.04,0.32,0.9572,14.9823,0
1696.0,16.0,73,51.3,127.1283,10.9,35.7,77.7,0.47,0.71,0.04,0.21,0.9513,11.9837,1
1680.0,-16.0,73,16.5,24.3762,35.2,14.7,13.2,0.48,0.81,0.0,0.1,0.9695,14.1945,1
1877.0,-63.0,26,41.9,63.0568,15.9,58.2,0.0,0.42,0.62,0.04,0.31,0.9718,14.1798,0
1940.0,63.0,26,12.7,17.8728,23.7,6.8,0.0,0.69,0.92,0.0,0.04,0.9654,15.5446,1
1811.0,-42.0,30,32.9,50.9961,40.7,28.9,0.0,0.6,0.77,0.03,0.17,0.9307,14.7863,1
1853.0,42.0,29,73.7,185.8794,29.4,93.7,0.0,0.38,0.72,0.03,0.24,0.9489,14.2875,0
1956.0,-193.0,54,28.7,29.4863,23.1,31.9,25.9,0.35,0.76,0.0,0.22,0.9695,12.1564,1
2149.0,193.0,54,13.9,20.5616,13.7,15.1,11.6,0.59,0.93,0.0,0.07,0.9683,14.7995,1
1929.0,7.0,30,44.6,41.4768,28.1,52.8,0.0,0.53,0.7,0.0,0.43,0.9634,13.9805,0
1922.0,-7.0,30,39.4,42.808,20.9,47.3,0.0,0.37,0.7,0.0,0.3,0.9609,15.3136,0
1758.0,-10.0,61,47.8,144.3721,47.9,29.1,74.5,0.36,0.66,0.03,0.15,0.9596,13.7132,0
1768.0,10.0,60,135.3,281.9331,59.7,27.9,321.1,0.42,0.75,0.17,0.15,0.9517,11.1361,1
1652.0,20.0,38,35.6,50.11,69.3,23.5,0.0,0.5,0.74,0.03,0.16,0.9689,14.6783,1
1632.0,-20.0,37,66.9,171.0031,18.1,82.6,0.0,0.46,0.65,0.08,0.11,0.9335,14.3673,1
1696.0,-41.0,53,76.1,208.3377,99.5,58.0,99.8,0.45,0.75,0.08,0.09,0.9273,12.1894,1
1737.0,41.0,53,40.0,102.8671,117.2,29.4,12.9,0.4,0.64,0.02,0.17,0.9517,13.8613,0
1727.0,-33.0,52,38.2,60.895,21.5,54.0,12.5,0.44,0.77,0.04,0.19,0.9456,11.2518,1
1760.0,33.0,52,26.7,55.0015,17.8,29.8,25.5,0.56,0.79,0.04,0.12,0.9715,14.2083,1
1902.0,50.0,46,60.9,152.2175,61.5,24.1,244.2,0.35,0.65,0.07,0.2,0.9524,13.6906,1
1852.0,-50.0,46,24.6,41.9987,48.7,14.8,35.6,0.59,0.87,0.0,0.17,0.9548,13.1192,1
1632.0,-109.0,59,21.1,42.4947,44.1,9.9,26.8,0.58,0.8,0.0,0.1,0.9702,14.591,1
1741.0,109.0,58,49.2,137.3286,34.0,24.7,95.2,0.38,0.74,0.05,0.16,0.9355,11.9181,0
1571.0,71.0,25,34.7,79.2746,48.6,25.5,0.0,0.72,0.84,0.08,0.08,0.9594,15.4597,1
1500.0,-71.0,24,99.5,212.0105,69.3,117.5,0.0,0.38,0.58,0.17,0.12,0.8987,11.7264,1
1672.0,-49.0,42,59.0,157.1313,12.1,45.3,500.0,0.5,0.64,0.05,0.17,0.9485,12.3986,0
1721.0,49.0,42,15.3,25.2997,25.2,13.9,0.0,0.6,0.76,0.0,0.07,0.9407,13.7964,1
1391.0,69.0,42,58.5,153.9991,18.1,75.8,0.0,0.29,0.55,0.02,0.33,0.9268,14.5679,0
1322.0,-69.0,42,16.6,32.4774,13.7,19.1,0.0,0.6,0.83,0.0,0.12,0.9617,14.7231,1
1860.0,-53.0,71,24.1,32.7093,17.6,21.1,29.2,0.41,0.69,0.0,0.15,0.9611,13.7891,0
1913.0,53.0,70,68.9,169.3874,29.0,35.2,113.1,0.37,0.67,0.04,0.27,0.9351,10.3136,0
1944.0,31.0,46,74.8,158.2,47.1,42.3,283.7,0.3,0.54,0.09,0.28,0.9274,10.8617,0
1913.0,-31.0,46,36.9,116.2104,28.4,22.9,108.1,0.7,0.87,0.02,0.15,0.9099,11.5847,1
1977.0,5.0,57,19.4,32.9798,48.0,16.4,7.8,0.54,0.75,0.0,0.09,0.9476,13.0795,1
1972.0,-5.0,56,47.5,142.3868,44.9,35.8,69.5,0.38,0.79,0.04,0.14,0.9511,13.1592,0
1703.0,57.0,16,129.4,243.4351,61.8,242.2,0.0,0.25,0.69,0.06,0.44,0.9596,15.6337,0
1646.0,-57.0,16,57.1,80.2445,66.0,45.7,0.0,0.44,0.56,0.06,0.25,0.9587,15.7072,1
1386.0,-111.0,57,38.4,101.2959,50.1,32.3,42.3,0.49,0.86,0.04,0.12,0.9659,13.6772,0
1497.0,111.0,56,34.4,93.962,44.2,27.1,41.9,0.48,0.8,0.02,0.14,0.9503,12.4534,0
1757.0,-15.0,35,171.3,314.6473,65.0,213.8,0.0,0.34,0.57,0.17,0.23,0.9291,12.8359,0
1772.0,15.0,35,60.7,175.1273,71.6,57.0,0.0,0.49,0.77,0.06,0.17,0.9667,16.1828,0
1908.0,-9.0,52,14.5,37.3313,40.0,11.6,0.2,0.73,0.87,0.02,0.06,0.9396,12.5279,1
1917.0,9.0,51,43.6,141.635,25.7,26.3,100.4,0.39,0.75,0.02,0.16,0.8774,10.6036,0
1487.0,70.0,57,65.0,191.1836,39.6,32.9,136.5,0.35,0.68,0.05,0.16,0.9524,13.1538,0
1417.0,-70.0,56,57.3,185.9452,21.2,24.4,134.6,0.46,0.82,0.04,0.09,0.8938,11.3516,0
1805.0,-187.0,36,51.8,166.4197,43.5,55.0,0.0,0.5,0.78,0.03,0.22,0.9674,15.2578,1
1992.0,187.0,35,80.9,172.1372,45.4,93.2,0.0,0.26,0.54,0.09,0.31,0.9609,14.48,0
1697.0,-6.0,71,54.5,118.1602,22.2,62.8,56.9,0.52,0.76,0.07,0.17,0.9694,12.9775,1
1703.0,6.0,70,88.1,170.6658,20.7,79.9,115.6,0.43,0.73,0.14,0.2,0.942,12.865,0
1887.0,-7.0,44,105.0,258.9291,10.8,83.7,500.0,0.45,0.82,0.11,0.14,0.9716,15.3019,0
1894.0,7.0,43,104.1,257.9678,17.2,77.3,500.0,0.37,0.74,0.12,0.14,0.7617,12.0283,1
1667.0,-6.0,48,50.2,144.3893,29.4,70.1,1.6,0.42,0.62,0.02,0.27,0.9714,14.9807,0
1673.0,6.0,47,59.6,159.0933,15.0,80.7,30.5,0.34,0.68,0.06,0.19,0.9123,10.9878,0
1748.0,-73.0,32,80.8,180.3498,69.0,86.1,0.0,0.25,0.62,0.09,0.25,0.9616,14.9978,0
1821.0,73.0,32,25.3,50.6845,62.0,10.9,0.0,0.53,0.75,0.06,0.0,0.9634,14.3321,1
1815.0,-6.0,56,115.5,233.0687,28.6,51.1,290.6,0.34,0.61,0.14,0.18,0.9669,14.4843,0
1821.0,6.0,56,83.8,194.3786,15.6,52.0,176.2,0.39,0.73,0.11,0.14,0.9674,13.9794,0
2001.0,845.0,48,19.3,26.1429,20.6,18.1,22.2,0.48,0.71,0.0,0.08,0.9579,15.054,0
1156.0,-845.0,47,54.6,150.6657,61.9,29.8,139.6,0.36,0.62,0.04,0.19,0.9196,10.8033,1
1677.0,-19.0,53,49.7,139.4533,27.3,38.8,92.1,0.47,0.7,0.02,0.19,0.8986,9.8516,1
1696.0,19.0,53,14.7,24.8534,33.3,14.9,2.2,0.45,0.77,0.0,0.11,0.9597,14.0232,1
1806.0,43.0,38,18.0,28.0198,27.6,14.6,0.0,0.63,0.82,0.0,0.11,0.9607,15.1005,1
1763.0,-43.0,37,52.1,162.7435,33.0,58.2,0.0,0.3,0.62,0.03,0.19,0.9518,14.2679,0
1902.0,50.0,56,51.0,137.9479,53.9,35.5,78.4,0.54,0.75,0.05,0.14,0.9533,13.267,1
1852.0,-50.0,55,56.6,147.9988,56.1,21.4,122.8,0.58,0.8,0.09,0.15,0.8647,11.8373,1
1733.0,1.0,29,114.3,251.0306,135.7,103.1,0.0,0.55,0.69,0.07,0.34,0.8923,10.9206,0
1732.0,-1.0,29,31.1,84.239,75.2,11.2,0.0,0.52,0.86,0.03,0.07,0.9558,15.6419,1
1953.0,-37.0,48,72.8,188.0081,29.4,31.6,281.5,0.35,0.71,0.06,0.19,0.971,14.9285,0
1990.0,37.0,48,34.3,49.3726,53.8,35.2,11.8,0.5,0.71,0.02,0.23,0.9475,12.8491,1
2042.0,58.0,44,20.1,31.88,21.3,22.4,0.0,0.5,0.66,0.0,0.11,0.9664,15.2472,1
1984.0,-58.0,43,77.5,209.2561,26.9,69.7,250.0,0.37,0.58,0.05,0.23,0.9414,13.9763,0
1944.0,1.0,28,33.2,60.2566,68.1,13.9,0.0,0.61,0.79,0.04,0.14,0.9625,15.512,1
1943.0,-1.0,27,106.6,195.735,69.6,125.1,0.0,0.19,0.56,0.15,0.3,0.9267,14.1074,0
1896.0,13.0,37,95.2,240.8029,6.7,128.0,0.0,0.27,0.68,0.08,0.22,0.9373,14.5573,0
1883.0,-13.0,37,53.2,164.0476,15.1,65.5,0.0,0.46,0.78,0.03,0.19,0.9625,15.6556,0
1461.0,-10.0,27,91.6,216.7374,101.7,85.7,0.0,0.33,0.56,0.07,0.3,0.9167,13.4338,0
1471.0,10.0,27,30.0,41.007,27.7,31.2,0.0,0.37,0.67,0.0,0.22,0.959,15.5539,1
1886.0,16.0,51,36.3,139.1609,33.2,14.2,99.3,0.37,0.75,0.02,0.08,0.9651,14.4203,1
1870.0,-16.0,50,47.5,150.064,22.2,33.6,105.9,0.36,0.74,0.04,0.08,0.9387,12.0383,1
1821.0,6.0,60,170.8,334.3041,31.9,30.9,450.1,0.3,0.67,0.15,0.22,0.9791,14.0117,1
1815.0,-6.0,59,187.5,351.6555,11.0,47.0,477.6,0.46,0.69,0.17,0.24,0.9357,12.1738,0
1306.0,68.0,61,83.4,216.4043,33.0,36.7,174.1,0.33,0.7,0.07,0.26,0.9286,10.2574,1
1238.0,-68.0,61,65.0,216.9058,13.2,28.2,136.5,0.52,0.79,0.07,0.07,0.9718,13.0665,0
1404.0,18.0,31,64.4,70.9538,33.5,79.0,0.0,0.29,0.58,0.03,0.39,0.9656,14.8026,0
1386.0,-18.0,30,87.9,183.5522,25.2,114.8,0.0,0.3,0.57,0.07,0.37,0.9205,13.398,0
1889.0,-19.0,39,93.4,230.7328,23.8,117.3,0.0,0.41,0.64,0.1,0.15,0.9622,15.017,0
1908.0,19.0,39,57.2,163.5303,25.0,66.8,0.0,0.51,0.79,0.05,0.23,0.9665,13.9839,1
1639.0,-506.0,38,66.4,172.5315,16.6,84.2,0.0,0.34,0.71,0.05,0.21,0.9378,14.2509,0
2145.0,506.0,38,14.2,15.9969,18.4,12.9,0.0,0.55,0.84,0.0,0.03,0.955,14.1696,1
1700.0,-5.0,47,111.8,199.7342,26.4,57.3,467.7,0.4,0.68,0.19,0.13,0.971,15.5946,0
1705.0,5.0,46,119.7,212.5368,17.8,74.2,445.7,0.43,0.7,0.17,0.2,0.9647,12.7186,1
1672.0,-37.0,32,93.4,215.7461,23.5,125.1,0.0,0.5,0.62,0.12,0.22,0.9617,15.429,0
1709.0,37.0,32,74.8,180.0235,28.3,92.9,0.0,0.5,0.62,0.09,0.25,0.9377,14.4279,0
1434.0,11.0,61,40.4,133.1381,25.5,30.6,61.5,0.51,0.82,0.03,0.18,0.936,11.9157,0
1423.0,-11.0,60,57.5,148.9276,6.4,49.5,90.9,0.4,0.72,0.07,0.17,0.9233,10.8871,0
1793.0,15.0,63,31.3,73.524,45.8,22.0,37.0,0.6,0.83,0.05,0.03,0.9462,13.2211,1
1778.0,-15.0,62,26.3,73.4543,55.1,16.1,28.3,0.47,0.79,0.03,0.08,0.9383,11.5779,1
1702.0,-476.0,53,58.5,190.9778,35.6,23.5,156.8,0.47,0.7,0.04,0.15,0.8847,10.5655,0
2178.0,476.0,53,11.8,23.2475,33.1,8.5,5.1,0.58,0.77,0.0,0.06,0.9375,12.4201,1
1694.0,-6.0,61,60.1,104.7154,80.5,38.8,80.7,0.25,0.62,0.07,0.23,0.9543,11.3085,1
1700.0,6.0,61,54.1,140.8952,13.4,32.1,100.7,0.43,0.69,0.05,0.23,0.9675,14.608,0
1726.0,14.0,52,58.6,145.4736,40.9,37.5,126.2,0.38,0.71,0.06,0.21,0.8899,12.0449,0
1712.0,-14.0,52,23.3,52.3791,55.2,15.8,18.4,0.58,0.9,0.04,0.06,0.964,14.2591,1
1925.0,16.0,43,62.9,167.3015,25.8,81.6,0.0,0.51,0.65,0.05,0.23,0.9081,13.4958,1
1909.0,-16.0,43,21.9,31.6104,27.6,23.1,0.0,0.42,0.65,0.0,0.12,0.9705,15.4042,0
1879.0,-12.0,61,28.9,64.8115,16.9,36.8,23.3,0.52,0.8,0.03,0.1,0.9508,12.5766,0
1891.0,12.0,60,26.7,69.6883,8.3,34.1,24.0,0.5,0.87,0.03,0.1,0.9652,14.0103,1
1836.0,-145.0,60,58.5,132.4844,49.6,43.1,86.0,0.35,0.62,0.02,0.27,0.9219,12.2329,0
1981.0,145.0,60,24.7,40.3151,39.4,20.7,24.0,0.5,0.8,0.02,0.17,0.9639,14.6253,1
1300.0,0.0,52,47.1,138.6839,19.7,38.0,92.6,0.4,0.63,0.02,0.19,0.8898,10.9681,0
1300.0,0.0,52,9.7,11.2615,13.4,11.4,3.0,0.62,0.75,0.0,0.0,0.9637,15.2174,1
1690.0,-2.0,22,91.0,218.053,13.6,155.6,0.0,0.41,0.59,0.18,0.14,0.9526,14.2286,0
1692.0,2.0,22,13.6,19.1029,18.3,10.3,0.0,0.55,0.82,0.0,0.05,0.9595,15.3258,1
1696.0,-6.0,58,51.6,136.5686,51.0,36.6,77.0,0.4,0.71,0.05,0.21,0.9686,14.3788,1
1702.0,6.0,57,94.0,223.7588,73.9,40.9,192.6,0.33,0.6,0.09,0.26,0.9587,11.4444,0
1751.0,-46.0,53,27.8,47.445,21.6,29.9,27.9,0.45,0.74,0.02,0.11,0.8937,10.7587,0
1797.0,46.0,53,8.8,14.1115,17.8,9.0,2.7,0.58,0.89,0.0,0.04,0.9535,13.1299,1
1630.0,-103.0,23,42.0,54.3281,65.0,24.3,0.0,0.35,0.65,0.04,0.26,0.9621,14.6556,1
1733.0,103.0,22,81.7,213.2931,17.4,126.2,0.0,0.27,0.59,0.09,0.05,0.9561,15.1946,0
1707.0,-5.0,41,69.8,214.8732,17.5,56.2,1000.0,0.41,0.56,0.05,0.17,0.9697,15.1299,0
1712.0,5.0,40,116.2,260.8444,13.2,117.6,1000.0,0.25,0.47,0.1,0.17,0.9465,13.4695,1
2005.0,6.0,53,95.4,232.0174,35.1,43.8,260.6,0.42,0.66,0.09,0.19,0.9399,12.1139,1
1999.0,-6.0,53,47.0,141.488,32.9,37.1,77.4,0.45,0.79,0.04,0.19,0.9711,14.1669,0
1992.0,-101.0,59,48.7,85.0784,8.3,77.3,24.6,0.34,0.66,0.02,0.41,0.9431,10.3267,0
2093.0,101.0,59,33.9,97.5457,8.0,57.4,10.5,0.53,0.81,0.03,0.14,0.9591,13.9515,1
1461.0,-660.0,65,65.4,138.0607,57.0,31.9,108.9,0.37,0.68,0.06,0.31,0.9274,11.313,0
2121.0,660.0,65,47.2,129.4751,37.4,24.9,76.4,0.48,0.77,0.05,0.17,0.9487,12.688,0
1673.0,-50.0,40,59.0,162.2949,9.8,75.5,0.0,0.33,0.57,0.05,0.23,0.964,14.2801,0
1723.0,50.0,40,26.1,68.1876,19.3,29.0,0.0,0.55,0.82,0.03,0.07,0.9548,14.0015,1
1613.0,11.0,34,51.4,169.6403,30.1,60.2,0.0,0.59,0.82,0.03,0.18,0.9252,14.7147,1
1602.0,-11.0,33,75.6,187.0838,17.6,97.4,0.0,0.39,0.64,0.09,0.21,0.8989,11.6382,0
1709.0,8.0,40,83.5,194.2075,59.8,91.4,0.0,0.35,0.62,0.07,0.2,0.9339,13.7671,0
1701.0,-8.0,40,36.7,64.196,55.2,32.4,0.0,0.45,0.65,0.03,0.17,0.9379,13.0532,0
1741.0,-7.0,49,37.1,46.7868,63.4,36.7,9.3,0.35,0.65,0.0,0.35,0.906,11.3677,0
1748.0,7.0,49,23.6,50.9913,53.4,21.4,3.5,0.61,0.82,0.02,0.12,0.9647,13.9286,1
1889.0,-18.0,32,103.6,256.0549,21.1,141.0,0.0,0.31,0.56,0.09,0.22,0.894,13.2544,0
1907.0,18.0,32,47.7,174.7803,17.8,59.3,0.0,0.44,0.75,0.03,0.09,0.9581,15.403,0
1301.0,-6.0,24,25.8,41.8828,24.4,26.8,0.0,0.42,0.75,0.0,0.17,0.9555,15.3345,0
1307.0,6.0,23,83.7,204.5442,39.3,112.1,0.0,0.3,0.57,0.04,0.3,0.9082,14.171,1
1870.0,138.0,24,30.8,38.2705,34.9,27.8,0.0,0.54,0.71,0.0,0.29,0.9617,15.8875,0
1732.0,-138.0,23,95.0,216.921,38.2,131.5,0.0,0.3,0.57,0.13,0.17,0.9559,15.0916,0
1402.0,-63.0,16,154.1,260.4974,132.1,190.8,0.0,0.19,0.38,0.25,0.25,0.8262,12.0408,0
1465.0,63.0,16,59.6,111.491,93.1,16.6,0.0,0.5,0.75,0.12,0.19,0.956,15.03,1
2023.0,41.0,73,111.8,279.0419,15.2,45.9,200.9,0.34,0.67,0.11,0.1,0.9719,14.0082,0
1982.0,-41.0,72,117.7,260.1319,8.8,64.0,196.3,0.46,0.75,0.14,0.15,0.8906,10.4386,0
1472.0,45.0,38,87.1,229.4444,17.4,112.0,0.0,0.39,0.66,0.11,0.08,0.9648,13.9352,0
1427.0,-45.0,38,38.1,161.846,14.8,45.4,0.0,0.58,0.89,0.03,0.08,0.9717,14.8831,1
1795.0,41.0,53,114.1,218.026,33.8,44.6,336.0,0.4,0.7,0.15,0.15,0.9025,12.2491,1
1754.0,-41.0,52,101.2,231.6449,15.0,21.9,343.7,0.38,0.63,0.12,0.08,0.9559,14.81,0
1823.0,-58.0,58,20.8,32.677,51.5,10.1,21.8,0.5,0.76,0.0,0.1,0.9686,14.5984,1
1881.0,58.0,57,57.9,151.868,47.4,24.0,119.8,0.42,0.75,0.07,0.16,0.9446,13.3155,1
1846.0,-67.0,53,60.7,192.7047,24.7,25.0,170.7,0.51,0.74,0.06,0.11,0.9648,15.2144,1
1913.0,67.0,52,77.1,191.6829,25.4,46.2,183.9,0.21,0.58,0.06,0.23,0.9321,11.9413,0
1644.0,-116.0,64,89.7,206.9436,18.8,56.9,160.4,0.41,0.73,0.08,0.25,0.937,11.5777,0
1760.0,116.0,64,71.5,213.2681,10.8,47.4,122.2,0.58,0.88,0.09,0.05,0.9405,12.4848,1
1636.0,-34.0,37,94.5,179.0716,155.3,72.0,0.0,0.41,0.57,0.14,0.24,0.9276,11.6571,1
1670.0,34.0,37,30.5,65.6699,72.1,17.1,0.0,0.57,0.81,0.03,0.14,0.9518,14.9514,1
1482.0,50.0,60,102.9,197.2623,15.4,109.8,136.3,0.32,0.52,0.15,0.18,0.9379,13.5313,0
1432.0,-50.0,59,107.7,200.5222,73.3,74.0,173.7,0.47,0.78,0.17,0.17,0.9125,11.5884,0
1941.0,-30.0,46,58.2,204.2759,18.0,49.8,166.7,0.57,0.8,0.04,0.07,0.97,14.6741,1
1971.0,30.0,45,82.0,207.646,21.6,82.8,168.5,0.36,0.69,0.09,0.18,0.9237,11.8385,0
1460.0,-65.0,24,61.7,200.8658,22.8,89.5,0.0,0.38,0.75,0.04,0.12,0.9228,14.585,0
1525.0,65.0,24,9.0,17.7237,10.1,8.4,0.0,0.67,0.92,0.0,0.04,0.9547,15.0089,1
1804.0,-8.0,21,18.0,29.6538,15.0,20.8,0.0,0.48,0.76,0.0,0.19,0.9651,15.9463,0
1812.0,8.0,20,90.0,224.0191,23.4,144.5,0.0,0.3,0.65,0.1,0.1,0.9623,14.9496,0
1473.0,-301.0,33,86.8,192.3404,65.1,96.3,0.0,0.36,0.58,0.09,0.33,0.9537,13.9593,0
1774.0,301.0,33,34.1,61.4817,66.8,21.8,0.0,0.45,0.61,0.06,0.09,0.9612,15.3367,1
1765.0,-76.0,16,87.0,245.3131,27.5,186.2,0.0,0.44,0.56,0.06,0.25,0.9595,15.1814,0
1841.0,76.0,16,38.2,55.7676,46.4,27.6,0.0,0.38,0.62,0.0,0.25,0.9563,15.2405,0
1980.0,103.0,24,90.7,202.5221,37.9,128.4,0.0,0.25,0.62,0.08,0.38,0.9598,14.7989,0
1877.0,-103.0,24,16.7,25.9241,29.4,9.0,0.0,0.5,0.79,0.0,0.04,0.9614,15.2173,1
1810.0,-9.0,58,60.5,101.2044,26.0,49.2,98.4,0.31,0.55,0.03,0.36,0.9635,11.1016,0
1819.0,9.0,58,56.3,182.1471,27.6,22.8,123.0,0.6,0.86,0.05,0.09,0.9452,13.0186,1
1902.0,-6.0,48,70.8,156.3358,23.6,105.2,0.6,0.4,0.62,0.08,0.25,0.9206,11.9712,0
1908.0,6.0,48,27.3,49.6534,14.4,39.3,0.2,0.46,0.83,0.0,0.17,0.9648,15.4071,0
1954.0,14.0,66,22.1,41.1447,13.4,38.2,6.8,0.38,0.65,0.02,0.09,0.9726,14.9781,0
1940.0,-14.0,65,68.9,185.6104,14.1,50.3,109.2,0.38,0.69,0.06,0.15,0.9472,11.5206,1
1917.0,-34.0,37,15.5,24.5895,20.4,13.7,0.0,0.73,0.89,0.0,0.11,0.9624,14.69,1
1951.0,34.0,36,66.9,165.9106,20.2,82.4,0.0,0.31,0.53,0.03,0.36,0.9613,13.994,0
2035.0,53.0,62,55.4,135.4962,9.2,92.8,25.3,0.47,0.76,0.05,0.21,0.8869,10.8031,0
1982.0,-53.0,62,64.8,216.1354,11.9,95.8,45.2,0.44,0.68,0.06,0.05,0.9703,16.0436,0
1889.0,12.0,29,59.8,186.6578,13.7,84.0,0.0,0.28,0.55,0.07,0.1,0.9289,14.8338,0
1877.0,-12.0,29,11.3,21.2769,16.9,8.8,0.0,0.59,0.9,0.0,0.03,0.9642,15.0252,1
1544.0,74.0,29,121.9,258.7991,41.8,164.1,0.0,0.45,0.79,0.17,0.21,0.9291,12.4852,0
1470.0,-74.0,29,80.0,192.848,49.8,93.6,0.0,0.45,0.72,0.07,0.21,0.9658,15.5998,1
1849.0,-4.0,97,37.1,120.0244,14.1,16.0,52.2,0.47,0.71,0.03,0.15,0.9558,12.1561,0
1853.0,4.0,97,37.4,117.3417,16.4,29.9,44.6,0.36,0.74,0.05,0.07,0.968,10.5616,0
1855.0,-64.0,28,89.0,195.4219,22.5,125.9,0.0,0.25,0.43,0.11,0.21,0.9143,13.7649,0
1919.0,64.0,28,10.0,27.0027,21.6,4.5,0.0,0.61,0.86,0.0,0.04,0.9483,13.3363,1
1806.0,1.0,48,93.2,242.0204,42.4,101.6,125.2,0.4,0.69,0.08,0.25,0.9486,14.1312,0
1805.0,-1.0,47,150.6,305.6803,50.8,120.5,375.9,0.34,0.62,0.17,0.19,0.8864,11.7337,0
1502.0,-18.0,44,36.2,56.7214,15.8,47.8,0.0,0.48,0.75,0.02,0.2,0.962,13.5769,0
1520.0,18.0,43,69.4,198.2457,6.4,64.2,250.8,0.51,0.79,0.07,0.12,0.9396,14.0896,1
1155.0,1.0,32,79.3,195.2346,32.6,100.5,0.0,0.16,0.53,0.09,0.16,0.9475,14.0393,1
1154.0,-1.0,32,16.8,28.7213,27.0,12.9,0.0,0.56,0.78,0.0,0.06,0.9594,14.7311,1
1552.0,17.0,41,103.9,258.9714,55.4,123.5,0.0,0.46,0.66,0.07,0.2,0.9671,14.3612,1
1535.0,-17.0,40,67.6,165.2718,45.6,76.4,0.0,0.28,0.62,0.07,0.23,0.9312,11.8858,0
1612.0,80.0,47,73.9,208.6052,12.7,40.7,303.4,0.38,0.7,0.09,0.09,0.9514,14.6347,1
1532.0,-80.0,46,96.3,205.0846,32.9,56.5,348.4,0.3,0.48,0.11,0.24,0.9545,11.7845,0
1402.0,13.0,31,70.7,198.6067,9.6,99.8,0.0,0.42,0.81,0.1,0.1,0.9343,13.3596,0
1389.0,-13.0,31,22.3,39.1341,9.6,27.5,0.0,0.52,0.81,0.0,0.1,0.9657,15.3411,0
1968.0,-27.0,33,9.0,10.6698,9.8,8.6,0.0,0.67,0.85,0.0,0.0,0.9646,15.4402,1
1995.0,27.0,32,52.6,176.037,7.9,70.1,0.0,0.44,0.72,0.03,0.12,0.9059,13.9011,0
1984.0,-122.0,32,115.4,246.1505,13.7,161.7,0.0,0.38,0.66,0.12,0.19,0.9002,13.257,0
2106.0,122.0,32,59.5,183.8265,10.8,78.6,0.0,0.59,0.75,0.06,0.09,0.9642,15.8526,1
1939.0,-21.0,36,46.4,74.7439,78.2,34.2,0.0,0.33,0.58,0.03,0.25,0.9325,12.9167,0
1960.0,21.0,36,22.4,40.5514,21.6,22.7,0.0,0.5,0.72,0.03,0.11,0.9632,14.9748,0
1365.0,-10.0,30,71.3,186.3882,20.0,97.0,0.0,0.37,0.7,0.1,0.1,0.9562,15.2604,0
1375.0,10.0,29,98.0,254.0882,14.8,135.5,0.0,0.41,0.66,0.07,0.17,0.9634,15.036,1
1754.0,-559.0,61,40.0,133.9937,7.0,8.0,101.5,0.34,0.79,0.03,0.15,0.9506,12.7365,0
2313.0,559.0,61,26.4,130.8389,5.2,3.9,65.8,0.57,0.82,0.03,0.03,0.9591,13.4107,1
2073.0,304.0,40,26.9,57.1881,15.1,30.9,0.0,0.62,0.85,0.05,0.05,0.9671,15.0619,1
1769.0,-304.0,39,67.3,164.0418,21.2,81.1,0.0,0.33,0.59,0.05,0.23,0.9426,13.949,0
1789.0,76.0,34,225.7,406.0695,23.5,310.0,0.0,0.47,0.71,0.24,0.03,0.9655,14.7823,0
1713.0,-76.0,33,203.5,363.7322,28.9,269.0,0.0,0.55,0.76,0.21,0.15,0.7297,9.8415,1
1742.0,1.0,67,63.1,176.0919,15.1,33.3,114.0,0.37,0.73,0.07,0.13,0.9547,11.8022,0
1741.0,-1.0,67,44.0,170.6945,10.9,19.2,81.3,0.51,0.78,0.03,0.09,0.9766,13.9853,1
1880.0,4.0,32,28.9,65.0808,20.6,32.7,0.0,0.62,0.84,0.03,0.16,0.9642,13.6322,0
1876.0,-4.0,31,28.6,96.9659,20.3,32.0,0.0,0.65,0.87,0.03,0.06,0.8279,11.3572,1
1701.0,-51.0,27,90.5,204.4237,34.4,123.5,0.0,0.41,0.59,0.15,0.11,0.889,14.4674,0
1752.0,51.0,27,45.1,79.6225,31.8,51.8,0.0,0.48,0.59,0.07,0.15,0.9558,14.8676,1
1848.0,-3.0,36,79.0,175.6932,48.1,90.8,0.0,0.33,0.64,0.08,0.19,0.9593,13.5418,0
1851.0,3.0,36,33.7,64.3676,20.4,38.1,0.0,0.5,0.78,0.06,0.14,0.9555,14.3155,1
1612.0,-43.0,39,69.2,169.9295,71.0,68.6,0.0,0.38,0.64,0.05,0.28,0.9063,10.3929,0
1655.0,43.0,39,18.2,29.9185,15.4,19.0,0.0,0.49,0.9,0.0,0.1,0.9652,15.7839,1
1692.0,-94.0,62,48.0,130.3778,19.8,35.3,78.0,0.37,0.71,0.03,0.18,0.9656,12.1664,0
1786.0,94.0,62,14.9,29.6343,35.3,17.9,3.0,0.52,0.85,0.0,0.1,0.9421,12.656,1
1491.0,-60.0,37,41.8,57.0718,44.6,40.7,0.0,0.35,0.7,0.05,0.19,0.9163,12.608,0
1551.0,60.0,37,18.6,31.7915,48.9,8.8,0.0,0.68,0.81,0.0,0.16,0.9683,15.1197,1
1580.0,-73.0,44,85.3,219.0986,101.3,58.1,250.0,0.36,0.7,0.09,0.16,0.9737,14.2923,1
1653.0,73.0,43,108.0,225.5812,141.2,112.2,2.0,0.33,0.72,0.09,0.33,0.9237,12.6781,0
1828.0,-16.0,46,73.2,182.301,19.7,71.8,169.2,0.43,0.74,0.11,0.11,0.9225,11.7756,1
1844.0,16.0,46,36.5,95.004,13.4,46.8,21.9,0.57,0.85,0.02,0.15,0.9619,14.7215,0
2026.0,67.0,60,49.0,136.5316,15.7,30.9,92.8,0.3,0.68,0.03,0.13,0.9616,13.6248,0
1959.0,-67.0,60,19.1,41.9971,7.8,12.7,33.2,0.58,0.78,0.02,0.08,0.9525,14.3114,0
1926.0,0.0,66,34.7,97.2364,18.8,40.2,34.4,0.48,0.83,0.05,0.09,0.9557,13.0717,0
1926.0,0.0,65,30.6,78.3586,23.9,52.6,7.4,0.58,0.75,0.03,0.11,0.9701,12.3225,1
1759.0,-127.0,23,18.1,26.0383,29.8,9.1,0.0,0.61,0.83,0.0,0.22,0.9571,13.5861,1
1886.0,127.0,22,61.1,210.6941,26.3,85.2,0.0,0.5,0.77,0.05,0.09,0.907,14.0773,0
1863.0,44.0,55,69.1,169.3798,22.1,63.3,111.9,0.33,0.6,0.05,0.24,0.9428,13.1728,0
1819.0,-44.0,55,33.7,63.7851,29.0,43.6,17.9,0.44,0.71,0.02,0.24,0.9723,13.3966,1
1708.0,-50.0,34,35.1,43.015,11.3,45.0,0.0,0.56,0.82,0.0,0.24,0.9137,11.633,0
1758.0,50.0,34,30.6,39.5023,12.7,37.0,0.0,0.38,0.59,0.0,0.24,0.9397,14.1874,0
1664.0,12.0,14,131.4,297.8021,20.6,408.2,0.0,0.43,0.71,0.14,0.14,0.9475,14.5445,0
1652.0,-12.0,14,30.9,32.4072,41.9,11.2,0.0,0.21,0.64,0.0,0.21,0.9551,14.813,1
1834.0,19.0,62,71.2,161.0193,26.1,69.1,94.5,0.39,0.66,0.1,0.15,0.9621,13.0779,1
1815.0,-19.0,62,47.1,87.9488,52.9,55.6,33.7,0.31,0.74,0.03,0.24,0.9553,13.2013,0
1397.0,37.0,61,48.1,178.4512,20.0,86.3,7.0,0.44,0.72,0.03,0.1,0.9497,14.4602,1
1360.0,-37.0,60,88.0,227.9507,22.7,124.8,63.3,0.37,0.62,0.08,0.15,0.863,10.1596,0
1471.0,26.0,74,49.2,87.4875,51.7,50.0,47.7,0.45,0.69,0.08,0.15,0.9723,13.2552,1
1445.0,-26.0,73,56.2,121.9748,9.8,47.0,76.6,0.45,0.81,0.08,0.14,0.9299,12.4834,0
1608.0,-2.0,32,79.5,176.4075,51.0,92.5,0.0,0.31,0.5,0.03,0.34,0.9651,14.2433,0
1610.0,2.0,32,23.4,51.0066,44.8,15.0,0.0,0.59,0.84,0.03,0.09,0.9567,15.7839,1
1658.0,-13.0,55,75.3,162.5408,125.6,46.8,98.7,0.44,0.73,0.11,0.18,0.9609,12.8481,0
1671.0,13.0,55,41.0,84.3546,107.0,33.9,17.1,0.51,0.76,0.05,0.16,0.9688,15.2273,1
1832.0,-59.0,60,34.4,85.6644,88.2,14.8,37.0,0.38,0.62,0.03,0.1,0.9508,13.8019,1
1891.0,59.0,59,56.3,145.5716,54.8,46.1,72.2,0.42,0.69,0.1,0.12,0.8358,10.1583,0
1687.0,-4.0,31,95.4,101.6926,44.4,119.7,0.0,0.52,0.61,0.19,0.32,0.9615,15.4054,1
1691.0,4.0,31,96.4,177.9132,69.3,107.4,0.0,0.48,0.71,0.16,0.19,0.9372,10.5821,1
1695.0,0.0,53,78.3,210.692,33.5,56.7,162.8,0.38,0.75,0.08,0.11,0.9522,12.0557,0
1695.0,0.0,53,57.9,194.8664,29.8,26.5,143.2,0.47,0.77,0.06,0.09,0.9725,15.1747,1
1645.0,-753.0,77,52.4,162.0337,6.1,34.0,79.8,0.42,0.73,0.04,0.18,0.9676,14.4217,0
2398.0,753.0,76,93.9,223.6473,40.0,34.1,155.5,0.29,0.72,0.08,0.21,0.9729,11.5094,1
1509.0,7.0,17,93.5,238.4398,17.7,201.7,0.0,0.53,0.82,0.06,0.35,0.9495,15.1908,0
1502.0,-7.0,17,17.1,32.2255,27.7,5.2,0.0,0.53,0.76,0.0,0.06,0.9514,12.4889,0
1823.0,50.0,30,67.4,153.7052,26.1,88.1,0.0,0.4,0.73,0.1,0.13,0.9671,15.6965,0
1773.0,-50.0,30,42.4,118.9841,36.7,44.9,0.0,0.53,0.9,0.03,0.03,0.9642,14.7644,1
1552.0,17.0,52,115.5,236.4783,65.5,90.5,219.5,0.4,0.69,0.15,0.25,0.8976,10.2314,0
1535.0,-17.0,52,64.9,197.706,54.6,42.3,124.2,0.5,0.87,0.08,0.1,0.9058,13.5113,1
1790.0,-15.0,35,44.6,68.3707,70.9,34.0,0.0,0.46,0.71,0.06,0.23,0.9613,15.626,1
1805.0,15.0,34,100.5,182.7791,106.8,98.3,0.0,0.35,0.53,0.12,0.32,0.9304,13.7277,0
1864.0,4.0,37,52.7,167.5248,35.4,59.1,0.0,0.51,0.76,0.05,0.14,0.9618,15.3208,1
1860.0,-4.0,36,92.8,241.1377,29.7,113.8,0.0,0.39,0.67,0.08,0.14,0.9298,12.0831,0
1857.0,8.0,21,6.8,14.3165,10.6,3.4,0.0,0.67,1.0,0.0,0.05,0.9658,15.6596,1
1849.0,-8.0,20,90.0,221.4388,25.9,142.5,0.0,0.2,0.7,0.05,0.3,0.9132,14.483,0
1902.0,1.0,53,78.2,208.2771,4.3,126.9,22.8,0.45,0.75,0.09,0.08,0.9027,11.5721,0
1901.0,-1.0,53,50.7,191.2333,6.8,49.8,80.9,0.57,0.79,0.04,0.04,0.9616,14.7544,0
1869.0,18.0,57,18.8,24.3166,39.1,16.6,10.6,0.51,0.67,0.0,0.11,0.9541,14.6267,1
1851.0,-18.0,56,49.5,139.95,43.3,27.6,91.5,0.32,0.59,0.05,0.12,0.9307,12.6512,1
1892.0,-219.0,34,87.6,181.0753,93.6,85.1,0.0,0.44,0.65,0.15,0.18,0.9312,11.9417,0
2111.0,219.0,34,23.0,40.4288,34.2,19.0,0.0,0.59,0.79,0.0,0.12,0.9654,15.8771,1
1679.0,2.0,48,61.1,164.37,20.9,52.8,142.8,0.44,0.73,0.06,0.17,0.9383,12.817,1
1677.0,-2.0,48,24.1,93.51,5.8,30.2,22.0,0.56,0.88,0.02,0.04,0.9673,15.3373,1
1883.0,-30.0,50,36.7,81.6639,23.1,38.6,44.7,0.42,0.74,0.02,0.16,0.9602,13.5993,0
1913.0,30.0,49,34.6,95.4747,11.6,47.6,16.2,0.47,0.8,0.02,0.14,0.9673,12.2673,0
1974.0,-56.0,29,107.8,253.4978,12.4,158.1,0.0,0.34,0.66,0.1,0.24,0.9633,13.0696,0
2030.0,56.0,29,11.9,14.5807,20.7,8.0,0.0,0.62,0.9,0.0,0.0,0.9604,14.7333,1
924.0,-805.0,20,13.7,21.9264,2.6,24.7,0.0,0.75,0.95,0.0,0.15,0.9605,15.6963,1
1729.0,805.0,19,96.8,225.506,49.4,139.4,0.0,0.32,0.74,0.05,0.37,0.9557,12.4109,0
1695.0,-64.0,36,16.9,28.5257,32.1,11.1,0.0,0.61,0.81,0.0,0.11,0.9638,15.0102,1
1759.0,64.0,35,68.3,171.0714,37.7,79.0,0.0,0.29,0.6,0.03,0.29,0.9561,13.5464,1
1808.0,-20.0,57,19.3,35.8427,43.2,12.2,17.6,0.51,0.77,0.0,0.09,0.9603,14.7448,1
1828.0,20.0,56,41.4,73.4956,32.2,40.1,48.8,0.38,0.68,0.04,0.23,0.8268,10.6996,1
1436.0,-57.0,35,35.7,50.1133,29.5,38.2,0.0,0.4,0.8,0.03,0.23,0.9721,15.8188,1
1493.0,57.0,34,83.4,194.7894,20.9,105.9,0.0,0.38,0.65,0.12,0.21,0.9692,15.5242,0
1763.0,-1.0,33,73.2,176.2053,36.6,89.2,0.0,0.42,0.73,0.06,0.18,0.9664,14.531,0
1764.0,1.0,33,25.2,61.5454,67.4,9.3,0.0,0.61,0.85,0.03,0.06,0.9635,14.2018,1
1784.0,15.0,37,113.2,199.77,60.5,132.7,0.0,0.38,0.68,0.14,0.27,0.9689,13.2465,0
1769.0,-15.0,37,117.1,226.4316,68.3,132.8,0.0,0.43,0.68,0.14,0.19,0.9621,15.3674,1
1691.0,-11.0,35,65.5,120.8941,99.5,51.8,0.0,0.37,0.63,0.03,0.4,0.9634,15.6194,0
1702.0,11.0,34,104.7,195.7648,65.4,118.8,0.0,0.26,0.56,0.09,0.35,0.8997,14.0564,0
1612.0,-5.0,33,97.5,197.5783,26.7,128.3,0.0,0.33,0.64,0.06,0.36,0.9363,14.2811,0
1617.0,5.0,33,39.6,64.4723,32.0,42.5,0.0,0.36,0.73,0.06,0.24,0.959,15.31,1
1928.0,-12.0,28,12.6,13.2978,17.3,10.1,0.0,0.54,0.64,0.0,0.0,0.9608,15.4845,1
1940.0,12.0,27,83.2,198.7937,29.6,110.0,0.0,0.3,0.7,0.11,0.22,0.9296,13.1985,0
1522.0,35.0,82,111.6,256.1667,38.7,50.6,172.5,0.41,0.68,0.11,0.27,0.9079,10.4358,0
1487.0,-35.0,82,103.4,258.2849,40.8,29.8,167.8,0.38,0.62,0.09,0.2,0.9713,13.8291,0
1862.0,-87.0,29,81.7,191.9858,81.6,81.8,0.0,0.34,0.69,0.07,0.24,0.965,15.1917,0
1949.0,87.0,29,17.8,29.979,28.6,12.9,0.0,0.62,0.9,0.0,0.14,0.9595,15.3274,1
1368.0,-134.0,30,23.0,33.9335,17.7,25.7,0.0,0.4,0.63,0.0,0.1,0.9686,15.1756,0
1502.0,134.0,29,72.0,195.9208,20.2,95.3,0.0,0.34,0.59,0.07,0.17,0.9295,13.9572,1
1845.0,-4.0,76,50.9,127.3599,41.3,48.7,55.4,0.5,0.82,0.05,0.18,0.9472,9.6142,1
1849.0,4.0,76,68.3,197.8456,35.2,32.5,105.3,0.34,0.67,0.07,0.16,0.9438,12.4019,0
1948.0,27.0,38,15.4,28.6145,33.9,8.8,0.0,0.71,0.89,0.0,0.11,0.9556,13.4131,1
1921.0,-27.0,37,60.8,163.5656,41.2,67.1,0.0,0.38,0.54,0.03,0.27,0.9291,13.7394,0
1831.0,52.0,50,21.0,34.6457,41.9,19.7,4.0,0.46,0.72,0.0,0.14,0.9527,14.1959,1
1779.0,-52.0,49,63.6,146.6707,35.8,43.7,148.4,0.35,0.69,0.04,0.29,0.9545,11.983,0
1590.0,-17.0,31,96.0,142.2118,23.3,130.6,0.0,0.45,0.71,0.16,0.26,0.9547,12.5814,0
1607.0,17.0,30,85.7,144.9286,13.7,116.5,0.0,0.37,0.67,0.17,0.2,0.9639,15.9209,0
1962.0,-19.0,34,65.6,177.0778,23.4,83.2,0.0,0.44,0.79,0.09,0.15,0.9526,14.3414,0
1981.0,19.0,34,41.1,62.3848,40.1,41.5,0.0,0.44,0.74,0.03,0.21,0.964,14.6299,1
1805.0,19.0,33,65.0,178.0689,41.7,75.1,0.0,0.48,0.55,0.06,0.21,0.9569,13.8261,0
1786.0,-19.0,33,14.7,26.8229,34.6,7.2,0.0,0.61,0.85,0.0,0.06,0.9619,14.9699,1
1638.0,-5.0,64,68.6,178.2184,67.3,42.0,102.2,0.48,0.75,0.06,0.2,0.8579,9.6717,0
1643.0,5.0,64,24.2,61.17,34.4,25.2,19.4,0.41,0.83,0.03,0.11,0.949,13.8249,1
1872.0,16.0,22,95.3,229.266,18.6,159.2,0.0,0.45,0.77,0.14,0.09,0.9645,16.1623,0
1856.0,-16.0,21,172.5,296.2297,54.1,261.2,0.0,0.33,0.43,0.29,0.19,0.9471,12.7595,0
1959.0,4.0,21,55.5,80.3776,11.9,95.1,0.0,0.38,0.62,0.1,0.29,0.9653,16.245,0
1955.0,-4.0,21,76.9,99.3395,24.9,115.8,0.0,0.43,0.71,0.14,0.29,0.9572,14.9812,1
1784.0,15.0,16,49.8,56.4579,71.8,13.2,0.0,0.56,0.81,0.0,0.31,0.9622,16.1042,1
1769.0,-15.0,15,147.8,247.0839,80.6,248.7,0.0,0.2,0.4,0.13,0.47,0.9542,15.1954,0
1797.0,-12.0,53,78.9,160.9246,18.1,62.4,163.8,0.43,0.75,0.11,0.25,0.8923,11.8997,1
1809.0,12.0,53,32.6,48.0349,19.8,33.2,39.7,0.38,0.83,0.0,0.23,0.9645,13.1868,1
1500.0,27.0,16,104.6,243.0012,48.6,197.8,0.0,0.19,0.38,0.06,0.38,0.9643,16.1691,0
1473.0,-27.0,16,18.9,34.6593,14.1,25.1,0.0,0.62,0.88,0.0,0.12,0.9531,14.7068,1
1729.0,-141.0,37,85.7,171.0986,51.2,98.4,0.0,0.41,0.59,0.11,0.35,0.8871,12.5015,0
1870.0,141.0,37,64.8,174.953,19.1,79.5,0.0,0.41,0.7,0.11,0.08,0.9617,15.3948,1
1612.0,7.0,42,18.4,27.1491,20.4,19.0,0.0,0.45,0.81,0.0,0.17,0.9623,15.326,0
1605.0,-7.0,41,62.7,158.9925,14.8,81.3,0.0,0.37,0.63,0.02,0.24,0.9075,13.2385,1
1536.0,-5.0,21,34.4,62.4536,33.2,35.5,0.0,0.43,0.9,0.05,0.19,0.9586,15.3477,1
1541.0,5.0,20,113.0,234.0723,31.6,179.5,0.0,0.25,0.45,0.15,0.25,0.9528,14.9442,0
1125.0,-61.0,25,37.6,65.1569,67.5,17.6,0.0,0.6,0.8,0.04,0.16,0.9598,16.001,1
1186.0,61.0,24,112.6,217.23,62.4,142.7,0.0,0.29,0.58,0.21,0.21,0.8816,13.441,0
1078.0,-633.0,45,93.9,180.7902,34.7,70.6,351.8,0.27,0.6,0.09,0.42,0.9675,14.8409,0
1711.0,633.0,45,38.2,57.0783,83.4,29.5,13.7,0.49,0.82,0.02,0.24,0.9644,14.3292,1
1917.0,-34.0,37,57.5,165.7055,7.3,76.0,0.0,0.49,0.78,0.05,0.22,0.9311,12.5607,0
1951.0,34.0,37,11.6,18.2566,20.2,8.8,0.0,0.7,0.86,0.0,0.08,0.9652,14.1256,1
1841.0,-295.0,54,28.0,38.3866,19.7,31.2,27.1,0.37,0.69,0.0,0.15,0.9144,11.3299,0
2136.0,295.0,54,7.9,14.3191,7.2,11.3,1.3,0.67,0.94,0.0,0.02,0.9636,14.946,1
1391.0,4.0,50,35.2,145.1992,46.9,39.9,9.5,0.56,0.9,0.04,0.06,0.9199,13.3278,1
1387.0,-4.0,49,87.3,207.3326,61.6,61.3,188.3,0.39,0.63,0.1,0.16,0.879,11.3683,0
1490.0,-24.0,75,54.3,107.4879,30.4,28.0,83.7,0.48,0.73,0.05,0.2,0.9229,10.9278,0
1514.0,24.0,75,45.5,130.8024,21.9,10.7,80.5,0.52,0.88,0.07,0.04,0.9455,12.6227,1
1984.0,0.0,32,15.0,21.4183,14.1,15.5,0.0,0.62,0.78,0.0,0.06,0.9658,15.7518,1
1984.0,0.0,31,37.9,54.3843,6.0,50.9,0.0,0.32,0.74,0.03,0.23,0.9238,13.6841,0
1609.0,16.0,70,71.4,178.4092,37.7,67.4,86.6,0.29,0.63,0.06,0.29,0.9603,14.4606,0
1593.0,-16.0,69,59.5,131.9633,43.6,57.6,66.2,0.45,0.71,0.04,0.26,0.8839,10.2833,0
1811.0,-20.0,65,59.0,159.5106,73.3,46.1,68.8,0.45,0.77,0.08,0.08,0.9587,12.635,0
1831.0,20.0,64,78.3,196.084,37.2,44.4,133.6,0.42,0.77,0.11,0.14,0.9295,11.2102,0
1646.0,9.0,58,22.2,26.3618,35.1,23.8,12.2,0.4,0.67,0.0,0.16,0.9608,13.5027,1
1637.0,-9.0,57,53.2,137.9925,20.9,53.3,69.1,0.4,0.7,0.05,0.21,0.9088,10.6226,1
1344.0,-22.0,36,25.8,37.5039,18.5,28.7,0.0,0.5,0.72,0.0,0.14,0.9621,15.6333,1
1366.0,22.0,35,62.8,170.5048,12.4,80.2,0.0,0.23,0.66,0.06,0.23,0.9577,14.7284,0
1650.0,150.0,68,19.1,30.4947,45.3,24.1,4.5,0.49,0.72,0.0,0.16,0.9658,13.3652,1
1500.0,-150.0,68,18.4,40.1909,17.6,34.0,2.4,0.53,0.84,0.01,0.09,0.9667,13.1721,0
1719.0,-56.0,33,75.2,185.1982,30.1,94.9,0.0,0.27,0.48,0.09,0.18,0.9403,14.696,0
1775.0,56.0,33,24.0,50.4892,28.4,22.4,0.0,0.61,0.76,0.03,0.06,0.9628,15.5224,1
1896.0,14.0,46,44.2,61.3341,19.5,33.9,136.7,0.46,0.67,0.07,0.17,0.9676,13.3797,0
1882.0,-14.0,46,39.1,44.8433,25.6,26.9,108.7,0.26,0.59,0.02,0.28,0.9598,14.0665,0
1739.0,42.0,45,83.6,206.8582,70.5,67.1,208.4,0.42,0.71,0.07,0.29,0.9018,13.8756,0
1697.0,-42.0,45,50.5,158.4782,30.7,66.5,0.0,0.62,0.89,0.04,0.11,0.969,15.3557,1
1847.0,7.0,71,24.2,39.7171,51.2,29.5,10.3,0.58,0.85,0.0,0.15,0.9421,12.724,1
1840.0,-7.0,70,32.9,59.3821,21.7,33.7,35.4,0.44,0.71,0.03,0.2,0.9367,10.5374,1
1808.0,-8.0,31,25.5,65.646,29.9,23.3,0.0,0.71,0.87,0.06,0.0,0.9649,15.5137,1
1816.0,8.0,30,69.3,182.5781,42.6,80.8,0.0,0.47,0.73,0.07,0.23,0.9275,14.0267,0
1552.0,15.0,12,107.5,286.14,29.0,500.0,0.0,0.42,0.67,0.08,0.08,0.9491,13.8128,0
1537.0,-15.0,12,13.5,31.1871,3.9,42.3,0.0,0.75,0.83,0.0,0.08,0.9545,15.3046,0
1846.0,7.0,66,83.3,238.7829,17.5,34.5,165.0,0.38,0.73,0.09,0.08,0.9658,13.5346,0
1839.0,-7.0,65,96.9,240.088,15.0,52.8,176.1,0.45,0.69,0.11,0.17,0.8652,10.6121,0
1522.0,49.0,29,36.2,48.4253,17.3,46.1,0.0,0.34,0.62,0.0,0.24,0.9627,15.3206,0
1473.0,-49.0,28,85.1,235.7782,17.4,117.2,0.0,0.39,0.68,0.07,0.14,0.883,11.9198,0
1981.0,-20.0,58,35.9,64.2341,39.6,31.7,41.1,0.43,0.69,0.02,0.19,0.9289,12.8135,0
2001.0,20.0,57,34.4,84.9703,35.7,31.5,38.4,0.47,0.72,0.05,0.05,0.9702,13.0782,1
1500.0,0.0,49,75.1,204.4484,33.2,107.3,14.4,0.39,0.69,0.08,0.12,0.9717,14.9767,0
1500.0,0.0,48,114.9,269.476,43.2,133.2,125.8,0.29,0.54,0.1,0.15,0.9303,13.9386,0
1992.0,-3.0,69,99.5,174.8438,35.1,58.9,163.7,0.43,0.74,0.13,0.25,0.9214,11.8808,0
1995.0,3.0,68,89.1,207.5812,32.7,26.6,171.2,0.4,0.69,0.13,0.1,0.9628,12.7858,0
2003.0,16.0,31,14.3,29.6637,26.0,8.7,0.0,0.58,0.87,0.0,0.06,0.9675,15.2632,1
1987.0,-16.0,30,53.3,180.9854,25.2,65.3,0.0,0.4,0.87,0.03,0.2,0.9299,14.6159,0
2616.0,991.0,28,11.8,18.063,12.5,11.3,0.0,0.64,0.89,0.0,0.07,0.9674,16.1893,1
1625.0,-991.0,27,66.6,191.9824,9.6,95.2,0.0,0.37,0.59,0.04,0.19,0.9557,14.9954,0
1639.0,-70.0,44,58.5,119.5275,19.2,79.4,0.2,0.32,0.59,0.09,0.2,0.8746,13.5358,0
1709.0,70.0,44,27.0,68.1416,23.1,32.6,0.0,0.52,0.77,0.02,0.09,0.9721,15.4256,1
1934.0,-71.0,33,76.8,176.4009,43.9,91.2,0.0,0.33,0.61,0.06,0.27,0.9167,13.3961,0
2005.0,71.0,33,51.1,174.0521,36.1,56.7,0.0,0.58,0.73,0.03,0.15,0.9618,15.185,1
1809.0,24.0,35,34.9,59.355,67.7,21.7,0.0,0.51,0.71,0.03,0.23,0.9706,14.5282,1
1785.0,-24.0,34,71.6,183.2174,33.0,85.5,0.0,0.44,0.76,0.09,0.18,0.9684,14.6867,1
1391.0,-184.0,30,83.3,210.5836,19.8,115.0,0.0,0.2,0.43,0.1,0.13,0.9583,14.2301,0
1575.0,184.0,30,56.9,183.9256,26.8,69.9,0.0,0.47,0.83,0.07,0.07,0.959,15.4932,1
1982.0,-18.0,30,27.7,30.6031,11.4,35.9,0.0,0.47,0.63,0.0,0.23,0.9541,15.6846,0
2000.0,18.0,29,92.2,210.0914,75.2,99.9,0.0,0.28,0.66,0.07,0.38,0.9299,13.2467,1
1450.0,-66.0,33,81.1,189.2792,22.2,106.7,0.0,0.39,0.67,0.09,0.18,0.9651,15.1067,0
1516.0,66.0,33,31.7,41.1063,32.0,31.5,0.0,0.36,0.67,0.03,0.27,0.9675,14.8722,1
1762.0,4.0,68,50.0,174.0139,10.0,33.3,82.2,0.4,0.81,0.04,0.07,0.9483,13.4251,1
1758.0,-4.0,67,51.1,134.9247,6.7,42.5,74.6,0.42,0.66,0.06,0.19,0.9384,11.4511,0
1959.0,-26.0,44,19.3,31.0232,7.7,25.5,1.8,0.43,0.68,0.0,0.11,0.9705,16.0074,1
1985.0,26.0,43,56.4,154.769,16.3,37.8,286.2,0.26,0.53,0.05,0.16,0.9422,11.5299,0
1785.0,0.0,19,14.7,27.2496,23.8,4.7,0.0,0.68,0.84,0.0,0.11,0.9544,15.3794,1
1785.0,0.0,18,76.3,232.5437,27.0,125.6,0.0,0.39,0.61,0.06,0.11,0.9559,15.0641,0
1925.0,52.0,44,30.5,58.6093,26.6,35.9,0.0,0.32,0.68,0.05,0.07,0.9617,15.755,0
1873.0,-52.0,43,76.2,173.6719,83.2,84.2,0.2,0.28,0.6,0.12,0.14,0.9015,11.5304,0
1553.0,34.0,20,122.4,253.6063,102.5,142.3,0.0,0.4,0.6,0.1,0.3,0.9557,12.493,0
1519.0,-34.0,20,31.1,34.0379,51.4,14.4,0.0,0.5,0.75,0.0,0.25,0.9541,15.1557,1
2082.0,112.0,41,82.2,165.1572,26.9,86.4,508.0,0.32,0.61,0.15,0.07,0.9642,14.5842,0
1970.0,-112.0,40,82.7,161.8004,34.8,82.2,531.0,0.5,0.8,0.12,0.12,0.9246,11.2228,0
1597.0,10.0,40,53.8,168.5393,10.8,68.1,0.0,0.42,0.62,0.05,0.1,0.967,14.4485,1
1587.0,-10.0,39,73.5,178.4797,9.9,92.5,0.0,0.28,0.62,0.13,0.08,0.8925,11.9942,0
1846.0,177.0,37,39.8,96.783,36.8,40.9,0.0,0.49,0.7,0.03,0.24,0.9329,13.909,0
1669.0,-177.0,37,43.8,133.9267,38.4,45.6,0.0,0.54,0.73,0.05,0.16,0.8447,12.6794,0
1877.0,-28.0,36,51.5,110.2951,105.1,30.8,0.0,0.36,0.81,0.06,0.25,0.9618,13.8968,0
1905.0,28.0,35,95.8,186.8942,62.0,107.5,0.0,0.37,0.46,0.11,0.31,0.9355,13.6564,1
1980.0,12.0,52,78.8,232.7392,11.9,128.6,10.2,0.4,0.77,0.06,0.15,0.9405,14.3508,0
1968.0,-12.0,51,112.8,263.1753,17.7,173.6,31.9,0.45,0.65,0.08,0.27,0.9115,12.1264,0
1391.0,4.0,48,16.7,39.5619,42.2,12.1,2.2,0.6,0.77,0.02,0.04,0.9568,14.3782,1
1387.0,-4.0,47,54.6,151.2143,64.4,32.7,125.2,0.28,0.62,0.06,0.15,0.9115,11.1449,0
1912.0,-6.0,45,15.2,25.104,16.8,15.8,8.6,0.64,0.87,0.0,0.09,0.9673,14.5718,1
1918.0,6.0,44,27.9,48.6015,10.8,33.2,26.8,0.45,0.75,0.02,0.16,0.9422,12.7924,0
2113.0,459.0,32,60.7,97.5958,43.5,68.5,0.0,0.44,0.59,0.06,0.34,0.8984,13.5807,0
1654.0,-459.0,32,33.1,65.1163,73.7,17.2,0.0,0.59,0.88,0.06,0.12,0.9648,15.0996,1
1579.0,-5.0,36,19.9,16.9712,22.1,19.1,0.0,0.36,0.67,0.0,0.03,0.9559,14.7317,1
1584.0,5.0,35,60.0,168.652,20.4,73.7,0.0,0.31,0.6,0.03,0.23,0.9398,13.6802,0
1658.0,-17.0,80,47.5,134.9294,18.9,57.6,47.0,0.4,0.76,0.05,0.14,0.9668,12.0312,0
1675.0,17.0,80,25.9,63.2464,19.3,43.6,14.4,0.47,0.74,0.05,0.09,0.9711,12.8935,1
1867.0,-15.0,29,83.0,185.5678,40.0,105.6,0.0,0.28,0.66,0.07,0.38,0.8962,13.1767,0
1882.0,15.0,29,13.9,19.9011,26.9,8.0,0.0,0.55,0.9,0.0,0.1,0.9654,15.693,1
1979.0,58.0,49,77.2,146.7118,43.9,104.8,22.2,0.51,0.71,0.1,0.22,0.9411,12.9394,0
1921.0,-58.0,49,73.9,144.5919,28.7,99.3,38.2,0.35,0.67,0.1,0.24,0.9517,14.1325,0
1498.0,12.0,22,163.6,269.2606,5.2,295.7,0.0,0.41,0.64,0.23,0.14,0.9613,16.3803,0
1486.0,-12.0,21,163.2,248.034,49.3,248.6,0.0,0.38,0.71,0.24,0.19,0.9722,11.0493,0
1872.0,1.0,26,19.3,37.989,28.5,13.5,0.0,0.5,0.77,0.0,0.08,0.9546,14.3672,1
1871.0,-1.0,25,91.1,203.9802,34.6,122.9,0.0,0.28,0.6,0.12,0.2,0.9578,14.2923,0
1522.0,-13.0,51,106.1,230.6641,71.2,47.0,299.1,0.2,0.53,0.08,0.29,0.9618,11.366,0
1535.0,13.0,51,40.8,142.5439,34.9,25.6,83.4,0.53,0.78,0.04,0.12,0.9606,15.1354,0
1450.0,-57.0,56,40.0,60.8641,20.4,41.6,49.3,0.32,0.59,0.04,0.25,0.9301,11.4836,0
1507.0,57.0,56,20.0,42.0977,10.8,24.3,17.1,0.43,0.77,0.0,0.12,0.9662,12.6383,1
1766.0,-47.0,30,37.8,66.7764,12.5,50.4,0.0,0.4,0.73,0.07,0.17,0.9586,15.4507,1
1813.0,47.0,29,79.6,188.9436,32.6,100.8,0.0,0.21,0.72,0.07,0.24,0.9602,12.8123,0
1846.0,26.0,68,42.8,123.6127,24.0,47.0,44.9,0.29,0.65,0.04,0.12,0.9608,13.9936,0
1820.0,-26.0,67,84.1,203.9781,33.6,61.8,124.1,0.39,0.66,0.1,0.12,0.907,10.5579,1
1416.0,-37.0,25,74.9,197.7829,24.9,108.3,0.0,0.32,0.6,0.04,0.28,0.9558,14.3308,0
1453.0,37.0,25,9.9,15.6853,7.2,11.4,0.0,0.68,0.96,0.0,0.04,0.9433,14.2005,1
1889.0,-9.0,32,78.3,182.7296,40.4,95.5,0.0,0.44,0.62,0.09,0.25,0.966,14.5699,0
1898.0,9.0,32,27.4,48.8387,43.4,21.2,0.0,0.47,0.81,0.03,0.09,0.9655,14.5702,1
2017.0,169.0,72,38.5,66.6969,29.9,44.1,36.0,0.43,0.71,0.03,0.24,0.9722,14.3926,1
1848.0,-169.0,71,58.8,129.0797,20.7,49.3,78.6,0.34,0.61,0.04,0.3,0.9611,12.8278,0
1434.0,69.0,26,73.3,206.6639,21.4,105.8,0.0,0.46,0.73,0.08,0.12,0.9229,14.5439,0
1365.0,-69.0,26,16.2,33.5789,36.9,5.3,0.0,0.58,0.85,0.0,0.08,0.9567,15.3399,1
1943.0,30.0,48,22.3,37.4662,14.8,24.2,24.9,0.56,0.77,0.0,0.17,0.9675,15.0383,1
1913.0,-30.0,47,56.8,147.982,21.2,41.6,154.1,0.43,0.66,0.02,0.26,0.9524,13.5661,0
1803.0,28.0,28,43.8,69.4157,9.2,63.0,0.0,0.14,0.68,0.04,0.29,0.955,14.066,0
1775.0,-28.0,28,5.2,10.1764,2.4,6.5,0.0,0.79,0.89,0.0,0.0,0.9626,15.7701,1
1747.0,4.0,52,68.9,192.8113,20.9,30.7,204.5,0.37,0.69,0.04,0.21,0.9305,14.5348,0
1743.0,-4.0,52,36.6,139.5128,20.3,14.0,99.8,0.65,0.85,0.02,0.08,0.968,14.046,1
1562.0,-110.0,16,106.1,243.9925,36.0,222.8,0.0,0.38,0.44,0.06,0.31,0.9547,14.9774,0
1672.0,110.0,16,12.8,17.2183,15.7,9.0,0.0,0.69,0.75,0.0,0.06,0.9544,14.8601,0
1802.0,11.0,32,49.7,174.6681,8.3,68.5,0.0,0.28,0.72,0.03,0.09,0.9357,14.7147,0
1791.0,-11.0,32,25.9,38.4488,4.4,34.3,0.0,0.56,0.75,0.0,0.22,0.9665,15.6422,0
1588.0,-75.0,35,28.7,35.4064,22.0,31.4,0.0,0.37,0.74,0.0,0.26,0.968,15.2781,0
1663.0,75.0,34,77.6,181.2175,22.8,97.3,0.0,0.21,0.59,0.09,0.24,0.9316,13.5865,0
1696.0,-6.0,57,56.4,139.745,42.2,77.6,27.2,0.35,0.68,0.05,0.19,0.9696,14.791,0
1702.0,6.0,56,66.6,143.188,75.6,81.6,35.4,0.32,0.61,0.09,0.23,0.9588,10.9687,1
1649.0,68.0,36,71.9,183.3408,20.3,91.7,0.0,0.25,0.56,0.08,0.11,0.9341,13.2112,0
1581.0,-68.0,36,26.9,59.2251,15.6,30.6,0.0,0.33,0.67,0.03,0.06,0.9344,14.3778,1
1973.0,-96.0,21,43.0,124.691,72.2,16.5,0.0,0.62,0.81,0.05,0.05,0.957,15.1245,1
2069.0,96.0,20,114.5,240.7918,37.8,177.3,0.0,0.4,0.55,0.1,0.35,0.8575,12.3997,0
1828.0,-16.0,23,78.9,207.2537,19.4,124.7,0.0,0.35,0.57,0.04,0.26,0.8664,13.6636,0
1844.0,16.0,23,13.9,21.8784,9.6,16.6,0.0,0.74,0.87,0.0,0.09,0.9619,15.6085,1
1265.0,-91.0,76,106.2,239.6236,29.5,95.4,136.5,0.46,0.76,0.11,0.22,0.8668,10.3492,0
1356.0,91.0,76,119.8,282.5982,23.2,80.1,175.4,0.45,0.76,0.13,0.09,0.9431,14.1183,1
1553.0,39.0,48,60.3,203.1232,16.9,90.7,0.8,0.52,0.79,0.06,0.06,0.9489,11.5023,1
1514.0,-39.0,48,58.8,201.288,18.0,88.5,0.7,0.42,0.77,0.04,0.1,0.9646,15.5933,0
1837.0,-2.0,65,15.6,31.7946,9.7,23.0,9.1,0.48,0.83,0.0,0.11,0.9553,14.6137,1
1839.0,2.0,64,56.0,136.7091,37.7,28.1,96.0,0.39,0.62,0.05,0.25,0.9511,12.6962,0
1892.0,46.0,56,42.5,80.3026,58.7,27.6,60.2,0.5,0.84,0.05,0.16,0.8693,10.6085,1
1846.0,-46.0,56,20.8,51.8336,59.9,16.2,8.1,0.64,0.86,0.02,0.11,0.9379,14.2255,1
1608.0,11.0,65,56.8,175.3317,25.5,43.9,84.7,0.42,0.71,0.05,0.15,0.9759,14.5036,0
1597.0,-11.0,64,91.1,220.0049,7.6,49.3,171.3,0.47,0.83,0.11,0.2,0.9143,10.8015,0
1794.0,-81.0,19,106.4,247.07,26.7,195.0,0.0,0.53,0.74,0.11,0.16,0.9383,13.9707,0
1875.0,81.0,19,27.6,46.0739,25.2,29.8,0.0,0.53,0.63,0.0,0.21,0.962,15.5754,0
1925.0,-13.0,45,99.0,250.1778,15.0,110.1,200.0,0.4,0.56,0.09,0.18,0.9647,14.2847,0
1938.0,13.0,44,113.8,287.5003,18.7,127.8,200.6,0.34,0.8,0.11,0.11,0.9131,12.3152,0
1217.0,35.0,41,72.6,219.3976,53.1,81.6,0.0,0.56,0.8,0.07,0.15,0.965,15.1164,0
1182.0,-35.0,40,143.2,300.0138,128.9,152.2,0.0,0.42,0.7,0.17,0.15,0.8551,8.5182,1
1999.0,-81.0,23,44.4,94.1719,61.8,31.0,0.0,0.65,0.83,0.04,0.22,0.9647,15.0293,1
2080.0,81.0,22,128.4,243.0682,65.4,172.0,0.0,0.41,0.73,0.18,0.23,0.9137,11.7053,1
1434.0,-480.0,56,134.2,276.1951,9.7,44.2,380.6,0.34,0.62,0.14,0.18,0.9047,12.1953,0
1914.0,480.0,55,146.1,318.7576,9.8,20.5,458.2,0.36,0.65,0.15,0.11,0.961,14.7108,0
1768.0,109.0,28,24.4,39.5506,25.6,23.7,0.0,0.68,0.89,0.0,0.14,0.9615,15.6225,1
1659.0,-109.0,27,79.5,196.2266,31.8,103.4,0.0,0.41,0.63,0.07,0.26,0.9554,15.0663,0
1755.0,-3.0,68,32.6,61.7067,32.2,22.6,43.4,0.47,0.71,0.04,0.12,0.9542,11.054,0
1758.0,3.0,68,37.8,128.0609,26.9,22.4,57.2,0.54,0.84,0.04,0.07,0.9436,12.0732,0
1882.0,33.0,36,39.8,44.6206,48.3,36.6,0.0,0.33,0.64,0.0,0.33,0.9715,15.4783,0
1849.0,-33.0,36,13.5,25.1584,30.9,7.7,0.0,0.78,0.86,0.0,0.08,0.9591,14.5737,1
1646.0,-12.0,70,100.0,254.4155,26.5,31.7,192.8,0.4,0.7,0.07,0.2,0.8376,11.7637,0
1658.0,12.0,70,74.4,232.2049,24.0,15.1,146.5,0.44,0.84,0.07,0.09,0.9658,14.3394,1
1947.0,-11.0,36,61.9,167.9905,39.0,70.8,0.0,0.39,0.69,0.06,0.22,0.9559,14.2479,0
1958.0,11.0,36,15.6,23.3782,24.9,12.4,0.0,0.61,0.83,0.0,0.08,0.9633,15.1184,1
1748.0,-50.0,27,37.9,62.9027,50.8,30.2,0.0,0.44,0.59,0.04,0.19,0.9352,12.6228,0
1798.0,50.0,26,60.9,193.7837,24.2,80.3,0.0,0.35,0.69,0.04,0.23,0.9244,13.6078,1
1291.0,17.0,59,52.6,151.8391,40.0,36.9,83.9,0.44,0.75,0.05,0.19,0.9439,13.0091,0
1274.0,-17.0,58,99.3,213.1276,42.3,43.0,215.2,0.36,0.66,0.12,0.22,0.8909,11.1958,0
1537.0,-1.0,60,40.9,140.2774,18.4,31.9,65.7,0.53,0.68,0.05,0.1,0.9603,13.7032,1
1538.0,1.0,59,81.7,214.9272,7.7,54.4,156.0,0.36,0.76,0.08,0.14,0.9046,10.3617,0
1192.0,33.0,65,81.1,243.3864,21.4,34.7,160.7,0.28,0.63,0.08,0.08,0.9634,14.2816,0
1159.0,-33.0,64,77.0,218.691,16.4,50.6,130.4,0.47,0.77,0.08,0.11,0.8588,9.1771,0
1763.0,33.0,22,105.5,291.6522,26.0,171.8,0.0,0.5,0.82,0.09,0.05,0.9596,15.5579,0
1730.0,-33.0,21,188.2,351.047,8.0,323.4,0.0,0.24,0.57,0.19,0.14,0.9084,12.7781,0
1860.0,-39.0,70,46.7,133.815,21.1,24.5,77.4,0.63,0.86,0.04,0.13,0.9444,13.083,1
1899.0,39.0,70,11.8,41.2392,2.7,16.8,9.7,0.67,0.93,0.01,0.03,0.9705,14.7232,1
1977.0,10.0,48,187.8,345.2247,20.4,126.0,628.8,0.44,0.62,0.21,0.23,0.8911,12.2287,0
1967.0,-10.0,47,126.6,306.7376,25.3,23.9,625.8,0.47,0.7,0.11,0.15,0.9394,14.6903,0
1863.0,1.0,44,69.5,158.8952,12.3,64.4,250.2,0.14,0.59,0.05,0.25,0.9685,13.7815,0
1862.0,-1.0,44,20.6,31.9936,21.3,23.8,0.0,0.55,0.75,0.0,0.16,0.9674,14.6286,1
1550.0,-73.0,27,20.4,36.6251,27.7,16.1,0.0,0.67,0.85,0.0,0.15,0.9567,15.5689,1
1623.0,73.0,26,79.2,207.624,13.9,113.8,0.0,0.35,0.58,0.08,0.12,0.963,14.3186,0
1916.0,-8.0,65,55.8,111.1005,62.1,45.8,65.1,0.31,0.65,0.05,0.2,0.9766,13.1635,0
1924.0,8.0,65,33.6,102.6897,61.7,44.9,10.9,0.66,0.86,0.06,0.03,0.9605,13.1851,1
1166.0,0.0,33,80.0,109.1686,28.9,102.3,0.0,0.33,0.58,0.24,0.09,0.9587,14.4046,0
1166.0,0.0,33,80.8,117.57,30.8,99.6,0.0,0.39,0.55,0.18,0.18,0.9644,12.907,0
1789.0,-26.0,28,45.1,97.4922,16.6,61.0,0.0,0.5,0.75,0.07,0.11,0.9595,14.9827,0
1815.0,26.0,27,119.7,260.9654,20.3,169.3,0.0,0.48,0.7,0.19,0.07,0.9267,14.7287,1
1759.0,-64.0,64,105.1,231.5097,23.5,27.4,236.2,0.38,0.77,0.11,0.27,0.9252,10.7391,0
1823.0,64.0,64,53.3,150.2466,12.8,27.8,98.5,0.33,0.67,0.06,0.12,0.9431,11.7312,0
1924.0,14.0,36,115.4,207.9841,23.8,150.7,0.0,0.5,0.67,0.17,0.14,0.9343,14.491,0
1910.0,-14.0,35,115.6,195.3775,6.0,153.6,0.0,0.46,0.69,0.14,0.2,0.9598,14.9964,0
1419.0,-114.0,68,23.0,44.4206,34.2,24.5,17.4,0.5,0.74,0.01,0.13,0.9641,13.3946,1
1533.0,114.0,67,47.7,130.1394,43.9,31.6,66.2,0.51,0.7,0.03,0.25,0.8921,10.43,0
1184.0,-558.0,35,12.5,23.4375,11.3,13.0,0.0,0.63,0.83,0.0,0.03,0.9533,14.7161,0
1742.0,558.0,34,63.5,177.3331,24.8,77.5,0.0,0.35,0.74,0.06,0.15,0.8509,10.6841,1
1458.0,-90.0,53,77.3,164.7111,87.9,65.1,97.1,0.51,0.72,0.11,0.17,0.9458,12.0243,0
1548.0,90.0,53,34.0,85.9751,34.1,47.0,6.2,0.58,0.79,0.04,0.08,0.9667,15.0624,1
1896.0,-3.0,42,33.7,42.9021,46.0,31.9,0.0,0.55,0.69,0.02,0.21,0.9613,16.0673,1
1899.0,3.0,41,68.0,158.1427,36.1,48.7,500.0,0.24,0.54,0.07,0.22,0.9603,14.0903,0
1188.0,-847.0,51,129.0,267.5214,10.4,167.5,131.9,0.41,0.65,0.14,0.22,0.9138,11.6393,0
2035.0,847.0,51,111.4,270.1713,23.8,144.8,93.5,0.39,0.67,0.1,0.2,0.9688,15.2521,0
1791.0,-16.0,18,130.0,236.2018,27.1,258.6,0.0,0.33,0.5,0.22,0.22,0.956,13.9601,0
1807.0,16.0,18,27.1,55.19,28.4,25.7,0.0,0.56,0.78,0.06,0.17,0.9619,15.5983,0
1927.0,39.0,72,40.9,105.8452,29.8,78.9,8.8,0.42,0.78,0.04,0.14,0.9428,12.652,1
1888.0,-39.0,72,39.6,63.6508,30.6,56.9,26.4,0.36,0.71,0.04,0.19,0.9698,12.9763,0
1140.0,-84.0,31,64.9,70.5201,48.8,72.6,0.0,0.29,0.48,0.03,0.32,0.9572,14.0704,0
1224.0,84.0,31,50.4,178.8283,47.6,51.5,0.0,0.52,0.81,0.03,0.13,0.9637,15.967,1
1851.0,-72.0,32,82.9,197.2956,11.8,115.2,0.0,0.41,0.62,0.16,0.03,0.9562,13.9935,0
1923.0,72.0,32,42.8,175.6051,8.4,56.2,0.0,0.5,0.84,0.03,0.06,0.9609,15.1821,1
1868.0,95.0,43,55.5,73.5107,80.9,52.1,4.3,0.35,0.6,0.05,0.3,0.9628,14.3208,1
1773.0,-95.0,42,99.7,166.3435,122.3,59.9,429.7,0.33,0.62,0.12,0.38,0.9661,13.1644,0
1543.0,-258.0,41,8.6,17.3951,22.4,4.3,0.0,0.68,0.83,0.0,0.02,0.957,14.0303,1
1801.0,258.0,40,54.2,163.2646,16.7,67.2,2.0,0.28,0.65,0.05,0.1,0.932,12.9488,0
1723.0,-21.0,67,80.6,153.9983,56.0,89.4,80.0,0.49,0.72,0.12,0.27,0.944,12.8713,0
1744.0,21.0,67,52.6,104.6392,73.8,72.8,24.1,0.48,0.73,0.1,0.16,0.9575,13.4137,1
1494.0,-25.0,42,25.6,59.3435,50.9,18.9,0.0,0.62,0.86,0.05,0.07,0.9298,13.0364,1
1519.0,25.0,41,67.4,166.4396,51.6,76.4,4.0,0.41,0.78,0.07,0.2,0.9402,12.1304,0
1463.0,-21.0,41,11.6,15.9796,16.7,10.3,0.0,0.54,0.76,0.0,0.05,0.9648,14.6235,1
1484.0,21.0,40,55.0,167.7711,10.7,36.9,1000.0,0.45,0.78,0.07,0.07,0.9663,14.7959,1
1903.0,111.0,28,75.1,186.4251,33.9,98.0,0.0,0.43,0.68,0.04,0.32,0.9329,15.0779,0
1792.0,-111.0,28,48.2,78.2937,68.2,38.8,0.0,0.39,0.61,0.04,0.18,0.9578,14.512,1
1855.0,-132.0,31,22.8,37.4567,13.6,27.2,0.0,0.48,0.81,0.0,0.13,0.9606,15.1242,1
1987.0,132.0,30,88.1,197.7783,41.4,108.1,0.0,0.2,0.43,0.07,0.33,0.9306,14.0547,0
1754.0,-4.0,24,46.6,101.2637,87.9,17.1,0.0,0.5,0.83,0.08,0.12,0.9577,15.1862,1
1758.0,4.0,23,125.0,259.5479,150.2,108.7,0.0,0.35,0.57,0.13,0.22,0.8702,12.4541,1
1963.0,20.0,55,23.6,48.5672,10.5,35.8,7.8,0.6,0.78,0.02,0.11,0.9383,12.9399,1
1943.0,-20.0,54,66.4,162.1419,12.6,34.5,162.7,0.5,0.74,0.09,0.13,0.9431,10.8884,0
1965.0,-82.0,30,63.8,182.5221,5.1,93.2,0.0,0.4,0.67,0.03,0.23,0.9343,15.3463,0
2047.0,82.0,30,24.4,56.8419,15.4,28.2,0.0,0.57,0.87,0.03,0.1,0.9581,14.8146,1
1957.0,-70.0,58,43.1,135.9869,3.4,54.2,46.8,0.59,0.88,0.03,0.17,0.9141,11.892,1
2027.0,70.0,58,54.7,186.425,4.1,22.7,129.3,0.48,0.83,0.05,0.07,0.969,14.9039,0
1485.0,-42.0,30,80.2,185.4953,32.5,104.0,0.0,0.33,0.6,0.07,0.23,0.9572,14.4147,0
1527.0,42.0,30,50.7,76.891,34.1,57.8,0.0,0.33,0.57,0.03,0.27,0.9556,15.2931,0
1902.0,-5.0,43,55.7,158.3872,33.2,68.8,0.3,0.49,0.77,0.07,0.09,0.9434,14.8846,1
1907.0,5.0,42,99.0,216.5988,28.8,96.6,333.3,0.36,0.55,0.1,0.33,0.9301,13.7475,0
1658.0,1.0,42,48.9,153.3815,22.7,60.9,0.0,0.52,0.69,0.02,0.21,0.9589,15.4137,1
1657.0,-1.0,41,68.3,182.8568,100.7,63.1,0.0,0.44,0.76,0.05,0.2,0.8873,11.0578,1
1577.0,-38.0,26,81.2,203.0739,27.3,114.8,0.0,0.38,0.58,0.08,0.15,0.9184,14.0683,0
1615.0,38.0,26,12.3,20.7961,13.7,11.6,0.0,0.58,0.85,0.0,0.08,0.9626,14.9198,1
1810.0,20.0,55,30.8,134.8717,16.1,13.0,76.2,0.47,0.78,0.02,0.05,0.9678,15.0715,1
1790.0,-20.0,54,61.6,153.9515,8.7,33.1,150.3,0.41,0.72,0.06,0.19,0.9678,12.4965,0
1120.0,-6.0,48,50.1,61.4839,32.9,58.0,42.0,0.42,0.67,0.04,0.31,0.9566,10.9621,0
1126.0,6.0,48,95.5,277.5197,37.1,75.0,222.2,0.56,0.77,0.1,0.04,0.9454,15.2552,1
1959.0,80.0,52,109.6,210.3849,15.4,70.8,285.2,0.42,0.71,0.15,0.15,0.9648,12.6274,1
1879.0,-80.0,51,95.7,212.1743,18.0,36.3,302.5,0.35,0.65,0.16,0.08,0.9343,13.0998,0
1981.0,-26.0,60,51.2,136.7366,22.0,15.5,119.5,0.42,0.75,0.07,0.17,0.9422,10.9997,0
2007.0,26.0,60,15.2,32.0285,23.9,12.9,14.8,0.52,0.82,0.0,0.08,0.948,12.0116,1
1624.0,1.0,11,47.2,63.8871,51.9,0.0,0.0,0.64,0.64,0.0,0.36,0.953,15.442,1
1623.0,-1.0,10,158.4,302.0788,64.9,1000.0,0.0,0.2,0.4,0.1,0.4,0.9456,13.7629,0
1041.0,-113.0,47,55.8,163.7871,36.0,42.0,143.0,0.62,0.87,0.06,0.11,0.9632,13.4187,1
1154.0,113.0,46,76.4,205.6456,25.6,41.2,292.7,0.5,0.74,0.09,0.17,0.8846,12.4132,1
1716.0,-22.0,66,36.1,130.0337,24.8,16.6,63.0,0.55,0.8,0.03,0.11,0.9656,13.3102,1
1738.0,22.0,65,77.3,211.3048,32.6,16.7,162.7,0.43,0.66,0.08,0.2,0.9061,11.2225,0
1944.0,34.0,61,46.9,80.1989,10.3,47.3,63.7,0.33,0.66,0.03,0.25,0.9405,13.1201,0
1910.0,-34.0,60,46.1,110.5799,17.2,33.0,77.3,0.35,0.68,0.05,0.17,0.9676,13.2381,1
1739.0,-15.0,36,73.2,175.7967,28.0,90.6,0.0,0.39,0.67,0.11,0.17,0.9341,13.3431,0
1754.0,15.0,36,30.4,68.4043,25.2,32.1,0.0,0.61,0.81,0.06,0.06,0.9702,15.3522,1
1957.0,-6.0,32,234.7,356.9736,51.7,317.9,0.0,0.16,0.53,0.31,0.19,0.9682,14.7536,1
1963.0,6.0,32,198.2,323.1097,51.8,255.6,0.0,0.22,0.38,0.22,0.31,0.9641,15.094,0
1900.0,18.0,44,96.9,184.2454,39.2,51.2,584.2,0.45,0.77,0.11,0.18,0.9656,11.9606,1
1882.0,-18.0,44,114.4,193.4716,46.1,48.8,630.8,0.34,0.57,0.14,0.27,0.9643,14.5263,0
1787.0,-35.0,35,78.5,184.6541,44.9,91.9,0.0,0.4,0.6,0.09,0.2,0.932,13.8322,0
1822.0,35.0,35,36.1,68.1205,87.9,18.2,0.0,0.4,0.66,0.06,0.11,0.9685,14.7673,1
1807.0,-6.0,55,39.9,142.1507,22.5,19.5,92.4,0.45,0.78,0.05,0.09,0.9497,14.1214,0
1813.0,6.0,54,69.8,205.524,10.8,81.0,83.0,0.48,0.85,0.09,0.06,0.8381,9.6663,0
1888.0,55.0,62,93.5,196.8056,109.6,36.4,164.0,0.44,0.6,0.13,0.27,0.9218,11.9494,0
1833.0,-55.0,62,43.0,74.6222,86.6,44.8,23.5,0.39,0.68,0.06,0.21,0.9645,14.5906,0
1791.0,9.0,30,93.2,188.4562,71.9,103.8,0.0,0.43,0.7,0.1,0.3,0.8974,10.1405,0
1782.0,-9.0,30,22.4,48.05,44.7,12.9,0.0,0.53,0.93,0.0,0.1,0.9564,15.6162,1
1963.0,112.0,37,72.9,187.6752,12.3,95.4,0.0,0.35,0.7,0.08,0.14,0.928,13.9792,0
1851.0,-112.0,37,39.8,163.7679,13.9,48.1,0.0,0.49,0.78,0.03,0.05,0.9638,14.7363,1
1630.0,-48.0,36,29.5,59.0237,32.4,28.3,0.0,0.56,0.72,0.03,0.17,0.9579,15.1919,1
1678.0,48.0,35,80.7,177.3532,24.1,100.3,0.0,0.29,0.66,0.11,0.2,0.8419,12.3338,0
1764.0,34.0,23,66.1,104.0735,37.7,88.0,0.0,0.3,0.7,0.09,0.35,0.8941,12.5293,0
1730.0,-34.0,23,27.7,40.917,49.0,14.1,0.0,0.48,0.87,0.0,0.09,0.9654,16.0484,1
1867.0,-35.0,34,98.4,183.9232,77.7,107.0,0.0,0.26,0.53,0.12,0.35,0.951,14.6384,0
1902.0,35.0,34,54.9,111.4771,148.3,21.3,0.0,0.68,0.79,0.09,0.18,0.9562,13.2562,1
1755.0,-29.0,46,62.7,98.3373,29.7,33.4,263.8,0.35,0.57,0.13,0.13,0.9422,13.8334,0
1784.0,29.0,46,79.1,131.4896,27.4,46.5,285.4,0.35,0.61,0.13,0.2,0.9598,12.4901,0
2016.0,63.0,57,47.3,116.2792,13.2,63.8,38.1,0.44,0.77,0.07,0.14,0.95,13.5439,1
1953.0,-63.0,56,80.0,176.9294,5.8,86.5,107.9,0.36,0.68,0.11,0.21,0.9235,11.278,0
1890.0,11.0,75,19.2,47.4706,14.7,26.4,14.4,0.47,0.71,0.01,0.08,0.9661,14.4589,1
1879.0,-11.0,74,52.1,129.3725,48.9,33.3,68.9,0.38,0.78,0.05,0.16,0.9602,11.6494,1
2104.0,117.0,24,18.0,22.7797,25.4,12.6,0.0,0.5,0.79,0.0,0.12,0.9639,15.4476,1
1987.0,-117.0,23,71.4,152.9548,40.3,91.4,0.0,0.35,0.65,0.09,0.17,0.9617,13.17,0
1427.0,-23.0,44,23.9,32.3593,43.1,19.6,7.8,0.5,0.8,0.0,0.16,0.9604,14.4581,1
1450.0,23.0,43,37.0,63.663,77.4,28.8,7.0,0.42,0.79,0.02,0.16,0.9017,11.3389,0
1074.0,-79.0,47,59.9,158.6713,17.5,53.9,146.1,0.4,0.77,0.09,0.11,0.9132,13.3224,1
1153.0,79.0,46,99.9,225.931,24.3,69.9,325.7,0.37,0.7,0.11,0.22,0.9217,12.8567,1
1564.0,8.0,36,60.0,72.4005,56.8,61.2,0.0,0.42,0.53,0.06,0.31,0.9347,12.745,0
1556.0,-8.0,36,55.8,172.1929,32.4,63.6,0.0,0.44,0.72,0.06,0.11,0.9623,15.2547,1
2084.0,162.0,33,40.6,67.8149,80.7,23.2,0.0,0.27,0.61,0.06,0.18,0.9647,15.4312,1
1922.0,-162.0,32,67.6,162.354,59.8,70.7,0.0,0.31,0.62,0.03,0.28,0.9296,11.8918,1
1951.0,-39.0,79,90.8,159.9883,51.5,57.7,126.3,0.43,0.75,0.14,0.24,0.9643,13.1719,0
1990.0,39.0,78,104.5,206.1129,34.3,94.6,128.3,0.36,0.64,0.14,0.22,0.9436,13.2186,0
1833.0,-6.0,36,70.1,176.3549,21.0,89.0,0.0,0.39,0.61,0.06,0.19,0.9156,13.7519,1
1839.0,6.0,36,18.4,48.4829,7.8,21.9,0.0,0.64,0.89,0.03,0.08,0.9624,15.5882,1
1975.0,19.0,58,18.4,37.3884,5.6,19.5,23.7,0.59,0.84,0.0,0.07,0.9701,14.2423,1
1956.0,-19.0,58,16.4,34.0619,19.1,15.5,16.7,0.67,0.86,0.0,0.1,0.9505,12.6583,1
1951.0,45.0,51,92.5,166.6267,41.3,82.5,166.5,0.27,0.61,0.12,0.25,0.9536,13.0361,0
1906.0,-45.0,51,55.5,116.4595,59.1,47.1,74.0,0.45,0.78,0.1,0.1,0.9483,13.6456,1
1849.0,32.0,22,81.8,211.3929,12.1,139.8,0.0,0.36,0.64,0.05,0.23,0.957,14.2536,0
1817.0,-32.0,22,6.7,12.8966,5.3,7.6,0.0,0.68,0.91,0.0,0.05,0.913,13.8376,1
1580.0,30.0,58,38.5,76.6876,21.3,41.9,42.4,0.36,0.62,0.03,0.19,0.9724,13.7193,0
1550.0,-30.0,58,31.5,62.5247,20.0,46.6,13.1,0.57,0.76,0.03,0.12,0.9262,11.7773,1
1801.0,0.0,35,63.2,172.8807,49.0,68.9,0.0,0.34,0.63,0.06,0.14,0.8847,12.7636,0
1801.0,0.0,35,11.5,15.211,19.7,8.6,0.0,0.57,0.83,0.0,0.03,0.9676,14.9396,1
1704.0,174.0,67,59.6,141.5815,31.5,21.4,112.4,0.46,0.7,0.12,0.13,0.9548,13.1989,1
1530.0,-174.0,66,62.6,141.5459,27.1,31.6,108.8,0.42,0.74,0.09,0.15,0.9481,11.992,0
1465.0,50.0,48,48.1,145.6296,33.8,60.5,19.5,0.35,0.67,0.02,0.12,0.9688,15.3477,1
1415.0,-50.0,47,97.1,216.0574,10.1,91.2,217.4,0.43,0.64,0.13,0.15,0.9227,12.9564,0
1140.0,-13.0,50,65.7,174.5087,36.9,53.8,130.2,0.48,0.72,0.1,0.1,0.9294,13.4964,1
1153.0,13.0,50,23.1,40.512,27.1,28.7,4.5,0.5,0.72,0.0,0.14,0.9723,14.5217,1
1821.0,22.0,17,60.3,94.6598,95.9,9.4,0.0,0.47,0.65,0.06,0.29,0.9588,14.876,1
1799.0,-22.0,16,150.5,252.8496,98.1,217.9,0.0,0.19,0.56,0.25,0.31,0.8922,13.9355,0
1603.0,42.0,70,51.5,180.9499,39.2,104.4,2.7,0.56,0.74,0.04,0.09,0.9503,12.3704,1
1561.0,-42.0,69,75.3,207.1776,44.1,92.4,67.6,0.39,0.7,0.09,0.22,0.8704,9.6006,0
1677.0,-83.0,39,69.8,175.7811,44.3,78.6,0.0,0.31,0.74,0.1,0.1,0.9362,14.2077,0
1760.0,83.0,39,27.5,68.0889,26.3,27.9,0.0,0.59,0.79,0.03,0.13,0.9642,15.5377,1
1972.0,-12.0,38,134.1,227.0601,49.7,164.3,0.0,0.5,0.68,0.13,0.32,0.8421,10.8224,1
1984.0,12.0,37,112.3,240.0322,20.0,142.0,0.0,0.46,0.65,0.14,0.11,0.9441,14.913,1
1704.0,-16.0,131,15.5,91.4766,64.1,5.0,13.7,0.34,0.61,0.02,0.02,0.9725,13.2427,1
1720.0,16.0,131,8.2,22.5109,63.6,4.7,4.0,0.47,0.7,0.0,0.05,0.9781,13.0628,1
1749.0,74.0,29,76.1,191.6076,38.3,96.1,0.0,0.45,0.72,0.07,0.28,0.9593,15.1366,0
1675.0,-74.0,29,30.7,55.7726,41.7,25.8,0.0,0.52,0.83,0.03,0.1,0.9599,14.7577,1
1455.0,75.0,38,53.4,76.4307,43.6,56.9,0.0,0.37,0.68,0.05,0.26,0.8995,11.4004,0
1380.0,-75.0,38,20.0,33.244,43.1,12.9,0.0,0.58,0.76,0.0,0.16,0.9618,15.1257,1
1995.0,-6.0,62,48.7,133.2238,58.6,22.9,79.5,0.34,0.66,0.05,0.15,0.9655,12.0852,0
2001.0,6.0,62,30.1,126.7374,14.9,18.3,51.3,0.45,0.74,0.02,0.05,0.9573,14.2758,1
1105.0,-48.0,23,96.2,213.5153,37.4,141.4,0.0,0.26,0.61,0.13,0.26,0.9582,15.4209,0
1153.0,48.0,23,42.6,57.7092,66.0,27.5,0.0,0.57,0.7,0.04,0.17,0.9572,15.3062,1
1516.0,-19.0,41,31.8,46.6959,27.9,34.2,0.0,0.54,0.73,0.02,0.22,0.9693,14.1712,1
1535.0,19.0,40,55.0,75.4659,24.8,65.9,0.0,0.4,0.65,0.05,0.3,0.9419,12.7435,0
1791.0,4.0,31,22.8,31.5222,20.9,23.7,0.0,0.42,0.77,0.0,0.1,0.9658,15.9511,1
1787.0,-4.0,30,77.8,188.4032,21.2,102.0,0.0,0.27,0.6,0.07,0.17,0.9596,14.5554,1
1977.0,5.0,69,58.0,141.4164,51.5,38.2,80.7,0.33,0.7,0.09,0.12,0.9079,10.7868,0
1972.0,-5.0,69,25.8,80.5192,37.2,20.3,27.8,0.52,0.87,0.01,0.09,0.9373,13.162,1
1994.0,3.0,36,45.0,66.9356,38.9,47.4,0.0,0.33,0.61,0.06,0.25,0.9107,14.0955,0
1991.0,-3.0,36,16.6,27.4356,39.8,8.8,0.0,0.67,0.86,0.0,0.14,0.9632,14.4736,1
1911.0,-54.0,53,55.2,103.4839,18.5,43.5,110.6,0.42,0.66,0.06,0.25,0.9537,12.3339,0
1965.0,54.0,53,29.5,69.3327,18.1,14.6,68.8,0.62,0.81,0.04,0.13,0.9605,14.0243,1
1864.0,-5.0,61,70.8,186.7985,28.2,59.2,107.5,0.48,0.82,0.05,0.18,0.9214,11.7142,1
1869.0,5.0,61,46.7,135.7531,28.6,34.7,70.4,0.43,0.69,0.03,0.2,0.9683,14.018,0
1352.0,-5.0,58,49.7,80.0399,25.6,35.7,86.4,0.47,0.67,0.07,0.16,0.9557,14.3593,0
1357.0,5.0,58,49.2,84.6502,13.6,42.7,76.3,0.48,0.78,0.1,0.12,0.9471,11.7735,1
1945.0,-70.0,46,41.5,87.5338,15.8,25.8,162.5,0.67,0.85,0.09,0.04,0.9679,14.105,0
2015.0,70.0,45,44.4,109.2028,8.2,26.4,189.0,0.49,0.71,0.11,0.0,0.9482,13.1023,0
1950.0,-198.0,39,79.2,145.5328,154.9,53.1,0.0,0.38,0.69,0.13,0.15,0.942,15.2359,0
2148.0,198.0,38,123.0,245.5358,219.0,93.2,0.0,0.32,0.63,0.21,0.08,0.9263,13.9872,0
1476.0,-20.0,27,73.1,193.4917,43.6,90.5,0.0,0.33,0.78,0.07,0.26,0.9221,14.2587,0
1496.0,20.0,26,144.7,265.9007,44.8,197.6,0.0,0.19,0.46,0.19,0.27,0.9546,14.2559,0
1388.0,-53.0,17,18.2,28.8,22.4,12.3,0.0,0.59,0.88,0.0,0.12,0.9395,14.0928,0
1441.0,53.0,16,118.8,252.7733,69.8,181.7,0.0,0.31,0.5,0.19,0.19,0.873,12.4406,1
1805.0,55.0,26,69.2,194.7454,19.0,100.6,0.0,0.31,0.62,0.04,0.19,0.9165,14.346,0
1750.0,-55.0,26,12.4,26.5633,8.8,14.3,0.0,0.65,0.96,0.0,0.04,0.9548,14.856,1
1933.0,-50.0,33,75.9,178.7925,16.5,101.8,0.0,0.15,0.48,0.06,0.27,0.9446,14.2902,0
1983.0,50.0,33,14.4,22.6758,4.9,18.0,0.0,0.73,0.79,0.0,0.06,0.9609,15.4626,1
1324.0,113.0,41,40.5,58.5791,26.8,46.4,0.0,0.46,0.73,0.05,0.2,0.9748,14.827,1
1211.0,-113.0,40,74.9,167.1296,23.7,59.4,1000.0,0.38,0.6,0.1,0.23,0.9651,14.0442,0
1972.0,24.0,46,37.8,75.2983,14.7,43.7,46.5,0.52,0.74,0.04,0.15,0.9651,14.755,1
1948.0,-24.0,45,68.0,171.3792,14.8,43.8,268.8,0.31,0.64,0.09,0.07,0.9657,15.1516,1
1494.0,-25.0,66,44.3,81.3374,47.0,62.3,22.4,0.41,0.76,0.08,0.17,0.9709,14.4662,0
1519.0,25.0,65,73.8,157.6676,53.2,65.9,90.1,0.42,0.68,0.06,0.26,0.9548,12.8126,1
1381.0,101.0,67,62.5,115.1757,21.0,62.4,78.1,0.45,0.75,0.1,0.19,0.9481,13.0868,0
1280.0,-101.0,67,63.4,123.2951,51.9,51.1,80.4,0.46,0.73,0.1,0.18,0.9668,12.0196,1
1975.0,59.0,68,34.3,45.2011,21.3,32.9,40.5,0.38,0.69,0.01,0.22,0.9517,12.6409,0
1916.0,-59.0,68,34.1,123.9039,30.9,24.0,45.5,0.51,0.74,0.01,0.15,0.9614,13.5624,1
1493.0,-7.0,20,16.4,20.9269,18.9,13.9,0.0,0.55,0.75,0.0,0.15,0.9612,15.4187,1
1500.0,7.0,19,86.5,226.0512,16.3,149.6,0.0,0.26,0.42,0.05,0.26,0.9563,15.0648,0
1939.0,-13.0,49,58.6,150.0633,88.4,31.3,116.7,0.31,0.65,0.06,0.27,0.9184,12.0776,0
1952.0,13.0,49,15.1,30.1385,32.9,14.7,0.1,0.43,0.82,0.0,0.02,0.9628,13.8427,1
1545.0,-251.0,24,98.8,207.5789,55.0,130.1,0.0,0.25,0.71,0.17,0.21,0.9557,14.3121,0
1796.0,251.0,24,35.5,65.6625,62.0,19.7,0.0,0.46,0.75,0.04,0.12,0.9624,16.1072,1
1128.0,-12.0,21,16.0,22.879,14.4,17.5,0.0,0.48,0.57,0.0,0.1,0.9567,15.1279,0
1140.0,12.0,20,87.7,227.1585,20.6,142.5,0.0,0.3,0.65,0.1,0.1,0.9521,14.7495,1
1708.0,-12.0,42,65.0,159.0229,32.9,46.6,501.0,0.29,0.74,0.05,0.21,0.9596,14.3897,0
1720.0,12.0,42,24.5,39.4358,37.1,23.2,0.0,0.48,0.74,0.02,0.14,0.9662,15.6875,1
1813.0,-12.0,87,144.0,315.7531,18.2,30.3,243.4,0.49,0.77,0.15,0.16,0.9614,12.0979,1
1825.0,12.0,86,155.4,317.4241,68.4,33.1,250.1,0.37,0.66,0.16,0.13,0.9562,12.7137,0
1263.0,-105.0,56,34.9,86.1819,93.5,25.0,17.1,0.54,0.77,0.04,0.14,0.9623,14.407,1
1368.0,105.0,55,103.6,236.2519,27.2,74.1,201.9,0.33,0.71,0.11,0.2,0.9262,10.2989,0
1704.0,-39.0,50,70.1,170.7954,56.1,60.3,113.6,0.54,0.74,0.06,0.24,0.8898,11.8352,1
1743.0,39.0,50,30.3,50.2006,47.3,31.1,14.2,0.42,0.68,0.02,0.12,0.9319,13.7557,0
1897.0,52.0,29,85.9,187.2799,52.6,103.4,0.0,0.34,0.62,0.07,0.34,0.9161,13.5277,0
1845.0,-52.0,29,31.1,42.6504,60.3,18.0,0.0,0.69,0.86,0.0,0.28,0.9564,15.2699,1
1887.0,-54.0,38,18.4,33.7524,34.7,12.6,0.0,0.55,0.82,0.0,0.11,0.9583,15.293,1
1941.0,54.0,37,72.1,164.3332,66.1,74.1,0.0,0.3,0.57,0.03,0.38,0.9572,14.2758,0
1602.0,-6.0,49,59.7,75.2844,23.0,60.9,96.2,0.33,0.55,0.08,0.27,0.9639,13.8819,0
1608.0,6.0,49,62.1,131.9557,15.0,66.6,91.0,0.55,0.8,0.08,0.12,0.9691,13.4486,1
2015.0,197.0,53,49.0,146.1724,6.1,39.3,104.5,0.51,0.77,0.04,0.13,0.9398,12.5591,0
1818.0,-197.0,53,15.3,44.0971,10.2,22.4,3.4,0.53,0.85,0.02,0.02,0.9431,13.4506,1
1917.0,-34.0,59,26.0,51.7257,8.7,42.5,9.2,0.53,0.88,0.03,0.14,0.9446,11.7666,0
1951.0,34.0,59,22.9,50.64,23.7,37.8,0.3,0.47,0.8,0.02,0.14,0.9354,13.2654,1
1640.0,-8.0,24,88.6,200.2874,64.9,105.5,0.0,0.17,0.46,0.08,0.38,0.9658,14.9181,0
1648.0,8.0,24,19.0,27.1405,31.8,11.3,0.0,0.62,0.79,0.0,0.21,0.9625,15.5277,1
1278.0,-5.0,45,68.7,206.7894,29.2,93.3,0.4,0.31,0.71,0.04,0.22,0.9466,15.2059,0
1283.0,5.0,44,62.0,162.8377,32.8,81.0,0.4,0.41,0.73,0.07,0.18,0.8827,12.4601,1
1878.0,27.0,50,50.2,95.3146,76.7,58.0,0.6,0.46,0.74,0.08,0.12,0.9612,13.9316,1
1851.0,-27.0,49,86.7,179.2454,110.6,74.9,100.3,0.45,0.67,0.12,0.22,0.8551,11.2414,0
1815.0,33.0,65,52.1,159.9917,21.4,42.4,75.9,0.57,0.74,0.08,0.08,0.966,14.4652,1
1782.0,-33.0,64,85.5,203.6999,23.2,59.1,139.5,0.39,0.69,0.12,0.11,0.8303,10.1773,0
1358.0,-66.0,64,63.5,136.4011,44.3,44.3,95.5,0.41,0.69,0.08,0.27,0.9499,11.5859,0
1424.0,66.0,64,52.8,133.1879,36.0,33.7,81.7,0.41,0.67,0.05,0.2,0.9588,13.7192,0
1947.0,17.0,66,85.2,211.9025,31.4,38.9,159.2,0.44,0.73,0.09,0.17,0.9459,11.2373,1
1930.0,-17.0,66,47.2,172.4205,24.9,19.6,85.3,0.42,0.71,0.03,0.11,0.9652,14.189,1
1785.0,29.0,21,69.4,221.0499,41.7,94.6,0.0,0.62,0.81,0.1,0.05,0.9519,15.1274,1
1756.0,-29.0,21,23.2,30.612,19.2,26.2,0.0,0.52,0.71,0.0,0.19,0.9628,15.1085,0
1917.0,-7.0,44,85.3,184.3872,8.2,73.2,369.2,0.43,0.66,0.16,0.07,0.9663,14.4231,0
1924.0,7.0,43,87.0,177.709,24.2,68.8,364.8,0.37,0.77,0.12,0.21,0.9622,13.0007,0
1619.0,8.0,60,43.6,130.9894,21.0,32.9,71.0,0.4,0.73,0.02,0.18,0.9233,11.2546,0
1611.0,-8.0,60,28.6,133.259,12.4,17.6,51.3,0.55,0.78,0.03,0.03,0.9451,12.8335,1
1808.0,15.0,19,11.4,18.73,11.2,11.7,0.0,0.63,0.95,0.0,0.11,0.963,14.424,1
1793.0,-15.0,18,123.6,248.1127,39.1,208.0,0.0,0.44,0.56,0.17,0.22,0.8397,12.3576,0
1809.0,22.0,46,52.5,65.0233,49.3,63.9,0.8,0.33,0.7,0.07,0.28,0.9242,12.506,0
1787.0,-22.0,46,31.8,54.1444,40.2,36.7,0.3,0.54,0.74,0.04,0.2,0.9727,14.9646,1
1808.0,-10.0,43,67.6,155.9369,21.6,89.6,0.3,0.28,0.58,0.05,0.3,0.93,13.0328,0
1818.0,10.0,43,24.0,46.3832,8.4,31.9,0.2,0.51,0.72,0.02,0.14,0.9667,15.7056,1
1684.0,29.0,28,62.2,189.3827,31.4,79.3,0.0,0.46,0.68,0.07,0.18,0.9289,13.7613,1
1655.0,-29.0,28,25.8,29.8275,18.6,29.2,0.0,0.36,0.79,0.0,0.21,0.9515,14.6488,0
1912.0,-1.0,52,77.1,178.8294,21.3,26.3,250.3,0.38,0.73,0.1,0.1,0.9532,13.9999,1
1913.0,1.0,51,111.7,232.8934,52.3,35.7,346.3,0.33,0.61,0.14,0.16,0.963,11.3956,1
1697.0,18.0,35,31.3,52.4986,50.8,23.5,0.0,0.54,0.74,0.03,0.14,0.9716,15.1213,1
1679.0,-18.0,34,70.1,173.2978,41.2,80.6,0.0,0.29,0.56,0.06,0.26,0.9307,14.5712,1
1813.0,2.0,47,53.3,145.8976,34.7,33.9,163.4,0.32,0.64,0.02,0.21,0.8998,11.4783,0
1811.0,-2.0,47,11.2,18.6613,33.6,6.2,4.6,0.64,0.85,0.0,0.04,0.9388,13.741,1
1457.0,10.0,52,125.6,293.5502,67.5,28.3,417.2,0.35,0.62,0.15,0.1,0.972,15.3339,0
1447.0,-10.0,51,140.5,296.6383,56.6,88.3,333.9,0.43,0.65,0.16,0.22,0.8297,10.554,0
1932.0,64.0,28,56.6,187.2446,25.9,73.7,0.0,0.43,0.57,0.04,0.11,0.9286,14.3227,0
1868.0,-64.0,28,13.1,16.7795,16.2,11.6,0.0,0.64,0.89,0.0,0.04,0.9624,14.7302,1
1896.0,-3.0,56,33.6,59.9481,39.6,31.8,33.1,0.46,0.73,0.07,0.12,0.9531,13.997,1
1899.0,3.0,56,32.6,51.924,29.9,38.9,22.8,0.46,0.75,0.02,0.21,0.9564,12.7649,0
1802.0,17.0,29,20.2,46.0412,8.6,26.3,0.0,0.59,0.86,0.03,0.03,0.9657,14.7867,1
1785.0,-17.0,28,73.3,197.5237,7.6,104.4,0.0,0.5,0.64,0.07,0.18,0.9221,14.5112,0
1952.0,48.0,43,30.8,65.618,14.6,39.3,0.0,0.44,0.72,0.02,0.09,0.9688,15.1974,1
1904.0,-48.0,42,67.6,169.0053,8.3,92.1,0.7,0.45,0.69,0.1,0.17,0.9362,13.197,0
1900.0,4.0,62,105.2,261.2022,47.6,35.2,226.7,0.37,0.74,0.08,0.16,0.9502,10.3186,0
1896.0,-4.0,62,28.5,62.6572,25.1,36.6,19.2,0.44,0.74,0.03,0.13,0.9626,13.816,1
1538.0,17.0,55,17.3,29.0554,53.9,10.4,6.7,0.49,0.82,0.0,0.11,0.963,14.0981,1
1521.0,-17.0,54,44.4,145.9779,49.4,22.6,85.0,0.52,0.67,0.04,0.09,0.9412,12.7377,0
1882.0,-58.0,50,63.5,147.8335,68.0,29.5,161.0,0.38,0.64,0.06,0.22,0.9272,12.5519,0
1940.0,58.0,50,29.5,46.4016,41.1,23.3,37.0,0.5,0.8,0.0,0.22,0.9629,13.5753,0
1791.0,0.0,25,68.4,197.5234,25.4,97.1,0.0,0.56,0.72,0.04,0.28,0.9618,15.5059,0
1791.0,0.0,25,36.5,75.0273,13.2,49.6,0.0,0.4,0.76,0.04,0.08,0.9603,15.2212,1
1722.0,3.0,50,83.0,156.6952,36.0,34.6,274.9,0.54,0.8,0.12,0.2,0.9436,12.9195,0
1719.0,-3.0,49,82.9,168.5051,30.9,28.8,291.9,0.41,0.65,0.1,0.18,0.9583,13.055,0
1440.0,-1.0,31,18.0,20.3396,25.5,14.4,0.0,0.58,0.81,0.0,0.06,0.9628,15.6687,1
1441.0,1.0,30,73.5,185.1402,22.1,95.5,0.0,0.23,0.47,0.07,0.2,0.9613,13.8315,1
1904.0,-36.0,29,35.3,75.3564,25.6,40.5,0.0,0.55,0.76,0.03,0.21,0.965,14.5992,0
1940.0,36.0,28,72.2,197.678,7.4,102.8,0.0,0.46,0.82,0.07,0.18,0.924,13.9262,0
1550.0,50.0,58,37.7,74.3705,72.1,39.7,15.1,0.43,0.64,0.03,0.14,0.9579,13.8255,0
1500.0,-50.0,57,91.7,196.1669,81.6,60.0,149.5,0.33,0.61,0.14,0.19,0.9208,11.8904,1
1830.0,15.0,31,26.2,40.251,30.0,24.3,0.0,0.55,0.81,0.0,0.23,0.9602,15.4281,0
1815.0,-15.0,30,79.5,190.2878,33.1,99.3,0.0,0.4,0.67,0.1,0.27,0.9618,14.1214,1
1478.0,54.0,39,64.7,96.8707,27.8,77.5,0.0,0.49,0.77,0.13,0.21,0.8316,11.7962,0
1424.0,-54.0,39,60.3,91.0238,23.0,71.5,0.0,0.51,0.67,0.13,0.21,0.9602,14.5524,0
1641.0,9.0,22,114.0,241.4649,38.3,177.2,0.0,0.36,0.55,0.14,0.14,0.8128,11.936,0
1632.0,-9.0,22,12.1,16.5826,21.1,5.9,0.0,0.55,0.95,0.0,0.0,0.9531,15.3554,1
1581.0,-176.0,46,90.9,218.9423,34.6,66.5,306.5,0.57,0.76,0.09,0.22,0.7739,12.5244,1
1757.0,176.0,46,95.3,240.8698,20.9,40.6,425.0,0.35,0.65,0.07,0.28,0.965,14.1457,0
1656.0,169.0,52,20.8,28.678,31.6,19.9,13.9,0.54,0.71,0.0,0.15,0.9605,12.7736,1
1487.0,-169.0,51,21.2,43.7536,11.6,23.7,22.1,0.47,0.78,0.02,0.06,0.9365,13.5312,1
1556.0,-341.0,73,94.3,244.0506,30.3,26.5,175.3,0.49,0.78,0.11,0.12,0.9549,11.2147,1
1897.0,341.0,73,69.4,202.8935,21.9,38.9,108.8,0.37,0.66,0.05,0.12,0.967,13.9614,0
1588.0,-13.0,57,40.4,87.2629,35.0,22.5,75.0,0.51,0.84,0.07,0.12,0.9636,13.0355,1
1601.0,13.0,56,39.8,100.1913,33.3,22.1,74.3,0.57,0.77,0.07,0.09,0.9415,12.457,0
1613.0,11.0,58,36.4,76.5018,30.7,46.3,23.2,0.53,0.72,0.02,0.22,0.8972,11.4846,0
1602.0,-11.0,58,15.3,59.2245,16.7,23.7,1.3,0.52,0.81,0.02,0.02,0.943,12.9713,1
2231.0,246.0,33,46.5,76.6466,30.7,53.3,0.0,0.36,0.7,0.09,0.15,0.928,12.0572,0
1985.0,-246.0,33,9.6,15.7044,22.9,4.6,0.0,0.67,0.91,0.0,0.06,0.9611,15.8297,1
1663.0,-61.0,42,71.3,115.2773,25.9,59.9,470.0,0.45,0.69,0.14,0.21,0.9686,12.1436,1
1724.0,61.0,42,73.9,136.5722,21.2,52.1,449.7,0.36,0.69,0.14,0.12,0.9579,14.6434,0
1948.0,12.0,83,46.3,124.3396,26.1,41.0,54.7,0.36,0.59,0.05,0.16,0.9747,14.6437,0
1936.0,-12.0,82,54.0,160.932,16.7,61.0,57.0,0.46,0.8,0.06,0.16,0.9181,10.2558,1
1651.0,-83.0,61,50.5,134.0199,14.2,41.6,80.6,0.38,0.7,0.05,0.18,0.9719,13.7376,0
1734.0,83.0,61,34.7,83.2787,6.0,30.5,52.1,0.52,0.79,0.05,0.13,0.9631,13.5723,1
1896.0,-11.0,11,124.7,296.5971,137.2,0.0,0.0,0.45,0.73,0.18,0.09,0.9681,10.9069,0
1907.0,11.0,11,28.0,50.5964,34.2,0.0,0.0,0.55,0.82,0.0,0.18,0.9597,15.334,0
1717.0,-61.0,41,77.6,187.7465,45.6,90.8,0.0,0.41,0.63,0.07,0.27,0.9288,13.0143,1
1778.0,61.0,41,45.7,155.8242,26.6,54.4,0.0,0.44,0.8,0.02,0.12,0.9566,13.9221,0
1105.0,-48.0,23,101.3,216.2258,51.4,139.8,0.0,0.35,0.61,0.13,0.26,0.9582,15.4209,0
1153.0,48.0,23,46.6,81.107,61.1,37.2,0.0,0.52,0.74,0.04,0.22,0.9572,15.3062,1
1768.0,-38.0,24,69.3,132.7776,20.5,104.2,0.0,0.33,0.58,0.12,0.12,0.959,15.1137,1
1806.0,38.0,24,19.4,30.5926,27.6,14.5,0.0,0.42,0.75,0.0,0.17,0.9235,14.6854,1
1601.0,-114.0,68,21.0,37.6413,56.7,10.7,19.3,0.46,0.78,0.01,0.12,0.9648,15.2478,1
1715.0,114.0,67,28.7,51.5641,31.9,17.8,39.3,0.54,0.81,0.03,0.12,0.9265,13.317,1
1773.0,-29.0,67,12.2,24.4145,28.4,11.5,7.0,0.54,0.72,0.0,0.03,0.9545,14.8572,1
1802.0,29.0,66,61.1,175.6137,21.3,30.2,108.7,0.32,0.73,0.05,0.15,0.9531,11.6748,1
1572.0,86.0,41,90.4,159.3792,33.9,96.5,472.0,0.37,0.66,0.15,0.12,0.9559,14.5339,0
1486.0,-86.0,40,92.5,154.1779,22.1,101.3,460.0,0.4,0.7,0.15,0.23,0.9382,14.884,0
1721.0,-113.0,45,37.6,41.3369,45.0,41.4,0.0,0.27,0.6,0.0,0.33,0.9644,15.9783,1
1834.0,113.0,44,60.4,87.2554,83.6,63.3,1.4,0.36,0.61,0.02,0.41,0.9638,14.5506,1
1989.0,41.0,58,45.8,95.9027,30.4,37.8,67.8,0.47,0.71,0.03,0.22,0.9135,11.1379,0
1948.0,-41.0,58,48.0,141.6198,34.4,45.1,59.1,0.53,0.76,0.05,0.14,0.936,12.5736,0
1462.0,74.0,54,60.7,152.5106,37.3,42.4,116.7,0.43,0.78,0.07,0.19,0.961,11.9053,0
1388.0,-74.0,54,29.6,50.2043,40.2,31.3,19.7,0.59,0.74,0.02,0.2,0.9592,14.282,1
1798.0,22.0,59,54.7,138.0261,29.2,46.8,80.5,0.36,0.71,0.03,0.2,0.959,12.8659,0
1776.0,-22.0,59,28.8,60.0819,23.8,31.2,27.6,0.51,0.81,0.03,0.14,0.9613,13.6573,1
1672.0,-26.0,67,12.5,41.2609,31.8,16.5,1.0,0.52,0.75,0.01,0.04,0.9619,12.7096,1
1698.0,26.0,66,10.5,26.0398,24.3,14.6,1.3,0.52,0.76,0.0,0.06,0.9196,13.0607,1
1939.0,19.0,27,14.6,30.7938,31.1,4.8,0.0,0.74,0.85,0.0,0.11,0.9624,15.0712,1
1920.0,-19.0,26,68.7,192.6914,40.2,83.8,0.0,0.38,0.58,0.04,0.27,0.9558,14.4491,0
1876.0,28.0,25,93.4,210.3678,65.9,111.8,0.0,0.48,0.72,0.2,0.08,0.902,10.3292,0
1848.0,-28.0,25,13.0,28.7793,18.7,9.8,0.0,0.8,0.92,0.0,0.08,0.9599,15.9591,1
1572.0,-26.0,88,81.6,194.9309,24.6,122.2,68.1,0.52,0.74,0.11,0.16,0.973,13.5895,1
1598.0,26.0,87,107.0,223.7593,32.1,154.6,91.3,0.44,0.63,0.13,0.22,0.9144,10.6976,0
1491.0,24.0,67,61.2,142.3425,37.9,53.3,78.5,0.34,0.61,0.04,0.27,0.968,13.6693,0
1467.0,-24.0,67,33.9,55.3054,38.7,32.5,33.9,0.43,0.75,0.01,0.19,0.9713,14.4354,1
1939.0,-26.0,35,56.1,167.6679,10.6,74.2,0.0,0.49,0.71,0.03,0.17,0.8868,13.5805,0
1965.0,26.0,35,12.8,26.6996,6.7,14.9,0.0,0.69,0.89,0.0,0.09,0.9657,15.2514,1
1539.0,20.0,44,37.9,102.8653,33.4,44.5,0.0,0.43,0.7,0.05,0.16,0.9443,14.8192,1
1519.0,-20.0,44,34.9,82.0772,52.9,35.4,0.0,0.48,0.82,0.05,0.14,0.8332,11.1513,1
1752.0,-39.0,21,58.1,216.4862,17.7,94.8,0.0,0.62,0.9,0.05,0.05,0.9575,15.4879,1
1791.0,39.0,21,13.5,27.6344,12.7,14.1,0.0,0.57,0.81,0.0,0.1,0.9564,14.3236,1
1755.0,13.0,26,12.7,16.2991,16.5,10.3,0.0,0.58,0.69,0.0,0.04,0.9614,14.4734,0
1742.0,-13.0,25,71.0,214.5219,12.6,103.8,0.0,0.32,0.52,0.08,0.04,0.9508,15.1137,1
1404.0,14.0,34,24.2,32.9687,41.9,16.8,0.0,0.5,0.76,0.0,0.12,0.9324,14.1923,1
1390.0,-14.0,33,65.6,178.9532,31.4,78.4,0.0,0.36,0.67,0.06,0.18,0.937,15.1316,1
1888.0,20.0,23,14.9,17.3764,22.8,8.8,0.0,0.48,0.74,0.0,0.04,0.9648,16.0135,1
1868.0,-20.0,22,84.5,215.8164,20.0,129.2,0.0,0.36,0.64,0.09,0.18,0.9171,14.3015,0
1880.0,22.0,76,105.8,253.3417,19.5,59.9,168.0,0.53,0.83,0.11,0.2,0.8962,10.6071,0
1858.0,-22.0,76,96.3,238.1168,17.9,60.7,144.2,0.36,0.68,0.11,0.13,0.9477,12.8269,0
1856.0,-33.0,32,21.7,32.0077,47.3,10.0,0.0,0.5,0.72,0.0,0.19,0.958,14.6476,1
1889.0,33.0,31,68.9,177.6328,30.0,84.8,0.0,0.16,0.35,0.06,0.19,0.9672,15.8431,0
1329.0,-39.0,18,96.1,232.1222,45.8,159.0,0.0,0.39,0.56,0.11,0.22,0.9066,13.5096,0
1368.0,39.0,18,19.6,48.2995,34.2,5.0,0.0,0.67,0.94,0.0,0.11,0.9594,14.5657,1
1697.0,74.0,60,19.1,63.6173,25.9,29.5,0.0,0.42,0.65,0.02,0.08,0.9569,12.746,1
1623.0,-74.0,59,17.8,33.2706,28.6,26.4,0.1,0.29,0.53,0.0,0.14,0.9566,12.6477,1
1729.0,-9.0,48,45.6,90.6888,30.9,57.9,17.8,0.38,0.69,0.04,0.21,0.8933,10.4782,0
1738.0,9.0,48,29.4,99.7059,6.2,44.5,1.9,0.58,0.79,0.02,0.1,0.9148,12.92,0
1603.0,-31.0,74,54.6,139.1576,52.6,32.7,74.6,0.43,0.65,0.05,0.16,0.9669,14.162,0
1634.0,31.0,73,62.2,153.3687,28.3,52.6,79.8,0.41,0.73,0.05,0.21,0.9293,10.8273,0
1961.0,2.0,69,89.4,220.7176,40.3,63.0,133.7,0.43,0.74,0.07,0.22,0.9095,11.4016,0
1959.0,-2.0,69,75.3,217.9359,39.3,54.5,107.0,0.51,0.77,0.07,0.13,0.9589,13.2582,1
1765.0,-76.0,54,44.6,78.1142,25.6,53.5,39.2,0.44,0.7,0.07,0.19,0.95,15.1815,1
1841.0,76.0,53,88.3,172.5285,48.4,72.4,148.0,0.42,0.74,0.13,0.21,0.8442,11.0963,0
1930.0,126.0,43,93.1,219.6184,35.1,88.2,335.3,0.47,0.77,0.07,0.3,0.9289,11.1059,0
1804.0,-126.0,43,56.3,165.3558,35.8,69.9,0.0,0.53,0.86,0.07,0.12,0.9679,15.1983,1
1817.0,69.0,28,75.0,188.3852,31.9,98.9,0.0,0.46,0.71,0.04,0.29,0.9513,14.7805,0
1748.0,-69.0,28,20.0,32.1611,24.9,17.6,0.0,0.61,0.82,0.0,0.11,0.96,15.1427,1
1712.0,-39.0,50,85.5,201.6367,71.5,80.3,115.1,0.32,0.68,0.08,0.24,0.9533,11.3464,1
1751.0,39.0,50,36.7,141.9081,21.9,51.3,9.0,0.36,0.7,0.02,0.1,0.964,15.2961,1
1276.0,11.0,58,19.4,56.8957,80.0,6.7,6.9,0.64,0.86,0.02,0.05,0.9172,13.1243,1
1265.0,-11.0,57,39.1,69.768,34.1,38.4,42.8,0.44,0.68,0.04,0.19,0.9068,10.9533,0
1715.0,-32.0,32,72.6,183.4444,28.7,92.5,0.0,0.34,0.69,0.09,0.19,0.9629,13.4523,0
1747.0,32.0,32,25.2,41.6073,51.8,14.7,0.0,0.69,0.78,0.0,0.22,0.9622,14.4624,1
1693.0,-29.0,37,65.5,188.4614,28.6,79.2,0.0,0.49,0.7,0.05,0.16,0.8867,14.105,1
1722.0,29.0,37,24.9,36.3645,32.2,22.5,0.0,0.51,0.78,0.0,0.19,0.9661,15.1936,1
1982.0,-45.0,39,66.8,171.932,12.7,85.5,0.0,0.41,0.56,0.05,0.23,0.9553,14.1757,0
2027.0,45.0,39,19.6,50.0208,17.9,20.1,0.0,0.64,0.85,0.03,0.05,0.9568,14.462,1
1964.0,16.0,56,43.2,139.1866,186.8,11.1,13.6,0.48,0.77,0.05,0.05,0.9555,14.3257,1
1948.0,-16.0,55,53.4,156.3213,104.7,59.9,12.3,0.53,0.78,0.04,0.16,0.9286,11.1365,0
1992.0,-101.0,54,61.7,188.7061,7.2,27.5,174.1,0.35,0.63,0.04,0.17,0.9632,12.5007,0
2093.0,101.0,54,30.0,135.8074,9.4,10.5,81.1,0.57,0.85,0.02,0.06,0.9644,14.3843,1
1845.0,-7.0,29,31.8,34.145,33.9,30.7,0.0,0.48,0.72,0.0,0.34,0.9621,15.6271,1
1852.0,7.0,28,90.3,212.823,104.6,83.5,0.0,0.25,0.43,0.07,0.25,0.8911,13.7714,0
1459.0,-74.0,32,67.8,176.8528,28.0,86.0,0.0,0.34,0.66,0.06,0.28,0.9636,14.9698,1
1533.0,74.0,31,107.0,245.3074,14.0,145.0,0.0,0.39,0.52,0.1,0.23,0.9615,15.1827,0
1437.0,-384.0,40,21.7,34.9754,23.5,21.1,0.0,0.5,0.8,0.0,0.15,0.9662,14.4742,1
1821.0,384.0,39,63.3,178.2848,25.7,74.6,0.0,0.33,0.69,0.05,0.13,0.9394,14.5263,1
1875.0,-85.0,32,73.7,181.3132,23.1,96.7,0.0,0.38,0.62,0.09,0.22,0.933,15.1147,0
1960.0,85.0,32,14.8,31.9112,14.6,14.8,0.0,0.59,0.94,0.0,0.03,0.9642,15.4666,1
1078.0,-633.0,50,42.9,76.8993,46.1,48.8,22.0,0.36,0.64,0.02,0.3,0.9083,11.7087,0
1711.0,633.0,50,25.3,45.8545,81.6,16.2,4.2,0.64,0.82,0.02,0.14,0.9651,14.5615,1
1926.0,24.0,46,102.8,236.6865,36.9,55.4,449.2,0.39,0.8,0.13,0.15,0.9637,13.4738,0
1902.0,-24.0,45,126.2,264.7113,43.3,74.6,508.3,0.24,0.44,0.16,0.16,0.9553,13.3235,0
1422.0,-30.0,33,16.0,29.3593,40.6,5.3,0.0,0.61,0.85,0.0,0.09,0.9639,15.249,1
1452.0,30.0,32,71.9,183.0743,39.9,84.4,0.0,0.38,0.56,0.06,0.25,0.9313,11.1497,0
1827.0,-25.0,42,145.5,303.8952,25.1,161.9,500.0,0.43,0.71,0.17,0.17,0.7574,11.4157,0
1852.0,25.0,42,116.0,261.7912,30.0,120.0,333.3,0.45,0.67,0.14,0.24,0.94,14.7222,0
2039.0,69.0,59,57.3,104.0732,30.9,55.6,73.9,0.39,0.61,0.07,0.25,0.8928,10.409,0
1970.0,-69.0,59,28.1,54.5901,23.1,33.7,21.9,0.54,0.76,0.03,0.1,0.9491,13.446,1
1784.0,15.0,31,53.6,76.7931,69.2,46.2,0.0,0.45,0.77,0.06,0.26,0.9675,13.9906,0
1769.0,-15.0,30,82.1,185.157,71.4,86.6,0.0,0.37,0.67,0.07,0.27,0.9611,14.9026,1
1689.0,-10.0,66,42.9,72.9667,19.5,32.3,64.0,0.42,0.79,0.08,0.15,0.9609,12.4025,0
1699.0,10.0,66,41.0,51.0517,16.7,43.8,46.1,0.41,0.67,0.02,0.3,0.9758,13.2193,0
1771.0,16.0,30,35.0,46.2255,55.3,24.8,0.0,0.53,0.73,0.0,0.27,0.9311,13.0087,1
1755.0,-16.0,29,90.0,198.5644,28.3,117.7,0.0,0.31,0.66,0.1,0.24,0.9572,15.2761,0
1717.0,-87.0,34,43.0,171.3413,35.6,46.0,0.0,0.53,0.82,0.03,0.12,0.9639,14.2282,1
1804.0,87.0,33,102.8,240.426,40.4,126.2,0.0,0.33,0.61,0.09,0.27,0.9535,13.5261,0
1897.0,24.0,39,33.6,57.058,13.6,40.5,0.0,0.33,0.56,0.03,0.08,0.8893,13.0046,1
1873.0,-24.0,39,9.0,12.0918,8.9,9.0,0.0,0.59,0.79,0.0,0.0,0.9672,15.425,1
1349.0,127.0,45,70.7,174.172,75.7,45.7,210.6,0.44,0.73,0.07,0.16,0.9105,12.6752,0
1222.0,-127.0,45,35.2,78.1403,94.3,22.4,10.7,0.51,0.73,0.09,0.11,0.9356,11.9536,1
1730.0,-3.0,42,39.0,60.0644,22.6,43.9,47.0,0.4,0.67,0.02,0.26,0.9416,13.5234,0
1733.0,3.0,42,34.3,154.0408,36.0,37.3,0.0,0.67,0.86,0.02,0.07,0.9622,15.144,1
1469.0,30.0,63,29.3,66.497,44.7,15.9,40.2,0.43,0.71,0.02,0.19,0.9413,13.9612,1
1439.0,-30.0,62,61.7,136.5897,58.3,39.0,92.6,0.39,0.69,0.06,0.29,0.8542,10.2523,0
1657.0,-28.0,54,18.4,28.7026,48.5,13.2,8.2,0.54,0.8,0.0,0.15,0.9683,14.9287,1
1685.0,28.0,53,87.8,232.174,57.8,17.3,258.3,0.36,0.81,0.08,0.17,0.9507,11.3532,1
1900.0,-476.0,74,97.9,250.265,60.4,37.8,162.0,0.5,0.82,0.08,0.16,0.9175,9.3374,0
2376.0,476.0,74,170.6,351.8268,22.3,41.1,319.7,0.39,0.68,0.16,0.14,0.9778,13.6473,0
1614.0,-31.0,46,60.8,151.8144,83.0,65.4,0.5,0.48,0.72,0.04,0.24,0.8904,9.4163,0
1645.0,31.0,46,25.5,40.2507,33.2,29.1,0.3,0.48,0.76,0.0,0.17,0.9664,14.8077,0
1949.0,-24.0,22,92.0,214.5403,49.9,127.1,0.0,0.32,0.55,0.09,0.23,0.9098,14.0798,1
1973.0,24.0,22,22.9,31.0596,41.6,9.9,0.0,0.45,0.64,0.0,0.14,0.9622,15.0549,1
1888.0,60.0,59,74.0,158.0672,36.8,58.1,118.7,0.42,0.78,0.08,0.2,0.9316,10.4084,0
1828.0,-60.0,59,35.1,78.61,28.7,39.3,31.5,0.53,0.76,0.05,0.14,0.953,14.6722,0
1658.0,1.0,35,23.6,32.3012,27.6,22.0,0.0,0.4,0.66,0.0,0.11,0.9577,15.4017,1
1657.0,-1.0,34,74.8,198.4604,107.9,62.9,0.0,0.44,0.71,0.06,0.18,0.8488,10.1388,1
1581.0,47.0,51,61.7,150.879,20.6,77.0,57.5,0.24,0.63,0.08,0.14,0.9045,12.5581,0
1534.0,-47.0,51,41.9,142.4276,12.4,65.5,5.2,0.51,0.8,0.04,0.08,0.9628,13.9931,1
1819.0,-63.0,40,32.3,39.9987,38.4,30.2,0.0,0.47,0.72,0.0,0.3,0.9653,16.1521,0
1882.0,63.0,39,73.0,162.9545,67.1,74.7,0.0,0.33,0.67,0.03,0.38,0.9043,11.851,0
1408.0,-8.0,37,105.4,200.8835,27.6,134.2,0.0,0.43,0.59,0.14,0.27,0.9406,15.3985,1
1416.0,8.0,37,55.9,101.1859,61.2,54.2,0.0,0.38,0.62,0.05,0.22,0.9326,13.9464,0
1847.0,18.0,12,149.2,163.696,179.1,0.0,0.0,0.25,0.5,0.33,0.33,0.9507,15.2954,1
1829.0,-18.0,11,277.3,308.0565,205.2,601.5,0.0,0.18,0.36,0.55,0.18,0.9553,14.8086,0
1818.0,16.0,39,58.5,162.3625,15.2,73.5,0.0,0.28,0.54,0.05,0.18,0.9167,14.0733,0
1802.0,-16.0,39,10.1,13.2248,3.0,12.2,0.0,0.51,0.77,0.0,0.05,0.9666,15.8555,1
1738.0,-83.0,53,23.9,60.3164,46.6,13.9,29.4,0.51,0.81,0.04,0.06,0.9286,11.5284,1
1821.0,83.0,53,18.6,46.4345,8.6,19.6,22.9,0.38,0.64,0.02,0.08,0.9618,13.0671,0
1848.0,-33.0,25,85.7,201.263,5.1,139.4,0.0,0.4,0.6,0.08,0.24,0.9669,15.3855,1
1881.0,33.0,25,12.7,20.8261,12.4,12.8,0.0,0.48,0.92,0.0,0.04,0.9552,15.1079,1
2017.0,169.0,35,32.0,63.0854,36.8,30.1,0.0,0.49,0.74,0.03,0.14,0.9669,14.6251,1
1848.0,-169.0,34,74.5,181.5833,17.0,95.2,0.0,0.29,0.56,0.09,0.21,0.9592,15.1804,0
1901.0,22.0,36,127.0,283.8088,34.3,162.7,0.0,0.31,0.75,0.14,0.17,0.9325,13.8773,0
1879.0,-22.0,35,165.3,328.6549,18.7,216.0,0.0,0.31,0.54,0.17,0.14,0.9365,14.0895,0
1603.0,-22.0,42,61.1,160.7771,15.6,47.0,500.0,0.4,0.67,0.05,0.21,0.9114,12.5067,0
1625.0,22.0,42,12.7,19.4927,15.0,12.8,5.0,0.48,0.79,0.0,0.07,0.9514,13.2025,1
1794.0,5.0,31,56.3,180.23,16.5,75.2,0.0,0.55,0.94,0.06,0.1,0.9631,15.95,1
1789.0,-5.0,30,78.3,185.6013,19.1,103.6,0.0,0.27,0.57,0.07,0.23,0.9292,13.0768,0
1905.0,-44.0,59,77.9,174.2318,32.7,46.8,151.0,0.42,0.71,0.1,0.22,0.9251,11.4076,0
1949.0,44.0,59,40.6,100.1017,16.0,22.2,79.3,0.42,0.78,0.02,0.22,0.9506,13.842,1
1656.0,3.0,31,61.5,179.4473,35.2,74.0,0.0,0.45,0.74,0.03,0.23,0.8989,14.9817,1
1653.0,-3.0,31,12.4,20.1917,21.7,8.5,0.0,0.65,0.97,0.0,0.1,0.9575,14.639,1
1757.0,-8.0,58,64.5,146.6274,32.6,64.8,81.8,0.5,0.78,0.07,0.22,0.8919,10.7364,0
1765.0,8.0,58,31.0,100.077,21.2,46.7,10.9,0.53,0.88,0.03,0.09,0.9385,13.8878,1
1810.0,9.0,45,33.0,32.8094,14.2,41.1,22.0,0.42,0.78,0.0,0.2,0.959,14.801,1
1801.0,-9.0,44,56.2,159.4233,75.8,22.5,223.4,0.16,0.55,0.05,0.14,0.9617,14.3326,1
1784.0,13.0,44,16.9,25.8001,19.3,18.4,0.0,0.61,0.84,0.0,0.09,0.9669,15.3472,1
1771.0,-13.0,43,64.2,164.5086,7.0,89.9,0.2,0.42,0.77,0.07,0.21,0.9295,12.4976,0
1596.0,202.0,41,63.3,159.8035,41.9,72.6,0.0,0.37,0.73,0.05,0.27,0.9194,12.7856,0
1394.0,-202.0,41,23.7,39.1971,47.8,18.1,0.0,0.61,0.83,0.0,0.15,0.9652,14.9343,1
1818.0,-5.0,36,73.6,168.3916,20.0,94.2,0.0,0.25,0.58,0.06,0.22,0.9674,15.135,0
1823.0,5.0,36,28.0,50.9966,23.0,29.7,0.0,0.53,0.81,0.03,0.17,0.9652,15.2932,1
1389.0,-13.0,11,261.5,374.5281,187.7,1000.0,0.0,0.27,0.64,0.36,0.36,0.8632,9.0812,0
1402.0,13.0,11,10.1,10.8945,12.3,0.0,0.0,0.55,0.91,0.0,0.0,0.9581,16.3248,1
1928.0,-364.0,48,16.8,21.7467,11.4,18.3,17.8,0.52,0.77,0.0,0.06,0.9544,14.4509,1
2292.0,364.0,47,35.2,69.8298,6.2,28.4,93.1,0.32,0.68,0.04,0.11,0.9193,12.5821,0
1669.0,193.0,24,73.0,200.9024,30.6,103.2,0.0,0.25,0.58,0.04,0.17,0.9602,15.6897,1
1476.0,-193.0,24,14.6,15.9096,23.1,9.5,0.0,0.67,0.79,0.0,0.08,0.9548,14.4727,1
1229.0,-84.0,40,97.5,232.5602,18.8,123.7,0.0,0.33,0.7,0.12,0.15,0.9471,12.5366,0
1313.0,84.0,40,48.0,162.7756,27.2,55.8,0.0,0.68,0.85,0.05,0.15,0.9404,14.5091,1
1424.0,21.0,58,61.3,99.2289,24.6,75.1,58.9,0.38,0.71,0.12,0.21,0.964,12.872,0
1403.0,-21.0,57,85.2,156.0765,8.2,74.3,142.0,0.33,0.6,0.11,0.3,0.9632,13.0194,0
1534.0,-5.0,70,52.6,87.9987,39.1,59.1,50.7,0.46,0.71,0.07,0.21,0.9108,11.5643,0
1539.0,5.0,70,46.7,83.8569,60.2,51.0,38.6,0.54,0.77,0.06,0.23,0.9403,12.8111,1
2076.0,114.0,55,52.0,149.6561,52.9,26.4,102.6,0.4,0.67,0.07,0.09,0.9538,12.5529,0
1962.0,-114.0,55,17.2,58.5471,60.0,12.4,2.2,0.51,0.8,0.02,0.02,0.9593,13.8006,1
1909.0,-38.0,17,25.7,28.1153,25.5,26.0,0.0,0.41,0.65,0.0,0.29,0.9531,14.8673,0
1947.0,38.0,16,95.2,248.9221,17.4,195.3,0.0,0.25,0.56,0.12,0.19,0.8891,13.9551,0
1719.0,43.0,38,13.9,25.8237,17.2,12.8,0.0,0.68,0.87,0.0,0.08,0.966,15.5636,1
1676.0,-43.0,37,53.5,168.9138,31.8,60.5,0.0,0.46,0.76,0.08,0.05,0.8852,13.9994,0
1845.0,33.0,31,37.9,66.5744,69.0,23.1,0.0,0.39,0.84,0.03,0.16,0.9664,15.1971,0
1812.0,-33.0,30,89.1,189.2637,88.0,89.5,0.0,0.3,0.57,0.07,0.37,0.9282,13.7896,0
1843.0,-5.0,67,91.5,239.2279,21.7,43.8,170.2,0.34,0.78,0.09,0.15,0.95,9.6376,1
1848.0,5.0,67,85.5,240.8706,28.2,28.6,165.0,0.43,0.69,0.09,0.07,0.9398,12.5396,0
2278.0,631.0,29,75.8,187.8347,47.9,90.5,0.0,0.31,0.62,0.07,0.21,0.8598,13.2888,0
1647.0,-631.0,29,13.8,20.0999,26.4,8.2,0.0,0.69,0.83,0.0,0.1,0.9686,15.9033,1
1649.0,26.0,22,18.3,27.1297,28.0,10.2,0.0,0.64,0.86,0.0,0.14,0.9573,15.3655,1
1623.0,-26.0,21,90.0,214.105,55.3,116.1,0.0,0.33,0.48,0.05,0.38,0.9002,13.7942,0
1832.0,24.0,33,83.1,174.379,38.0,102.7,0.0,0.15,0.45,0.09,0.39,0.9622,15.3625,0
1808.0,-24.0,33,30.9,58.032,76.8,13.7,0.0,0.64,0.79,0.03,0.12,0.9603,15.2308,1
1436.0,-33.0,57,18.7,57.5017,11.6,29.3,4.3,0.56,0.84,0.02,0.0,0.9644,14.9281,1
1469.0,33.0,56,36.4,72.079,13.3,36.4,48.8,0.39,0.68,0.04,0.14,0.9565,11.5968,1
1970.0,-353.0,34,23.0,41.8109,35.4,17.8,0.0,0.5,0.71,0.0,0.15,0.9704,16.2329,1
2323.0,353.0,33,69.2,175.8151,21.4,87.2,0.0,0.36,0.7,0.06,0.24,0.8769,13.241,1
2211.0,246.0,54,125.3,274.7558,9.8,73.4,319.0,0.56,0.74,0.15,0.13,0.9418,13.0981,1
1965.0,-246.0,54,87.6,232.8975,14.7,45.7,215.0,0.43,0.76,0.11,0.09,0.9504,15.0517,0
1669.0,62.0,48,92.8,162.1477,59.5,71.4,214.6,0.48,0.67,0.15,0.27,0.8059,11.4377,0
1607.0,-62.0,47,85.1,145.1527,57.3,52.1,239.9,0.32,0.64,0.13,0.19,0.9604,14.4592,0
1717.0,59.0,64,56.8,122.0442,51.6,45.7,72.9,0.5,0.66,0.05,0.28,0.9625,13.5459,0
1658.0,-59.0,63,59.0,107.711,63.0,57.3,59.7,0.41,0.68,0.08,0.19,0.9665,12.9385,1
1496.0,-27.0,43,19.1,28.3544,29.0,17.5,1.3,0.47,0.67,0.0,0.12,0.9674,14.0259,1
1523.0,27.0,42,75.2,215.5085,52.7,89.4,1.7,0.36,0.62,0.07,0.12,0.8382,10.7712,0
1671.0,47.0,42,111.2,233.3215,50.0,139.0,1.0,0.26,0.67,0.14,0.17,0.9587,12.5582,1
1624.0,-47.0,42,55.8,167.0271,68.1,57.6,0.3,0.36,0.74,0.05,0.17,0.9686,15.4575,0
1806.0,43.0,39,15.4,25.1894,30.2,10.3,0.0,0.64,0.77,0.0,0.15,0.9673,15.5946,1
1763.0,-43.0,38,62.9,169.04,30.7,72.9,0.0,0.37,0.61,0.08,0.13,0.9348,12.9979,0
1787.0,2.0,69,37.6,67.5001,24.5,40.6,39.1,0.35,0.61,0.04,0.1,0.9631,12.2042,0
1785.0,-2.0,69,20.1,52.6956,14.7,19.2,22.5,0.51,0.77,0.01,0.09,0.9425,12.5289,1
1542.0,46.0,29,73.9,184.8407,9.4,107.8,0.0,0.21,0.52,0.03,0.24,0.9669,15.5437,0
1496.0,-46.0,29,8.7,15.8563,20.2,3.5,0.0,0.66,0.76,0.0,0.07,0.9604,15.1286,1
1985.0,-164.0,51,51.9,127.496,109.3,47.8,10.9,0.61,0.8,0.06,0.16,0.9625,13.5331,1
2149.0,164.0,50,82.2,178.2281,71.6,48.1,184.0,0.38,0.7,0.08,0.22,0.94,12.9339,0
1927.0,-77.0,64,22.8,39.6895,29.9,21.1,22.0,0.48,0.67,0.02,0.14,0.9573,14.6935,0
2004.0,77.0,63,47.1,133.3371,63.2,30.3,62.1,0.3,0.78,0.03,0.17,0.9519,9.8957,0
2287.0,538.0,42,105.5,239.6652,29.6,137.9,0.0,0.45,0.69,0.1,0.24,0.849,9.5995,0
1749.0,-538.0,42,76.3,219.4915,35.6,96.1,0.0,0.45,0.64,0.07,0.14,0.9551,15.4462,0
1820.0,-57.0,22,22.0,33.1497,40.6,6.6,0.0,0.59,0.82,0.0,0.18,0.9638,15.9843,1
1877.0,57.0,21,96.4,221.4481,28.2,147.5,0.0,0.33,0.48,0.1,0.33,0.9074,13.8489,0
1771.0,84.0,23,120.2,206.0533,44.6,178.3,0.0,0.22,0.35,0.13,0.35,0.9176,13.3591,0
1687.0,-84.0,23,27.7,36.0308,39.8,19.9,0.0,0.43,0.65,0.0,0.26,0.96,15.1854,0
1841.0,-96.0,27,26.3,71.7628,19.3,30.4,0.0,0.56,0.67,0.04,0.07,0.9554,14.6824,0
1937.0,96.0,26,99.4,226.8797,16.2,143.5,0.0,0.38,0.58,0.12,0.23,0.9196,13.7243,0
1756.0,34.0,45,81.5,176.848,134.2,68.9,51.6,0.42,0.71,0.11,0.22,0.964,13.3253,1
1722.0,-34.0,45,78.1,174.2771,195.6,48.0,52.0,0.51,0.69,0.09,0.2,0.9614,14.061,0
1572.0,-41.0,77,73.8,139.7632,27.2,62.4,95.6,0.44,0.61,0.13,0.14,0.9751,13.0082,1
1613.0,41.0,76,66.6,132.4065,37.9,54.0,83.8,0.25,0.58,0.09,0.18,0.9725,13.1137,0
1941.0,-40.0,45,39.1,73.8529,71.9,34.7,0.0,0.44,0.69,0.04,0.27,0.9455,14.4549,1
1981.0,40.0,44,78.1,202.2683,112.3,47.6,200.0,0.25,0.57,0.09,0.11,0.8972,12.0753,0
1840.0,30.0,83,22.0,35.0256,56.0,6.0,25.2,0.55,0.84,0.0,0.17,0.9685,13.9869,1
1810.0,-30.0,82,120.1,294.1296,27.7,12.2,214.8,0.44,0.76,0.12,0.12,0.942,12.8347,1
1822.0,-318.0,33,69.4,176.325,20.7,90.6,0.0,0.48,0.67,0.06,0.3,0.9352,14.9052,0
2140.0,318.0,33,24.9,50.2481,41.4,18.8,0.0,0.73,0.88,0.03,0.12,0.9388,13.1928,1
1874.0,-13.0,28,36.9,48.1502,42.5,33.8,0.0,0.36,0.79,0.0,0.25,0.96,14.8879,0
1887.0,13.0,27,109.3,218.5024,28.2,149.9,0.0,0.41,0.59,0.19,0.11,0.9315,15.2925,0
1908.0,12.0,43,23.0,38.102,17.5,27.2,0.0,0.49,0.7,0.02,0.12,0.9659,15.8779,1
1896.0,-12.0,42,59.6,155.7531,20.4,77.3,0.0,0.4,0.62,0.05,0.21,0.8475,12.7851,1
1669.0,193.0,50,31.7,64.3713,27.7,35.4,24.5,0.42,0.74,0.02,0.16,0.9012,13.3783,1
1476.0,-193.0,50,12.6,30.5615,21.2,14.5,0.1,0.68,0.88,0.0,0.1,0.9407,14.7746,1
1823.0,9.0,111,35.4,115.2265,35.7,22.9,40.6,0.57,0.84,0.04,0.1,0.9032,9.7848,1
1814.0,-9.0,111,20.1,59.2745,37.4,27.1,15.1,0.54,0.82,0.02,0.1,0.9582,13.7693,1
1778.0,-29.0,56,50.3,89.3661,21.3,46.7,75.2,0.61,0.77,0.07,0.23,0.8787,11.4922,1
1807.0,29.0,56,11.7,30.4627,27.0,11.8,3.2,0.59,0.84,0.0,0.07,0.9626,14.4603,1
1918.0,39.0,29,69.4,186.3333,16.2,97.5,0.0,0.38,0.83,0.07,0.21,0.9613,15.2287,0
1879.0,-39.0,29,15.9,22.4543,27.0,10.8,0.0,0.66,0.83,0.0,0.1,0.9583,13.3866,1
1856.0,119.0,40,42.9,87.2628,27.8,47.9,0.0,0.38,0.78,0.05,0.17,0.9605,14.471,1
1737.0,-119.0,39,73.0,137.8728,29.3,86.1,0.0,0.33,0.69,0.13,0.13,0.9546,10.3855,0
1654.0,33.0,27,32.9,56.9358,75.0,8.2,0.0,0.41,0.67,0.07,0.07,0.967,15.5281,1
1621.0,-33.0,26,108.8,208.3537,82.2,122.9,0.0,0.35,0.54,0.15,0.23,0.9389,13.7221,0
1942.0,121.0,25,60.2,197.4278,12.9,91.7,0.0,0.24,0.52,0.04,0.08,0.9576,14.9904,0
1821.0,-121.0,25,8.2,12.501,10.3,7.1,0.0,0.68,0.84,0.0,0.0,0.9633,14.7273,1
1884.0,-18.0,33,20.2,27.8786,29.6,16.1,0.0,0.67,0.85,0.0,0.15,0.9593,15.7906,1
1902.0,18.0,32,69.2,173.5948,34.4,82.7,0.0,0.31,0.53,0.03,0.38,0.892,13.874,0
1825.0,-5.0,48,129.3,274.9828,43.2,145.8,175.0,0.44,0.62,0.12,0.27,0.8956,10.6669,0
1830.0,5.0,48,102.6,276.2492,19.3,91.8,222.2,0.56,0.77,0.08,0.1,0.9632,15.4639,1
1950.0,114.0,23,43.0,98.7018,60.8,29.4,0.0,0.35,0.61,0.04,0.17,0.9507,15.115,0
1836.0,-114.0,22,70.5,215.9689,35.8,94.5,0.0,0.5,0.82,0.09,0.09,0.9109,13.6407,0
1029.0,-124.0,75,28.0,118.5844,15.0,7.7,49.2,0.51,0.8,0.01,0.08,0.9588,13.4051,1
1153.0,124.0,74,42.0,135.3441,34.1,7.9,73.3,0.5,0.81,0.03,0.11,0.9362,11.4832,1
1395.0,99.0,62,32.7,65.4363,59.0,16.4,43.0,0.47,0.69,0.02,0.21,0.9751,14.8965,1
1296.0,-99.0,61,46.0,94.6545,65.2,26.9,64.2,0.48,0.82,0.05,0.18,0.9365,10.7368,1
1994.0,-56.0,77,89.5,163.3823,36.3,51.3,134.8,0.36,0.75,0.13,0.29,0.9568,11.8561,1
2050.0,56.0,77,93.2,189.8183,20.6,48.7,145.6,0.43,0.69,0.16,0.16,0.9638,12.8819,0
1655.0,-28.0,19,95.9,228.5793,8.5,193.1,0.0,0.32,0.47,0.05,0.26,0.962,15.6296,0
1683.0,28.0,19,13.9,21.2234,15.9,12.1,0.0,0.47,0.84,0.0,0.11,0.9561,15.3432,1
1720.0,-14.0,50,109.9,242.3758,74.9,45.5,338.1,0.34,0.7,0.12,0.28,0.8697,12.3723,0
1734.0,14.0,50,29.6,49.4996,26.1,33.4,21.8,0.54,0.84,0.0,0.2,0.9677,15.4985,1
1991.0,-18.0,51,40.8,65.8552,34.7,40.4,47.6,0.33,0.63,0.04,0.24,0.976,13.1148,1
2009.0,18.0,51,17.2,23.7703,26.0,19.0,6.2,0.61,0.86,0.0,0.12,0.9565,14.8342,1
1916.0,20.0,61,44.4,92.9395,31.4,70.7,13.1,0.48,0.72,0.07,0.1,0.9753,13.8054,1
1896.0,-20.0,60,69.9,154.2565,37.8,65.9,89.3,0.42,0.75,0.1,0.12,0.9539,13.7352,1
1491.0,-34.0,48,86.0,163.7813,36.1,85.0,152.4,0.46,0.62,0.1,0.33,0.9127,10.8065,0
1525.0,34.0,48,42.8,123.3636,24.6,54.7,21.6,0.56,0.83,0.04,0.12,0.9628,14.7405,1
1515.0,24.0,28,50.5,187.3927,12.1,71.9,0.0,0.61,0.82,0.04,0.04,0.93,14.3061,0
1491.0,-24.0,28,25.7,35.1811,10.8,32.7,0.0,0.39,0.71,0.0,0.14,0.9644,15.2692,1
1678.0,222.0,28,18.5,27.9291,11.4,22.4,0.0,0.43,0.71,0.0,0.14,0.9681,16.1134,1
1456.0,-222.0,27,90.8,192.958,34.7,118.9,0.0,0.26,0.48,0.07,0.37,0.9457,14.4882,0
1847.0,2.0,47,21.4,62.7697,15.2,27.6,4.0,0.68,0.89,0.04,0.04,0.9694,15.1382,1
1845.0,-2.0,46,63.4,157.7547,10.2,47.8,198.7,0.33,0.67,0.07,0.22,0.9487,13.564,0
1976.0,-12.0,39,52.6,109.4885,17.0,64.9,0.0,0.38,0.72,0.1,0.13,0.9543,14.4771,0
1988.0,12.0,38,92.6,201.9588,14.0,116.9,0.0,0.24,0.58,0.13,0.13,0.9312,14.2276,0
1848.0,34.0,25,74.2,202.4753,55.3,86.8,0.0,0.44,0.68,0.04,0.2,0.9645,15.5606,1
1814.0,-34.0,24,131.0,279.9504,85.2,158.4,0.0,0.42,0.62,0.17,0.17,0.8311,10.6012,0
1804.0,15.0,47,29.5,54.5467,8.5,40.7,11.6,0.4,0.74,0.04,0.15,0.9639,14.5818,0
1789.0,-15.0,46,57.1,179.9218,9.0,29.4,237.9,0.48,0.78,0.07,0.04,0.9699,13.0899,0
1939.0,104.0,63,60.9,176.9639,47.6,34.9,100.7,0.32,0.6,0.05,0.21,0.9651,13.8675,0
1835.0,-104.0,62,34.5,52.3026,41.0,51.3,9.9,0.42,0.71,0.02,0.23,0.9567,10.9924,1
2004.0,19.0,55,62.6,146.8911,27.7,66.2,78.6,0.33,0.73,0.07,0.2,0.9298,12.5476,0
1985.0,-19.0,55,28.0,39.2412,36.6,36.3,7.7,0.53,0.82,0.0,0.22,0.9646,14.0637,0
1804.0,17.0,43,71.9,170.743,54.2,85.0,0.0,0.42,0.6,0.09,0.19,0.9685,13.5774,1
1787.0,-17.0,42,109.2,223.3541,10.4,99.8,499.3,0.36,0.6,0.14,0.24,0.9493,13.9161,0
1744.0,72.0,59,72.8,182.2422,17.4,48.9,139.9,0.46,0.71,0.05,0.25,0.9414,11.8282,0
1672.0,-72.0,59,44.5,156.8055,12.3,19.3,96.6,0.61,0.8,0.03,0.1,0.949,14.1515,1
1889.0,-48.0,79,105.5,266.498,17.7,44.4,175.1,0.43,0.68,0.11,0.11,0.9717,13.068,1
1937.0,48.0,78,101.4,251.1637,20.7,32.3,173.1,0.4,0.72,0.12,0.1,0.9173,10.2904,0
1899.0,18.0,78,42.2,138.3042,18.8,14.5,70.3,0.41,0.76,0.04,0.06,0.9577,12.1445,0
1881.0,-18.0,78,16.1,56.196,29.1,10.0,17.8,0.6,0.78,0.01,0.03,0.9786,13.0627,1
1550.0,-40.0,33,104.6,235.4168,39.1,133.0,0.0,0.36,0.58,0.06,0.39,0.9269,13.2888,0
1590.0,40.0,33,45.4,174.3412,35.3,49.1,0.0,0.55,0.79,0.03,0.06,0.9569,14.9934,1
1625.0,-11.0,26,17.7,22.3731,18.2,17.3,0.0,0.69,0.85,0.0,0.12,0.9655,15.5254,1
1636.0,11.0,25,70.3,196.2005,23.3,96.7,0.0,0.32,0.56,0.04,0.2,0.9553,14.5012,0
1897.0,-29.0,56,78.1,167.1953,48.2,96.9,61.6,0.46,0.68,0.09,0.23,0.8986,11.5222,0
1926.0,29.0,56,65.2,196.5095,39.3,76.3,59.2,0.48,0.73,0.07,0.11,0.9668,14.7127,1
1604.0,-60.0,32,16.6,25.3631,15.7,17.0,0.0,0.41,0.78,0.0,0.16,0.9682,14.8508,1
1664.0,60.0,31,83.8,194.9351,50.7,97.4,0.0,0.42,0.68,0.1,0.16,0.8529,10.6885,1
1992.0,31.0,22,13.4,24.1396,18.2,9.3,0.0,0.55,0.91,0.0,0.14,0.9592,15.7527,1
1961.0,-31.0,21,97.0,239.0051,24.2,151.5,0.0,0.38,0.62,0.1,0.14,0.9454,12.1644,0
1803.0,87.0,81,22.3,41.0723,78.7,23.1,8.1,0.58,0.85,0.0,0.09,0.9669,12.057,1
1716.0,-87.0,80,39.0,123.3755,42.3,19.0,52.9,0.61,0.84,0.05,0.1,0.9155,11.4981,1
1891.0,-8.0,19,88.8,226.4095,21.7,163.4,0.0,0.37,0.58,0.11,0.21,0.9083,14.6019,0
1899.0,8.0,19,11.6,27.9828,23.2,1.1,0.0,0.79,0.84,0.0,0.11,0.952,15.4612,1
1638.0,7.0,25,61.7,199.4498,26.7,85.0,0.0,0.56,0.76,0.04,0.16,0.9643,14.7045,0
1631.0,-7.0,24,135.7,272.9457,22.3,203.7,0.0,0.21,0.42,0.12,0.46,0.9157,13.8906,0
1631.0,15.0,26,28.2,41.1644,45.8,17.2,0.0,0.54,0.77,0.0,0.23,0.9624,15.175,1
1616.0,-15.0,25,102.6,196.6437,60.7,126.1,0.0,0.16,0.44,0.12,0.4,0.963,14.6177,0
2255.0,678.0,46,143.5,296.6043,36.9,84.3,617.3,0.52,0.85,0.15,0.2,0.9489,14.059,1
1577.0,-678.0,45,121.4,281.9255,47.0,67.8,501.0,0.44,0.78,0.11,0.2,0.9358,11.0452,0
1570.0,-18.0,41,58.3,156.9557,15.0,74.7,0.0,0.41,0.63,0.02,0.27,0.9013,12.9027,0
1588.0,18.0,41,7.7,16.5772,11.1,7.2,0.0,0.8,0.95,0.0,0.05,0.9597,14.3757,1
1946.0,19.0,38,31.1,92.928,6.6,39.8,0.0,0.5,0.76,0.03,0.11,0.9422,13.2023,0
1927.0,-19.0,38,14.5,21.8171,16.8,13.8,0.0,0.61,0.87,0.0,0.08,0.9332,13.233,1
1628.0,96.0,40,13.2,20.7873,20.2,10.9,0.0,0.57,0.8,0.0,0.05,0.9636,15.337,1
1532.0,-96.0,39,57.5,159.7007,19.9,68.8,0.0,0.33,0.64,0.03,0.23,0.9633,13.5084,0
1891.0,82.0,35,43.9,168.699,28.7,49.9,0.0,0.63,0.77,0.03,0.09,0.9678,14.886,0
1809.0,-82.0,34,89.1,239.3428,18.4,114.6,0.0,0.53,0.62,0.12,0.12,0.8978,13.0909,1
1596.0,14.0,26,9.7,16.7995,17.4,4.9,0.0,0.69,0.88,0.0,0.08,0.9541,15.0468,1
1582.0,-14.0,25,66.6,197.9638,12.8,96.9,0.0,0.4,0.72,0.04,0.16,0.9615,15.1453,0
1799.0,-53.0,56,45.6,137.1279,37.7,29.0,81.8,0.48,0.79,0.02,0.16,0.8985,10.8886,0
1852.0,53.0,56,52.1,187.7459,37.6,10.8,132.6,0.62,0.84,0.04,0.11,0.9443,13.8001,1
1360.0,-792.0,70,92.9,257.9753,13.4,32.4,179.8,0.41,0.6,0.09,0.1,0.9688,14.756,0
2152.0,792.0,70,117.2,278.5967,13.4,50.3,212.1,0.46,0.74,0.1,0.17,0.9361,10.5342,0
1977.0,88.0,28,57.5,64.8025,57.4,57.6,0.0,0.25,0.5,0.04,0.36,0.964,15.2039,0
1889.0,-88.0,27,87.9,192.0033,40.7,111.5,0.0,0.37,0.59,0.07,0.33,0.8895,13.8294,0
1635.0,12.0,74,106.9,271.9045,32.3,56.0,173.7,0.36,0.61,0.09,0.14,0.9707,14.706,1
1623.0,-12.0,73,134.9,308.6188,31.2,56.8,231.1,0.45,0.71,0.12,0.12,0.9156,10.8441,0
2231.0,246.0,26,13.5,18.1973,26.0,5.6,0.0,0.46,0.85,0.0,0.08,0.9578,15.1949,1
1985.0,-246.0,25,59.5,197.1098,19.1,82.2,0.0,0.24,0.56,0.04,0.12,0.9606,14.1212,1
1405.0,-29.0,38,82.9,170.059,111.8,72.5,0.0,0.34,0.53,0.08,0.29,0.8948,11.9066,0
1434.0,29.0,38,25.1,37.3383,53.0,16.4,0.0,0.29,0.82,0.0,0.24,0.9582,14.8409,1
1554.0,-48.0,84,58.0,130.8233,37.3,10.8,94.8,0.5,0.81,0.08,0.1,0.9748,13.1682,1
1602.0,48.0,83,47.8,130.9611,27.3,4.4,81.6,0.54,0.8,0.08,0.04,0.9625,12.4221,1
1935.0,-70.0,37,25.6,46.7009,6.6,32.6,0.0,0.62,0.81,0.03,0.11,0.9643,15.3061,0
2005.0,70.0,36,58.3,173.3773,3.0,76.7,0.0,0.5,0.81,0.06,0.14,0.9696,15.2382,1
2135.0,153.0,47,63.0,149.0274,22.3,44.2,202.1,0.43,0.68,0.04,0.26,0.9696,15.7882,0
1982.0,-153.0,47,47.2,65.1214,37.8,59.1,13.2,0.45,0.68,0.04,0.3,0.9266,12.9631,0
1925.0,-5.0,44,78.0,184.6253,28.6,69.2,267.5,0.41,0.73,0.07,0.23,0.9008,11.402,0
1930.0,5.0,44,40.2,103.6535,10.0,55.9,0.8,0.48,0.84,0.07,0.05,0.9592,15.0356,1
1844.0,3.0,45,69.1,212.1037,8.3,63.1,226.8,0.42,0.76,0.07,0.04,0.9702,13.1604,0
1841.0,-3.0,45,29.9,148.3556,8.9,40.5,8.8,0.56,0.78,0.02,0.0,0.9459,14.087,1
1889.0,-9.0,51,15.2,24.2064,37.2,13.3,0.4,0.49,0.82,0.0,0.12,0.9714,15.1567,1
1898.0,9.0,50,36.4,46.0018,36.8,49.5,0.3,0.32,0.68,0.02,0.18,0.9183,11.5815,0
1344.0,-106.0,57,142.6,310.4933,7.1,134.6,236.5,0.39,0.72,0.18,0.09,0.9556,15.1248,1
1450.0,106.0,56,106.2,249.0637,8.3,128.6,118.7,0.5,0.82,0.16,0.05,0.8069,10.6995,0
1981.0,-92.0,48,75.0,108.3633,74.5,57.4,142.0,0.52,0.77,0.17,0.15,0.9454,12.3071,1
2073.0,92.0,48,74.9,116.0534,41.9,51.1,187.1,0.46,0.71,0.17,0.15,0.9545,14.0216,0
1364.0,41.0,61,42.0,68.9564,51.1,41.2,38.9,0.49,0.77,0.05,0.21,0.9486,13.7615,1
1323.0,-41.0,60,47.8,96.6152,23.3,56.6,45.6,0.4,0.68,0.07,0.17,0.9147,12.3486,0
1171.0,-95.0,33,23.2,49.2164,39.9,16.0,0.0,0.48,0.88,0.03,0.03,0.9619,15.5033,1
1266.0,95.0,32,40.6,75.0298,69.0,29.5,0.0,0.41,0.72,0.06,0.12,0.8654,12.4882,1
1896.0,13.0,50,31.5,47.9116,9.4,41.8,22.6,0.4,0.68,0.02,0.22,0.872,12.0548,0
1883.0,-13.0,50,10.7,16.8519,16.4,12.4,1.1,0.54,0.78,0.0,0.06,0.9634,15.101,0
1893.0,37.0,50,57.4,147.8934,34.0,43.4,122.8,0.26,0.62,0.06,0.22,0.9184,11.4543,0
1856.0,-37.0,50,15.5,39.7416,15.9,20.6,1.2,0.6,0.76,0.02,0.02,0.9547,14.3848,1
1746.0,-20.0,48,67.8,204.4298,16.9,63.3,148.6,0.52,0.75,0.06,0.08,0.9587,12.8693,1
1766.0,20.0,48,28.0,54.8986,16.9,39.5,0.7,0.44,0.81,0.02,0.12,0.9638,13.7034,0
1522.0,-13.0,60,138.9,283.2819,76.6,66.2,279.1,0.37,0.6,0.12,0.3,0.9559,10.2135,0
1535.0,13.0,59,129.6,286.969,31.8,50.2,292.8,0.46,0.59,0.12,0.19,0.958,14.9367,0
1631.0,-304.0,60,93.5,225.8499,21.7,41.7,207.2,0.4,0.72,0.13,0.12,0.8987,12.5767,0
1935.0,304.0,60,65.1,189.6899,20.9,48.0,108.3,0.45,0.75,0.07,0.12,0.9727,13.2773,1
1796.0,214.0,34,80.1,174.1536,64.5,86.7,0.0,0.41,0.79,0.06,0.26,0.9367,15.2466,0
1582.0,-214.0,34,28.5,41.4241,46.7,22.0,0.0,0.47,0.74,0.0,0.15,0.9602,15.6605,1
2083.0,301.0,43,76.2,170.9563,68.4,86.4,0.0,0.49,0.74,0.09,0.21,0.8807,13.0879,1
1782.0,-301.0,42,123.9,263.7016,58.8,122.5,333.3,0.38,0.64,0.12,0.21,0.9394,14.0406,1
710.0,-878.0,38,28.5,36.8729,61.7,16.6,0.0,0.63,0.79,0.0,0.26,0.9681,14.8988,1
1588.0,878.0,37,62.6,171.8509,35.4,71.3,0.0,0.46,0.81,0.05,0.19,0.9396,13.2982,0
1724.0,-526.0,59,17.5,32.3922,20.6,23.5,6.3,0.46,0.76,0.0,0.1,0.9409,14.0801,1
2250.0,526.0,58,51.4,168.2986,19.6,43.0,79.7,0.43,0.81,0.03,0.14,0.9432,11.9946,0
1516.0,-43.0,30,54.0,179.9597,14.8,73.7,0.0,0.47,0.83,0.03,0.03,0.9569,15.1956,1
1559.0,43.0,29,111.2,254.67,17.1,153.6,0.0,0.45,0.62,0.1,0.21,0.959,14.1272,0
1945.0,304.0,23,24.7,47.8496,16.6,30.9,0.0,0.57,0.83,0.04,0.09,0.9577,14.6569,0
1641.0,-304.0,22,83.1,218.7543,8.7,134.7,0.0,0.36,0.64,0.09,0.18,0.9095,13.8344,0
1816.0,4.0,43,62.6,165.7362,63.3,68.6,0.0,0.51,0.74,0.05,0.23,0.9434,14.74,1
1812.0,-4.0,42,100.9,220.3975,44.8,94.4,334.0,0.4,0.67,0.14,0.21,0.937,13.6546,0
1630.0,-7.0,49,50.8,143.8986,32.2,27.2,150.1,0.45,0.78,0.02,0.24,0.9565,13.5511,1
1637.0,7.0,49,15.8,35.7647,19.3,5.8,42.7,0.67,0.92,0.02,0.02,0.9537,13.0812,1
1537.0,37.0,30,82.9,194.7124,139.0,54.9,0.0,0.6,0.83,0.13,0.13,0.961,10.7554,0
1500.0,-37.0,30,78.7,194.906,30.0,99.6,0.0,0.63,0.83,0.1,0.2,0.9532,13.3259,1
1819.0,-14.0,31,36.8,70.4666,21.6,44.1,0.0,0.45,0.77,0.03,0.19,0.961,14.9978,0
1833.0,14.0,30,75.5,187.8374,12.0,102.8,0.0,0.4,0.67,0.1,0.2,0.9554,14.7194,0
1809.0,-4.0,41,114.6,260.3142,17.9,117.3,1000.0,0.39,0.61,0.12,0.17,0.9149,13.413,0
1813.0,4.0,41,93.1,260.5721,42.3,81.2,500.0,0.59,0.88,0.07,0.12,0.967,13.6298,0
1788.0,-12.0,42,36.8,48.9197,91.4,21.1,0.0,0.55,0.79,0.02,0.19,0.9711,14.2753,1
1800.0,12.0,41,48.3,66.587,45.9,52.2,1.0,0.32,0.56,0.02,0.32,0.9358,14.4278,0
1411.0,51.0,36,54.0,167.825,19.7,67.2,0.0,0.39,0.61,0.06,0.19,0.9521,13.9586,0
1360.0,-51.0,36,11.3,22.6867,21.9,7.8,0.0,0.53,0.83,0.0,0.03,0.96,13.9867,1
1903.0,73.0,71,42.6,125.0328,10.0,38.6,56.9,0.49,0.76,0.04,0.08,0.9258,12.0899,0
1830.0,-73.0,71,14.9,19.8691,11.2,17.8,13.2,0.51,0.83,0.0,0.06,0.9694,14.6736,1
1883.0,31.0,44,54.8,88.3265,17.6,72.2,17.0,0.34,0.57,0.09,0.18,0.9801,13.6633,0
1852.0,-31.0,43,76.9,199.2318,8.1,66.6,308.8,0.53,0.77,0.12,0.12,0.9634,14.8712,0
1709.0,-143.0,33,119.6,241.732,19.4,163.2,0.0,0.18,0.52,0.12,0.36,0.9511,13.8945,0
1852.0,143.0,33,25.3,41.1799,35.6,21.5,0.0,0.45,0.79,0.0,0.21,0.9312,13.2588,1
1308.0,0.0,32,31.3,54.0737,47.3,24.0,0.0,0.47,0.81,0.03,0.16,0.9566,15.4282,1
1308.0,0.0,31,92.7,207.2644,48.2,110.9,0.0,0.42,0.65,0.13,0.19,0.9009,11.8253,0
1553.0,-286.0,51,52.8,87.7013,42.4,57.8,48.6,0.43,0.78,0.06,0.25,0.9465,11.5074,0
1839.0,286.0,51,40.7,142.1133,29.0,60.0,1.1,0.61,0.9,0.02,0.16,0.951,13.6243,1
1890.0,37.0,68,82.0,206.333,47.8,29.6,150.5,0.59,0.79,0.09,0.22,0.9447,12.2988,1
1853.0,-37.0,68,19.3,42.6473,59.9,19.0,7.1,0.72,0.96,0.01,0.07,0.9431,12.792,1
1903.0,-79.0,31,85.7,238.8085,21.1,116.4,0.0,0.45,0.77,0.06,0.1,0.9542,14.5577,0
1982.0,79.0,31,17.1,27.9492,17.4,17.0,0.0,0.45,0.77,0.0,0.06,0.9584,13.7688,1
1780.0,6.0,25,160.4,329.2527,17.8,255.4,0.0,0.28,0.44,0.16,0.16,0.9621,15.1913,0
1774.0,-6.0,25,95.8,273.3462,13.7,142.1,0.0,0.48,0.8,0.08,0.12,0.9581,15.0104,1
1482.0,12.0,43,23.5,30.2012,29.5,23.9,0.0,0.47,0.74,0.0,0.16,0.9662,16.131,1
1470.0,-12.0,42,42.0,62.0185,34.9,48.2,1.0,0.19,0.67,0.05,0.24,0.9603,12.0763,0
1700.0,34.0,55,71.8,191.3353,5.1,46.3,167.2,0.51,0.78,0.09,0.15,0.9026,11.6891,0
1666.0,-34.0,55,21.1,67.8679,1.7,37.5,1.2,0.65,0.91,0.02,0.05,0.943,13.8098,1
1673.0,46.0,42,82.5,165.422,72.5,58.0,500.0,0.26,0.52,0.1,0.36,0.9646,15.0711,0
1627.0,-46.0,42,35.9,89.467,69.9,29.3,0.0,0.67,0.81,0.07,0.1,0.9585,14.7694,1
1406.0,-6.0,36,67.5,176.3288,16.2,87.2,0.0,0.31,0.39,0.06,0.17,0.9377,15.1029,0
1412.0,6.0,36,27.2,54.5067,22.7,28.7,0.0,0.56,0.69,0.03,0.14,0.9565,14.6615,1
1452.0,40.0,46,91.8,201.4578,39.5,63.4,321.3,0.33,0.65,0.11,0.24,0.9468,13.4083,0
1412.0,-40.0,46,58.9,152.6465,38.3,44.9,145.6,0.37,0.65,0.07,0.22,0.9496,15.0166,1
1830.0,55.0,45,51.6,158.574,16.7,38.5,200.0,0.58,0.73,0.04,0.11,0.9606,14.2367,0
1775.0,-55.0,44,68.2,159.8128,43.7,53.4,201.0,0.36,0.66,0.09,0.25,0.9094,11.3497,1
1262.0,109.0,53,26.3,45.7551,61.3,12.2,32.1,0.43,0.74,0.02,0.15,0.9708,15.492,1
1153.0,-109.0,52,57.0,145.7209,48.8,39.4,103.1,0.35,0.65,0.06,0.27,0.9553,13.6437,1
1617.0,6.0,34,13.6,29.0339,30.5,6.6,0.0,0.76,0.94,0.0,0.09,0.9562,14.9303,1
1611.0,-6.0,33,64.9,180.7455,14.0,84.0,0.0,0.45,0.67,0.06,0.15,0.8996,12.5157,0
2120.0,150.0,49,42.4,142.7654,41.0,55.6,0.1,0.47,0.73,0.02,0.16,0.9555,14.5479,0
1970.0,-150.0,48,77.0,200.8034,45.2,76.2,111.3,0.25,0.54,0.06,0.23,0.9009,11.3511,0
1892.0,5.0,24,31.9,49.8016,22.5,38.6,0.0,0.5,0.75,0.0,0.25,0.9612,15.9647,0
1887.0,-5.0,23,105.0,236.5855,24.1,156.9,0.0,0.39,0.65,0.13,0.22,0.9162,11.7506,0
1561.0,-60.0,37,103.1,173.882,79.5,111.8,0.0,0.54,0.65,0.16,0.19,0.9452,11.2817,0
1621.0,60.0,37,105.6,188.2754,75.7,115.3,0.0,0.35,0.59,0.19,0.11,0.9646,14.9224,1
1918.0,75.0,48,49.4,146.5749,32.4,32.0,135.6,0.46,0.67,0.02,0.17,0.9441,13.4332,0
1843.0,-75.0,47,80.1,205.5645,42.0,22.4,339.1,0.26,0.6,0.06,0.19,0.963,15.0103,1
1684.0,-44.0,42,67.2,163.1628,18.3,87.9,0.5,0.4,0.64,0.05,0.21,0.918,12.0443,0
1728.0,44.0,42,83.8,258.6183,17.6,78.8,333.3,0.57,0.76,0.07,0.05,0.9682,15.5874,1
1698.0,42.0,33,41.9,60.0963,41.9,42.0,0.0,0.42,0.79,0.03,0.24,0.9618,14.8682,0
1656.0,-42.0,32,77.1,145.4738,57.6,84.8,0.0,0.31,0.56,0.12,0.28,0.9653,14.5157,1
1766.0,62.0,28,56.5,189.282,16.4,78.8,0.0,0.39,0.57,0.07,0.04,0.8554,13.8378,0
1704.0,-62.0,28,13.8,19.0503,29.6,6.3,0.0,0.64,0.75,0.0,0.04,0.9586,15.1426,1
1360.0,-792.0,43,142.2,288.0499,9.2,200.6,1.3,0.44,0.67,0.16,0.28,0.9448,11.796,0
2152.0,792.0,43,42.2,154.1469,12.6,56.7,0.5,0.49,0.86,0.02,0.14,0.9689,16.1881,0
1598.0,41.0,35,98.9,168.655,72.2,109.6,0.0,0.49,0.71,0.2,0.17,0.9349,11.8624,0
1557.0,-41.0,35,113.8,160.9972,127.2,109.2,0.0,0.43,0.63,0.14,0.4,0.9569,13.9377,0
1766.0,63.0,50,62.2,154.1316,21.7,63.1,100.2,0.46,0.8,0.08,0.18,0.9064,10.3626,0
1703.0,-63.0,50,28.3,64.2883,23.7,35.7,11.9,0.52,0.78,0.02,0.14,0.9488,13.7147,0
1944.0,3.0,28,69.4,186.5955,18.1,97.8,0.0,0.21,0.61,0.04,0.21,0.9604,13.596,0
1941.0,-3.0,28,32.2,107.7168,15.9,39.9,0.0,0.61,0.82,0.04,0.04,0.9663,15.7873,0
2120.0,150.0,60,40.5,63.2867,48.4,36.3,42.9,0.37,0.72,0.03,0.18,0.9516,12.5581,0
1970.0,-150.0,60,39.7,131.9818,44.3,28.8,53.4,0.52,0.77,0.03,0.1,0.9597,13.1931,0
2033.0,98.0,31,13.1,17.9951,18.4,10.6,0.0,0.61,0.84,0.0,0.03,0.9621,15.2903,1
1935.0,-98.0,30,70.2,183.0721,16.8,93.1,0.0,0.37,0.67,0.07,0.23,0.956,13.2165,0
1872.0,4.0,35,72.7,169.4162,47.1,83.0,0.0,0.31,0.6,0.06,0.31,0.8689,11.889,0
1868.0,-4.0,35,16.8,39.8516,13.6,18.0,0.0,0.66,0.83,0.03,0.03,0.9668,15.9553,1
1522.0,49.0,39,53.6,169.8942,18.1,65.9,0.0,0.44,0.85,0.05,0.08,0.8961,12.318,0
1473.0,-49.0,39,32.5,55.5958,19.9,36.3,0.0,0.49,0.62,0.03,0.18,0.9635,14.3159,0
956.0,-748.0,33,66.4,173.9404,11.1,90.5,0.0,0.36,0.61,0.03,0.27,0.9355,14.2937,0
1704.0,748.0,33,16.6,27.0209,5.8,20.6,0.0,0.48,0.76,0.0,0.12,0.9629,14.5044,1
1632.0,-40.0,56,82.1,195.9956,31.7,49.5,174.8,0.43,0.66,0.12,0.14,0.9357,12.0895,0
1672.0,40.0,56,30.2,91.2139,23.2,48.4,1.9,0.62,0.82,0.05,0.09,0.9678,14.1168,1
1844.0,-12.0,29,11.8,22.3959,9.4,13.1,0.0,0.48,0.79,0.0,0.03,0.9569,15.3188,1
1856.0,12.0,28,79.7,191.5997,51.9,92.8,0.0,0.21,0.46,0.11,0.21,0.9575,13.1862,1
1124.0,-627.0,57,129.3,256.8542,53.4,131.6,169.8,0.28,0.58,0.12,0.25,0.9418,13.5237,0
1751.0,627.0,57,96.0,226.4231,18.8,127.8,81.8,0.4,0.7,0.09,0.23,0.9617,13.805,1
1919.0,89.0,62,51.0,132.241,26.5,46.6,68.1,0.42,0.68,0.03,0.21,0.8722,10.6937,0
1830.0,-89.0,62,40.9,130.5385,37.3,28.8,58.1,0.42,0.73,0.02,0.18,0.9525,13.4307,1
1898.0,80.0,42,80.8,165.2161,20.3,75.0,470.0,0.48,0.74,0.14,0.14,0.8721,12.0747,1
1818.0,-80.0,42,95.6,170.1903,16.8,78.1,507.7,0.38,0.5,0.14,0.19,0.9616,15.3225,0
2123.0,371.0,39,55.4,74.9054,28.3,64.7,0.0,0.41,0.67,0.05,0.33,0.9347,13.648,0
1752.0,-371.0,39,23.4,40.2607,33.7,20.3,0.0,0.54,0.82,0.0,0.15,0.9705,14.89,1
1840.0,20.0,25,65.4,139.0962,42.1,80.9,0.0,0.4,0.8,0.08,0.2,0.957,13.8883,0
1820.0,-20.0,24,152.6,295.6862,34.9,223.3,0.0,0.33,0.62,0.17,0.21,0.9627,15.8487,0
1680.0,8.0,19,63.8,145.6679,53.3,75.6,0.0,0.63,0.79,0.11,0.16,0.9545,14.978,1
1672.0,-8.0,18,156.8,315.5918,25.0,288.6,0.0,0.33,0.72,0.17,0.28,0.8436,13.3957,0
1471.0,-16.0,46,36.6,51.2707,15.7,44.1,34.2,0.39,0.67,0.02,0.26,0.8799,12.4285,0
1487.0,16.0,46,17.1,33.7011,18.7,19.9,3.4,0.72,0.85,0.0,0.07,0.9639,14.536,1
1692.0,-8.0,27,97.9,208.3292,47.4,127.6,0.0,0.37,0.63,0.11,0.26,0.9733,15.2077,0
1700.0,8.0,27,30.2,70.7853,17.2,36.7,0.0,0.59,0.85,0.04,0.04,0.9634,15.8822,1
1889.0,77.0,46,57.5,147.5413,55.9,69.4,0.3,0.22,0.54,0.02,0.33,0.9624,14.9507,0
1812.0,-77.0,45,98.0,211.3779,112.9,113.1,0.5,0.22,0.62,0.11,0.24,0.9181,12.1263,1
1183.0,-120.0,42,68.8,175.5751,20.3,89.3,2.5,0.4,0.74,0.07,0.21,0.9338,12.7001,1
1303.0,120.0,42,24.5,75.9204,64.0,15.1,0.7,0.6,0.93,0.02,0.05,0.9455,14.8857,1
1780.0,-6.0,39,83.7,222.2099,56.0,93.3,0.0,0.44,0.79,0.08,0.18,0.9661,14.8631,0
1786.0,6.0,38,127.4,266.955,64.6,146.9,0.0,0.39,0.63,0.16,0.24,0.864,13.1124,1
1247.0,-54.0,27,55.9,79.8338,54.4,56.7,0.0,0.48,0.67,0.04,0.3,0.9613,15.2306,0
1301.0,54.0,26,112.7,224.3269,88.7,125.4,0.0,0.46,0.65,0.15,0.12,0.9199,14.8751,1
1988.0,48.0,34,62.2,164.2498,30.4,75.5,0.0,0.41,0.62,0.06,0.18,0.9653,14.2217,0
1940.0,-48.0,34,27.7,73.7114,26.9,28.0,0.0,0.59,0.79,0.03,0.12,0.9088,13.7621,1
1217.0,-829.0,77,49.7,120.0271,28.7,42.2,61.5,0.43,0.73,0.03,0.27,0.9038,12.017,1
2046.0,829.0,77,50.5,164.0203,33.7,34.8,66.8,0.57,0.83,0.05,0.1,0.9735,13.3914,1
1620.0,-4.0,25,47.2,57.5111,55.0,42.1,0.0,0.4,0.8,0.0,0.4,0.9627,15.2168,1
1624.0,4.0,24,90.0,199.7706,60.4,107.7,0.0,0.25,0.62,0.04,0.38,0.9609,15.6873,0
1574.0,-457.0,33,6.8,10.9006,4.1,8.0,0.0,0.67,0.88,0.0,0.0,0.9622,14.5333,0
2031.0,457.0,32,59.8,183.5807,8.9,79.7,0.0,0.34,0.72,0.06,0.16,0.9561,13.6524,1
1618.0,-32.0,49,80.0,155.203,75.9,51.0,181.6,0.33,0.51,0.08,0.33,0.9407,13.2531,0
1650.0,32.0,49,32.4,45.8102,68.9,24.5,23.3,0.47,0.78,0.02,0.2,0.9547,14.3466,1
1707.0,-7.0,30,73.3,195.4521,66.1,76.8,0.0,0.33,0.67,0.1,0.1,0.9302,13.3068,0
1714.0,7.0,30,13.9,17.0927,19.0,11.7,0.0,0.5,0.8,0.0,0.07,0.9556,15.1928,1
1435.0,174.0,34,23.4,50.9225,35.8,18.3,0.0,0.53,0.79,0.03,0.06,0.9669,14.1921,0
1261.0,-174.0,33,80.5,179.0824,20.8,102.9,0.0,0.3,0.48,0.06,0.36,0.95,13.3134,1
924.0,-805.0,29,18.9,44.0639,4.5,26.4,0.0,0.62,0.83,0.03,0.07,0.9682,15.5585,1
1729.0,805.0,28,65.2,100.2377,50.9,72.1,0.0,0.25,0.71,0.07,0.32,0.8761,10.7456,0
1685.0,71.0,38,136.6,304.066,51.7,166.9,0.0,0.5,0.76,0.11,0.26,0.9643,16.317,0
1614.0,-71.0,37,150.6,309.1434,74.0,175.2,0.0,0.46,0.73,0.19,0.16,0.8609,9.2201,0
1737.0,71.0,38,76.6,170.4386,79.8,75.4,0.0,0.32,0.63,0.08,0.24,0.9457,13.7519,0
1666.0,-71.0,38,31.4,58.7549,44.9,27.2,0.0,0.55,0.76,0.03,0.18,0.9585,14.3603,1
1504.0,-42.0,27,25.8,55.5229,52.8,9.9,0.0,0.63,0.89,0.04,0.11,0.9642,13.8788,1
1546.0,42.0,26,100.2,214.5926,16.0,144.7,0.0,0.42,0.65,0.15,0.15,0.9678,13.4328,0
1605.0,-32.0,24,131.2,221.9195,144.4,121.9,0.0,0.29,0.62,0.21,0.33,0.9573,14.8689,0
1637.0,32.0,24,72.1,125.6203,101.9,54.3,0.0,0.42,0.58,0.17,0.08,0.9614,14.6921,1
1988.0,69.0,61,89.0,219.3192,16.8,56.4,170.0,0.3,0.62,0.11,0.15,0.9781,15.0972,0
1919.0,-69.0,60,86.2,191.8935,31.0,64.3,141.2,0.42,0.7,0.13,0.2,0.9258,12.4125,0
1847.0,-6.0,30,40.9,89.2385,36.4,43.2,0.0,0.53,0.73,0.07,0.17,0.9643,15.4734,0
1853.0,6.0,29,93.5,190.7662,20.3,126.4,0.0,0.17,0.62,0.14,0.31,0.9616,14.9814,0
1815.0,1.0,44,72.9,158.8394,45.6,54.1,282.2,0.41,0.75,0.05,0.3,0.9663,13.3789,1
1814.0,-1.0,44,29.9,49.2556,43.6,23.0,46.8,0.43,0.75,0.02,0.2,0.9488,14.3372,0
1500.0,-299.0,19,39.1,77.9348,70.4,4.2,0.0,0.63,0.84,0.05,0.11,0.9657,16.4158,1
1799.0,299.0,18,147.8,243.5844,107.6,188.0,0.0,0.28,0.61,0.28,0.17,0.8434,11.3504,0
1404.0,47.0,44,57.3,128.2198,101.8,49.9,1.5,0.39,0.7,0.05,0.25,0.9058,11.6884,1
1357.0,-47.0,44,54.4,152.405,39.9,34.4,201.0,0.48,0.61,0.02,0.25,0.9611,13.5291,0
1619.0,49.0,50,81.1,212.8957,34.3,80.9,128.4,0.46,0.7,0.08,0.16,0.9469,15.0478,0
1570.0,-49.0,49,102.3,233.7791,83.1,91.7,151.4,0.47,0.67,0.1,0.2,0.845,10.5948,1
1818.0,-1.0,31,13.2,20.8045,19.1,10.4,0.0,0.58,0.81,0.0,0.1,0.9628,15.5512,1
1819.0,1.0,30,78.8,184.434,15.4,106.0,0.0,0.13,0.5,0.07,0.3,0.9329,14.1029,0
1438.0,-82.0,47,113.7,245.6206,87.2,115.6,143.6,0.45,0.7,0.13,0.26,0.7719,8.4727,0
1520.0,82.0,47,39.9,151.4099,76.6,39.3,1.1,0.47,0.7,0.04,0.06,0.9641,15.3129,0
1722.0,-5.0,53,31.7,54.4586,27.9,38.6,18.8,0.43,0.79,0.04,0.21,0.9602,13.7918,1
1727.0,5.0,52,55.3,116.2541,27.7,25.4,143.5,0.52,0.79,0.1,0.08,0.928,12.3402,0
1604.0,-17.0,35,84.5,184.7767,20.3,110.2,0.0,0.34,0.54,0.09,0.26,0.9404,13.7547,0
1621.0,17.0,35,68.9,181.9228,25.2,84.0,0.0,0.37,0.74,0.06,0.14,0.959,15.0068,1
1571.0,-140.0,37,51.0,62.0396,42.5,54.2,0.0,0.38,0.7,0.03,0.32,0.9213,13.3908,0
1711.0,140.0,37,46.5,164.7551,38.0,49.2,0.0,0.59,0.81,0.03,0.16,0.9602,14.9098,1
1838.0,26.0,37,21.6,25.2263,20.7,21.9,0.0,0.59,0.84,0.0,0.14,0.9718,15.7358,1
1812.0,-26.0,36,65.9,168.1297,22.8,80.3,0.0,0.31,0.61,0.06,0.22,0.9377,14.6288,0
1807.0,14.0,32,89.2,183.3229,62.7,101.2,0.0,0.41,0.66,0.09,0.41,0.9266,14.0464,0
1793.0,-14.0,32,30.0,55.1254,64.7,16.5,0.0,0.59,0.75,0.03,0.19,0.9261,14.4264,1
1744.0,-88.0,36,11.1,19.5468,18.8,8.1,0.0,0.61,0.86,0.0,0.06,0.9656,15.4815,1
1832.0,88.0,35,62.6,177.0703,14.7,79.2,0.0,0.46,0.6,0.06,0.11,0.9308,12.5559,0
1734.0,17.0,59,44.6,135.3315,35.7,19.0,89.7,0.44,0.8,0.03,0.12,0.961,13.4863,1
1717.0,-17.0,59,11.2,36.9463,13.1,15.5,3.8,0.71,0.9,0.02,0.0,0.9707,12.9931,1
1714.0,8.0,37,38.2,163.2069,13.7,47.3,0.0,0.43,0.73,0.03,0.03,0.9553,13.0736,0
1706.0,-8.0,37,7.7,14.7774,19.9,3.8,0.0,0.68,0.89,0.0,0.05,0.9647,13.6608,1
1819.0,-103.0,44,60.1,156.6141,19.7,36.4,339.5,0.43,0.73,0.07,0.25,0.9599,14.1128,0
1922.0,103.0,44,10.5,24.7936,14.9,9.8,7.4,0.61,0.91,0.0,0.05,0.9682,14.7674,1
1882.0,19.0,35,73.3,234.8407,30.5,90.5,0.0,0.51,0.8,0.09,0.06,0.9698,15.5999,0
1863.0,-19.0,34,121.2,283.0078,37.7,151.3,0.0,0.35,0.59,0.12,0.24,0.8251,11.06,0
1947.0,-11.0,25,79.7,198.2552,43.6,103.7,0.0,0.24,0.6,0.08,0.28,0.9651,15.6386,0
1958.0,11.0,25,19.4,38.8265,24.6,16.5,0.0,0.64,0.88,0.0,0.12,0.9549,15.0692,1
1889.0,177.0,30,20.2,32.2034,18.5,21.1,0.0,0.47,0.77,0.0,0.2,0.9301,15.1555,1
1712.0,-177.0,29,78.7,204.2118,16.7,106.5,0.0,0.45,0.62,0.07,0.17,0.952,14.0223,0
1735.0,-6.0,26,42.2,107.0218,68.6,25.6,0.0,0.5,0.73,0.04,0.12,0.9201,13.7983,1
1741.0,6.0,25,89.2,204.0568,37.6,118.2,0.0,0.4,0.64,0.16,0.16,0.9241,14.4836,0
1986.0,-217.0,47,18.3,33.2377,14.6,23.8,0.1,0.4,0.68,0.0,0.13,0.9297,12.3558,0
2203.0,217.0,47,15.0,31.98,9.6,20.7,0.0,0.34,0.64,0.0,0.06,0.9466,13.4109,0
1476.0,-99.0,43,63.5,154.6052,35.8,79.1,0.0,0.35,0.56,0.02,0.26,0.9222,12.0149,0
1575.0,99.0,43,15.5,23.5366,36.8,11.2,0.0,0.6,0.84,0.0,0.12,0.9344,13.0734,1
1849.0,211.0,33,22.5,31.9317,28.4,20.0,0.0,0.48,0.82,0.0,0.15,0.9616,14.333,1
1638.0,-211.0,32,47.2,75.2519,23.1,56.6,0.0,0.34,0.59,0.03,0.28,0.9705,14.3453,0
1542.0,-483.0,12,11.3,20.2275,13.6,0.0,0.0,0.58,0.75,0.0,0.08,0.9476,14.2155,0
2025.0,483.0,11,128.2,293.0829,27.8,580.0,0.0,0.0,0.45,0.09,0.18,0.9467,14.7738,0
1603.0,-61.0,39,35.5,54.458,53.2,29.4,0.0,0.49,0.74,0.03,0.21,0.9659,15.4807,1
1664.0,61.0,38,91.8,180.6685,47.0,105.7,0.0,0.37,0.68,0.11,0.32,0.939,13.5444,0
1874.0,-24.0,29,31.3,45.4579,46.0,23.5,0.0,0.52,0.66,0.03,0.17,0.9631,15.3583,0
1898.0,24.0,28,86.5,209.2007,23.4,116.4,0.0,0.43,0.64,0.07,0.36,0.9593,13.9866,0
1391.0,60.0,36,45.5,109.1278,23.7,53.9,0.0,0.64,0.78,0.06,0.11,0.9521,14.67,1
1331.0,-60.0,35,73.6,192.0089,16.7,93.3,0.0,0.4,0.63,0.06,0.26,0.9356,13.3057,0
1991.0,-97.0,41,19.1,22.1781,20.0,19.4,0.0,0.54,0.83,0.0,0.1,0.9602,14.8392,1
2088.0,97.0,40,55.6,157.2298,19.8,68.2,0.0,0.38,0.62,0.03,0.28,0.9211,12.7069,0
1849.0,-257.0,47,34.2,55.8826,21.0,43.4,13.9,0.45,0.72,0.02,0.23,0.9629,14.4546,1
2106.0,257.0,46,55.9,151.3749,16.6,42.4,164.4,0.43,0.74,0.04,0.2,0.9664,12.6571,0
1633.0,9.0,33,73.5,173.8888,36.6,89.6,0.0,0.36,0.76,0.06,0.3,0.9651,15.859,0
1624.0,-9.0,33,44.1,55.1186,79.4,30.8,0.0,0.36,0.64,0.03,0.3,0.9541,13.3238,1
1825.0,-48.0,41,69.7,215.2064,28.9,85.7,0.0,0.56,0.73,0.05,0.17,0.9683,14.8979,1
1873.0,48.0,40,89.5,228.8136,15.7,114.6,0.0,0.38,0.57,0.1,0.15,0.9243,13.8746,0
1841.0,17.0,55,49.7,107.1643,10.7,19.7,135.9,0.45,0.71,0.11,0.07,0.9354,12.745,0
1824.0,-17.0,55,53.2,112.5418,5.8,18.2,145.6,0.55,0.87,0.13,0.04,0.9504,11.8417,1
1717.0,-27.0,38,49.8,161.5059,37.3,54.2,0.0,0.61,0.82,0.03,0.18,0.9637,15.835,1
1744.0,27.0,37,108.2,235.4675,38.4,130.6,0.0,0.22,0.51,0.08,0.38,0.9567,13.9298,0
1959.0,14.0,30,13.2,19.3546,14.6,12.6,0.0,0.43,0.73,0.0,0.03,0.9659,16.0218,0
1945.0,-14.0,29,78.6,182.8781,43.1,94.5,0.0,0.14,0.41,0.03,0.45,0.928,13.0979,1
2044.0,98.0,21,40.7,83.6505,21.9,57.8,0.0,0.52,0.62,0.05,0.24,0.9641,15.5303,0
1946.0,-98.0,20,109.0,254.175,31.8,172.2,0.0,0.3,0.65,0.1,0.2,0.9621,14.8768,0
1792.0,60.0,36,31.0,38.6782,24.6,33.5,0.0,0.33,0.58,0.0,0.19,0.9206,14.089,0
1732.0,-60.0,36,9.2,16.8955,29.6,2.4,0.0,0.64,0.78,0.0,0.03,0.9661,15.0998,1
1852.0,-80.0,23,73.3,222.1518,10.7,121.5,0.0,0.48,0.78,0.09,0.04,0.9182,14.7791,0
1932.0,80.0,23,10.0,13.7676,11.2,9.2,0.0,0.61,0.83,0.0,0.0,0.9617,15.0468,0
1878.0,-10.0,33,27.1,27.2075,30.2,25.7,0.0,0.61,0.79,0.0,0.18,0.9567,14.6932,1
1888.0,10.0,32,66.5,178.4888,55.1,70.9,0.0,0.34,0.72,0.06,0.16,0.9233,14.4476,0
1532.0,25.0,53,70.5,200.7889,76.2,26.9,166.7,0.42,0.68,0.06,0.17,0.8838,11.5445,0
1507.0,-25.0,53,42.3,141.0558,22.8,25.6,90.8,0.42,0.74,0.04,0.15,0.9392,12.6564,0
1874.0,-13.0,79,81.9,169.3933,48.6,72.7,97.4,0.43,0.7,0.09,0.27,0.9419,10.9877,0
1887.0,13.0,79,104.4,251.9549,28.8,98.2,126.0,0.41,0.73,0.1,0.18,0.9723,14.5662,0
1974.0,19.0,51,44.1,97.4294,23.2,67.3,0.0,0.43,0.69,0.04,0.22,0.9621,13.3318,0
1955.0,-19.0,50,40.2,117.7401,9.9,63.3,1.9,0.5,0.82,0.04,0.14,0.9686,13.7732,1
1937.0,-12.0,35,32.9,64.8142,67.0,19.3,0.0,0.43,0.77,0.03,0.17,0.9353,14.5895,1
1949.0,12.0,34,63.0,174.9728,10.8,81.8,0.0,0.47,0.71,0.06,0.18,0.9386,14.1339,1
1819.0,-12.0,29,19.9,53.9791,12.7,23.7,0.0,0.76,0.93,0.03,0.03,0.9605,15.3192,0
1831.0,12.0,28,72.8,194.088,6.6,104.2,0.0,0.5,0.68,0.07,0.14,0.9212,14.2654,0
1879.0,-1.0,48,75.2,163.8403,13.0,60.0,210.1,0.35,0.65,0.12,0.17,0.9695,13.1343,0
1880.0,1.0,48,23.9,57.3634,14.2,33.9,0.1,0.54,0.77,0.02,0.1,0.9585,14.7614,0
1658.0,-13.0,29,104.9,209.4845,110.0,102.2,0.0,0.52,0.62,0.17,0.21,0.9109,13.3101,0
1671.0,13.0,29,42.3,107.3602,111.7,11.1,0.0,0.62,0.83,0.07,0.07,0.9636,15.3615,1
2055.0,342.0,53,14.9,27.7133,25.9,16.7,2.3,0.55,0.81,0.0,0.09,0.9724,14.0768,1
1713.0,-342.0,52,29.5,85.3743,8.2,41.3,16.8,0.35,0.75,0.02,0.1,0.9602,11.7792,0
1727.0,-9.0,55,50.4,96.0284,25.1,32.1,103.7,0.36,0.73,0.07,0.18,0.9318,12.4819,0
1736.0,9.0,55,38.5,95.6208,29.9,29.5,60.1,0.56,0.75,0.05,0.11,0.9656,13.5221,1
1852.0,-80.0,33,30.7,66.7698,13.0,38.4,0.0,0.52,0.79,0.03,0.12,0.9391,14.8703,0
1932.0,80.0,32,47.4,175.1091,9.2,62.3,0.0,0.56,0.81,0.03,0.09,0.962,14.9623,1
1570.0,99.0,38,57.5,162.635,15.0,72.7,0.0,0.39,0.71,0.03,0.32,0.9316,14.3176,0
1471.0,-99.0,38,35.2,101.5018,13.3,41.9,0.0,0.5,0.68,0.03,0.13,0.9639,13.0957,1
1791.0,-2.0,31,75.5,185.669,11.0,106.3,0.0,0.45,0.65,0.1,0.16,0.9647,15.7394,0
1793.0,2.0,31,24.7,32.3172,11.7,30.1,0.0,0.42,0.77,0.0,0.13,0.9647,15.4005,0
1553.0,-286.0,46,18.4,36.096,46.9,12.6,0.0,0.74,0.93,0.0,0.11,0.9675,14.8122,1
1839.0,286.0,45,51.8,152.805,34.9,67.1,0.2,0.38,0.8,0.04,0.18,0.8581,11.6476,1
1698.0,-43.0,61,154.5,300.1455,42.7,226.1,105.6,0.39,0.72,0.18,0.15,0.8711,10.036,0
1741.0,43.0,61,143.4,302.4156,26.1,213.9,95.2,0.41,0.66,0.16,0.15,0.9501,13.7806,0
1915.0,-1.0,35,15.3,30.4847,11.6,16.7,0.0,0.43,0.77,0.0,0.09,0.9648,15.1391,0
1916.0,1.0,34,61.1,185.1618,8.7,80.0,0.0,0.41,0.74,0.06,0.09,0.9042,13.3796,0
1946.0,32.0,56,54.8,139.6356,14.7,37.1,113.0,0.36,0.64,0.05,0.18,0.9309,12.4424,1
1914.0,-32.0,56,23.3,34.018,32.3,21.4,21.8,0.5,0.79,0.0,0.14,0.9609,14.4321,1
1903.0,21.0,36,142.8,255.7491,18.2,190.7,0.0,0.39,0.67,0.17,0.31,0.944,15.9424,1
1882.0,-21.0,36,109.4,211.1432,6.4,143.8,0.0,0.44,0.72,0.19,0.14,0.955,13.8581,0
1958.0,50.0,17,64.0,119.5993,66.7,60.1,0.0,0.53,0.82,0.12,0.18,0.9578,15.2244,0
1908.0,-50.0,16,128.0,287.8414,115.9,143.6,0.0,0.56,0.62,0.19,0.06,0.7405,9.0777,0
1752.0,-39.0,36,27.2,47.9578,9.1,34.2,0.0,0.5,0.75,0.03,0.19,0.9685,16.6312,1
1791.0,39.0,35,85.1,193.1915,8.8,111.5,0.0,0.14,0.54,0.09,0.29,0.9341,13.4591,1
1915.0,-15.0,38,62.5,168.1911,8.7,81.8,0.0,0.55,0.71,0.08,0.13,0.9153,13.5919,0
1930.0,15.0,38,9.4,13.8282,6.8,10.2,0.0,0.58,0.92,0.0,0.0,0.9637,15.4854,1
1532.0,19.0,22,87.9,209.7805,29.1,136.8,0.0,0.41,0.55,0.05,0.41,0.874,13.6039,0
1513.0,-19.0,22,19.0,34.5109,23.2,16.0,0.0,0.55,0.86,0.0,0.14,0.9635,15.2398,1
1859.0,-5.0,45,70.5,157.6597,24.2,64.4,200.0,0.27,0.64,0.09,0.24,0.8972,10.4695,0
1864.0,5.0,45,44.3,151.4208,13.8,29.0,166.7,0.56,0.8,0.02,0.16,0.8913,12.0846,1
1806.0,-10.0,26,74.5,195.812,23.6,106.3,0.0,0.31,0.73,0.04,0.19,0.9626,15.5325,0
1816.0,10.0,26,14.5,26.6297,23.8,9.6,0.0,0.42,0.92,0.0,0.12,0.9599,15.4294,1
1771.0,-103.0,38,116.3,232.074,48.7,140.5,0.0,0.42,0.61,0.13,0.29,0.9178,12.7287,0
1874.0,103.0,38,75.6,229.6307,37.3,87.4,0.0,0.58,0.89,0.08,0.11,0.9462,15.4051,0
1127.0,-668.0,27,26.7,30.9379,15.4,33.3,0.0,0.44,0.7,0.0,0.26,0.9627,15.4345,1
1795.0,668.0,26,86.0,197.9526,23.6,119.1,0.0,0.19,0.54,0.08,0.35,0.9576,14.0618,0
1957.0,32.0,44,32.7,40.6376,42.8,33.5,1.5,0.36,0.73,0.0,0.25,0.9484,12.8936,1
1925.0,-32.0,44,12.2,22.1947,8.3,15.3,0.0,0.73,0.95,0.0,0.05,0.9691,16.0711,1
1823.0,2.0,22,18.3,27.7972,14.4,21.5,0.0,0.5,0.82,0.0,0.05,0.9559,14.6272,1
1821.0,-2.0,21,97.3,222.4887,28.9,148.7,0.0,0.19,0.52,0.1,0.29,0.9583,15.4343,0
1724.0,-38.0,43,26.1,48.3704,28.9,27.8,0.3,0.47,0.67,0.02,0.16,0.967,14.9662,0
1762.0,38.0,42,67.3,178.7058,14.0,90.0,0.0,0.45,0.67,0.1,0.19,0.8684,10.4281,1
1590.0,-16.0,50,28.9,39.5638,26.4,37.1,6.6,0.5,0.82,0.02,0.18,0.9619,14.2196,1
1606.0,16.0,49,41.1,44.2132,22.8,46.3,41.7,0.45,0.76,0.0,0.37,0.9378,13.3891,0
1538.0,35.0,31,50.7,87.7037,24.9,63.0,0.0,0.45,0.71,0.06,0.23,0.8369,11.3852,0
1503.0,-35.0,31,8.0,19.9875,23.1,1.9,0.0,0.77,0.9,0.0,0.03,0.9616,15.163,1
1872.0,31.0,41,45.6,157.1313,33.1,51.3,0.0,0.37,0.61,0.05,0.1,0.967,15.7576,1
1841.0,-31.0,40,96.8,233.6979,75.2,106.4,0.0,0.3,0.62,0.07,0.17,0.9246,11.9592,0
1203.0,50.0,28,79.7,189.8619,28.0,108.4,0.0,0.39,0.71,0.07,0.32,0.9598,14.0744,0
1153.0,-50.0,28,19.6,30.6163,33.4,13.1,0.0,0.57,0.86,0.0,0.07,0.9625,13.9279,1
1283.0,-119.0,16,47.1,79.8736,29.9,75.7,0.0,0.31,0.69,0.12,0.06,0.9589,15.2701,0
1402.0,119.0,15,139.8,262.3183,33.2,299.7,0.0,0.13,0.73,0.13,0.4,0.9629,12.0877,0
1500.0,-492.0,26,104.9,226.6089,63.0,131.1,0.0,0.27,0.58,0.12,0.15,0.9599,15.1246,0
1992.0,492.0,26,47.5,76.0338,65.2,38.2,0.0,0.38,0.62,0.08,0.12,0.9599,14.4678,0
1784.0,-9.0,47,38.0,43.8872,25.2,36.8,61.1,0.32,0.72,0.0,0.23,0.9499,12.731,0
1793.0,9.0,47,17.8,25.9065,29.7,13.5,20.8,0.55,0.85,0.0,0.09,0.9595,15.1913,1
1082.0,-72.0,27,88.9,204.5731,82.1,92.9,0.0,0.3,0.59,0.07,0.22,0.9569,14.644,1
1154.0,72.0,27,29.5,34.3806,45.1,21.7,0.0,0.44,0.81,0.0,0.22,0.9585,15.1141,1
1823.0,50.0,36,136.7,294.1567,25.1,179.6,0.0,0.5,0.75,0.14,0.17,0.974,12.5612,0
1773.0,-50.0,36,101.1,276.6347,28.6,125.2,0.0,0.5,0.86,0.08,0.08,0.9688,15.1931,1
1464.0,-109.0,33,127.3,283.3104,126.7,127.6,0.0,0.42,0.58,0.09,0.27,0.9005,12.1879,1
1573.0,109.0,33,62.3,189.8462,65.6,61.1,0.0,0.55,0.85,0.06,0.09,0.9591,15.7721,1
1753.0,-9.0,32,159.4,267.7423,93.9,189.1,0.0,0.47,0.72,0.22,0.16,0.9547,11.9571,0
1762.0,9.0,32,157.8,297.1044,89.2,184.6,0.0,0.44,0.66,0.19,0.12,0.958,15.1886,1
1369.0,-40.0,48,23.0,45.7067,19.2,30.2,0.4,0.52,0.79,0.02,0.12,0.9474,12.8033,1
1409.0,40.0,47,19.4,57.2251,10.7,27.0,0.4,0.49,0.79,0.02,0.06,0.9485,12.5645,0
1857.0,33.0,56,44.7,139.7282,19.6,42.0,65.6,0.43,0.71,0.05,0.11,0.9693,15.3583,0
1824.0,-33.0,55,84.2,197.0419,19.0,66.6,153.9,0.36,0.62,0.09,0.22,0.8885,11.99,0
1823.0,11.0,41,27.4,52.9155,26.6,28.6,0.0,0.51,0.78,0.02,0.15,0.9654,14.9316,1
1812.0,-11.0,40,68.7,168.2232,35.0,81.1,0.0,0.17,0.6,0.07,0.17,0.9602,13.5675,0
1387.0,17.0,31,19.3,34.4289,35.6,11.5,0.0,0.77,0.84,0.0,0.13,0.9634,14.4301,1
1370.0,-17.0,30,76.5,185.4342,30.1,96.4,0.0,0.37,0.63,0.1,0.17,0.9637,13.3105,0
1757.0,-15.0,33,87.2,205.4079,60.3,98.8,0.0,0.36,0.67,0.09,0.18,0.9656,14.6404,0
1772.0,15.0,32,100.2,245.2745,66.6,113.3,0.0,0.38,0.66,0.09,0.19,0.9355,14.9134,1
1477.0,-4.0,65,44.7,71.551,19.4,50.3,48.2,0.35,0.77,0.08,0.18,0.89,10.2694,1
1481.0,4.0,65,20.3,40.2407,11.0,31.8,10.3,0.45,0.72,0.02,0.11,0.9659,14.554,0
1783.0,10.0,20,21.9,23.3889,22.0,21.8,0.0,0.45,0.75,0.0,0.15,0.9605,15.6608,1
1773.0,-10.0,19,95.5,225.3361,27.6,156.6,0.0,0.26,0.42,0.05,0.32,0.9629,15.4105,0
1814.0,-54.0,44,60.7,92.0603,108.7,52.6,1.0,0.41,0.7,0.11,0.23,0.9402,11.8186,0
1868.0,54.0,44,37.1,53.8671,87.3,28.1,0.6,0.45,0.64,0.02,0.18,0.9588,14.2297,0
1611.0,75.0,34,42.3,88.4966,58.6,35.5,0.0,0.41,0.85,0.06,0.18,0.9629,15.1077,0
1536.0,-75.0,33,86.2,202.6696,26.3,108.7,0.0,0.36,0.79,0.09,0.18,0.8734,12.1896,0
1647.0,0.0,24,85.3,201.2985,52.6,108.6,0.0,0.25,0.5,0.04,0.33,0.965,15.5288,0
1647.0,0.0,24,27.8,58.3746,53.6,12.3,0.0,0.58,0.83,0.08,0.08,0.9621,15.4364,1
1995.0,50.0,45,96.0,197.3674,9.4,65.8,450.4,0.42,0.69,0.13,0.18,0.9664,13.937,0
1945.0,-50.0,44,81.0,197.2421,8.8,51.6,388.0,0.68,0.91,0.11,0.11,0.7857,11.7249,1
1573.0,-4.0,59,40.0,88.7359,67.6,28.7,43.3,0.49,0.8,0.05,0.12,0.9656,13.7766,1
1577.0,4.0,58,68.7,159.3939,17.8,59.2,107.8,0.38,0.66,0.09,0.19,0.9537,13.0396,0
1469.0,-11.0,58,29.0,71.93,8.8,33.3,33.1,0.47,0.83,0.03,0.09,0.9669,13.5433,1
1480.0,11.0,57,63.4,140.8544,37.4,36.2,121.7,0.4,0.63,0.05,0.28,0.9041,9.9386,1
1386.0,-1.0,32,46.7,95.2793,9.1,63.8,0.0,0.31,0.66,0.06,0.16,0.9697,15.0614,1
1387.0,1.0,31,100.5,204.676,10.6,137.4,0.0,0.26,0.65,0.13,0.19,0.9313,15.7152,0
1975.0,19.0,58,97.0,259.3857,6.9,61.1,206.9,0.45,0.76,0.09,0.1,0.971,13.9696,1
1956.0,-19.0,57,148.0,298.8297,20.3,90.9,306.9,0.33,0.6,0.14,0.21,0.9511,11.2942,1
1641.0,30.0,70,103.7,260.6115,31.0,22.7,208.9,0.5,0.74,0.09,0.16,0.9236,10.0869,0
1611.0,-30.0,69,111.2,282.019,22.6,34.7,214.2,0.57,0.71,0.12,0.09,0.9466,13.2359,1
1768.0,349.0,49,54.3,151.5814,20.2,43.1,129.4,0.41,0.67,0.04,0.22,0.874,10.9627,0
1419.0,-349.0,49,33.8,142.7739,18.8,15.2,103.4,0.45,0.78,0.02,0.08,0.9645,14.9513,1
1816.0,20.0,33,29.8,41.9249,15.2,36.2,0.0,0.36,0.64,0.0,0.15,0.9663,15.004,0
1796.0,-20.0,32,68.7,178.8536,86.8,61.6,0.0,0.41,0.69,0.06,0.25,0.8944,13.5376,0
2363.0,601.0,25,164.7,231.3224,67.1,229.7,0.0,0.32,0.6,0.2,0.4,0.9563,12.6663,0
1762.0,-601.0,25,98.8,169.7214,62.2,119.3,0.0,0.48,0.6,0.12,0.32,0.9146,13.9463,1
1625.0,-10.0,45,57.3,148.6796,36.2,35.8,228.2,0.27,0.56,0.02,0.31,0.916,13.546,0
1635.0,10.0,45,13.6,20.9887,18.2,14.5,2.0,0.53,0.84,0.0,0.07,0.9425,13.177,1
1664.0,-19.0,19,131.4,235.0334,81.7,186.7,0.0,0.32,0.47,0.21,0.26,0.9544,14.5575,0
1683.0,19.0,19,56.5,81.5226,59.3,53.9,0.0,0.37,0.79,0.05,0.32,0.9637,15.4227,1
1718.0,-33.0,20,20.1,32.3564,21.8,18.4,0.0,0.65,0.85,0.0,0.2,0.9677,15.4467,1
1751.0,33.0,19,80.7,155.7112,31.3,125.2,0.0,0.16,0.32,0.11,0.37,0.9494,14.1649,0
1316.0,3.0,46,123.6,250.9654,52.8,54.2,588.5,0.41,0.65,0.15,0.15,0.791,11.1004,0
1313.0,-3.0,46,133.9,281.9218,94.2,23.1,659.7,0.41,0.61,0.15,0.15,0.9659,13.9695,1
1717.0,-8.0,34,94.9,179.871,53.3,112.2,0.0,0.26,0.5,0.15,0.29,0.9369,14.6469,0
1725.0,8.0,34,49.3,106.9278,47.2,50.0,0.0,0.44,0.79,0.06,0.15,0.9323,13.0073,0
1992.0,-26.0,88,8.1,19.5839,39.9,5.5,3.1,0.43,0.8,0.0,0.03,0.9724,12.6928,1
2018.0,26.0,88,6.1,24.2091,41.3,4.0,0.9,0.49,0.86,0.0,0.02,0.9674,13.8587,1
1560.0,26.0,30,31.0,44.46,45.2,23.9,0.0,0.43,0.8,0.0,0.23,0.96,15.4974,1
1534.0,-26.0,29,93.1,185.9777,62.1,107.1,0.0,0.28,0.45,0.1,0.28,0.8981,13.198,0
1849.0,-57.0,42,86.4,222.556,59.8,100.9,1.5,0.43,0.74,0.1,0.17,0.9312,12.4244,1
1906.0,57.0,42,68.2,220.5651,61.9,43.5,333.3,0.52,0.71,0.07,0.0,0.9621,13.9849,1
1951.0,-185.0,52,50.0,146.3505,18.0,43.4,93.2,0.46,0.79,0.04,0.15,0.9702,15.4087,1
2136.0,185.0,51,84.4,212.0061,21.2,49.5,218.9,0.37,0.75,0.08,0.16,0.9097,12.556,0
2019.0,51.0,55,47.1,100.6694,11.4,49.4,66.4,0.44,0.75,0.04,0.22,0.9297,13.3405,0
1968.0,-51.0,55,18.6,25.4971,21.4,23.3,8.1,0.6,0.78,0.0,0.11,0.9457,13.0891,1
1896.0,143.0,72,25.2,89.7022,9.8,50.2,6.5,0.4,0.82,0.03,0.03,0.9548,13.2633,1
1753.0,-143.0,71,35.7,88.1625,27.1,58.1,17.0,0.41,0.69,0.04,0.13,0.8799,10.1501,0
1118.0,12.0,24,117.0,231.6329,30.3,178.9,0.0,0.21,0.58,0.12,0.33,0.9483,14.4965,0
1106.0,-12.0,24,39.0,125.3238,14.7,53.7,0.0,0.54,0.79,0.04,0.04,0.8745,13.7881,1
1310.0,-75.0,26,82.7,131.7965,138.2,47.9,0.0,0.35,0.58,0.08,0.35,0.8823,12.1387,0
1385.0,75.0,26,34.5,59.6981,40.9,31.1,0.0,0.42,0.65,0.04,0.08,0.9618,16.059,0
1902.0,-57.0,29,107.3,205.8068,153.1,83.3,0.0,0.38,0.66,0.1,0.24,0.9476,14.0254,0
1959.0,57.0,29,54.2,95.1274,122.8,23.3,0.0,0.38,0.79,0.07,0.28,0.9663,15.7125,1
1990.0,-35.0,57,18.7,28.7644,28.1,22.6,6.2,0.51,0.82,0.0,0.12,0.9611,14.5981,1
2025.0,35.0,56,46.0,139.6343,56.8,21.8,82.9,0.38,0.66,0.04,0.11,0.943,11.8769,0
1796.0,14.0,30,30.5,62.2541,5.2,43.2,0.0,0.67,0.83,0.03,0.1,0.9596,14.7992,0
1782.0,-14.0,29,50.7,186.1049,6.2,70.7,0.0,0.62,0.79,0.03,0.07,0.9679,15.1845,1
1733.0,6.0,49,39.0,76.3828,33.3,44.2,27.7,0.43,0.82,0.04,0.2,0.918,11.2863,0
1727.0,-6.0,49,19.8,72.701,7.7,26.9,9.2,0.63,0.9,0.02,0.06,0.9668,14.6506,1
1856.0,3.0,55,108.6,236.0368,21.5,145.4,93.1,0.4,0.71,0.15,0.16,0.8923,11.2906,0
1853.0,-3.0,55,91.3,232.906,37.6,83.0,136.9,0.44,0.75,0.11,0.16,0.9672,14.864,0
1684.0,35.0,33,21.0,39.8728,39.4,13.0,0.0,0.7,0.76,0.0,0.12,0.9631,14.1638,1
1649.0,-35.0,32,63.8,186.7329,32.2,76.2,0.0,0.59,0.66,0.06,0.19,0.9345,14.9062,1
1608.0,123.0,43,75.0,176.4837,15.4,53.0,493.0,0.42,0.72,0.12,0.14,0.9343,12.1588,1
1485.0,-123.0,43,31.9,71.1323,42.7,32.8,0.8,0.51,0.74,0.02,0.12,0.9595,13.4486,0
1550.0,56.0,43,51.6,155.6504,40.4,27.1,333.3,0.51,0.7,0.02,0.16,0.9642,15.2994,1
1494.0,-56.0,42,62.7,160.344,59.8,66.7,31.7,0.43,0.62,0.05,0.24,0.8686,12.0243,0
1535.0,-30.0,26,57.6,79.4965,79.8,43.8,0.0,0.5,0.73,0.08,0.27,0.9601,15.1663,0
1565.0,30.0,25,118.4,204.9305,118.6,118.2,0.0,0.4,0.52,0.12,0.36,0.9595,13.7555,0
1760.0,4.0,32,70.7,174.5573,34.2,87.2,0.0,0.28,0.66,0.03,0.34,0.9079,13.9661,0
1756.0,-4.0,32,25.2,30.3075,19.0,27.6,0.0,0.56,0.91,0.0,0.28,0.9305,14.7845,0
1806.0,90.0,56,92.2,230.6272,57.3,44.5,203.4,0.45,0.61,0.09,0.12,0.8603,10.3947,0
1716.0,-90.0,56,38.6,139.3431,59.9,18.0,63.8,0.57,0.75,0.04,0.09,0.9668,14.3911,0
2011.0,46.0,42,79.0,178.6194,38.9,97.7,0.0,0.38,0.67,0.07,0.33,0.9478,14.6798,0
1965.0,-46.0,42,55.3,108.5751,14.8,73.0,0.0,0.36,0.74,0.05,0.21,0.9698,15.0545,0
2341.0,507.0,63,106.4,218.3391,12.7,67.6,197.8,0.41,0.63,0.14,0.19,0.9316,13.7547,0
1834.0,-507.0,62,145.1,275.1015,29.9,68.3,290.4,0.39,0.74,0.18,0.21,0.9487,11.6114,1
1990.0,44.0,27,88.9,193.6356,46.3,114.0,0.0,0.33,0.59,0.07,0.33,0.926,14.5893,0
1946.0,-44.0,27,40.4,59.41,69.2,25.9,0.0,0.52,0.74,0.0,0.22,0.9594,14.8311,1
1955.0,-5.0,38,36.9,83.5078,37.1,36.8,0.0,0.63,0.76,0.03,0.21,0.9719,15.7789,1
1960.0,5.0,37,78.9,191.7629,17.0,98.9,0.0,0.46,0.76,0.14,0.14,0.9439,14.5097,1
1966.0,41.0,37,8.3,12.6712,14.6,6.0,0.0,0.65,0.89,0.0,0.0,0.9614,15.0414,1
1925.0,-41.0,36,56.4,165.8945,13.9,70.6,0.0,0.31,0.61,0.03,0.19,0.9364,13.9917,0
1889.0,23.0,53,161.4,289.0834,31.5,120.1,356.5,0.45,0.72,0.21,0.19,0.9719,12.0546,0
1866.0,-23.0,52,197.2,351.1042,16.6,140.5,453.2,0.33,0.6,0.23,0.13,0.9718,14.3266,1
1802.0,15.0,52,168.8,324.8227,17.9,74.6,530.2,0.42,0.73,0.19,0.12,0.8466,11.1616,0
1787.0,-15.0,52,132.2,302.7306,18.3,56.4,385.8,0.37,0.65,0.13,0.12,0.9697,14.8078,0
2021.0,204.0,40,55.0,158.8629,3.5,72.2,0.0,0.4,0.72,0.03,0.23,0.94,14.211,1
1817.0,-204.0,40,11.9,19.9348,7.8,13.5,0.0,0.62,0.93,0.0,0.07,0.9672,14.8156,1
1802.0,-42.0,27,30.1,48.7582,32.6,28.7,0.0,0.44,0.78,0.04,0.19,0.964,15.2145,1
1844.0,42.0,26,78.4,194.0413,42.1,97.6,0.0,0.23,0.62,0.08,0.31,0.9662,15.2939,0
2192.0,444.0,64,37.8,134.8447,25.2,14.3,72.5,0.47,0.66,0.03,0.08,0.9427,13.554,0
1748.0,-444.0,63,65.2,188.6204,25.6,10.9,147.9,0.41,0.68,0.08,0.13,0.8958,12.1762,1
1833.0,88.0,41,22.9,39.4476,29.9,21.3,0.0,0.49,0.76,0.0,0.12,0.9631,15.3197,1
1745.0,-88.0,40,61.9,160.3156,54.9,66.1,0.0,0.4,0.6,0.03,0.25,0.8888,11.4267,0
1123.0,-82.0,33,116.1,215.1727,69.3,136.5,0.0,0.42,0.67,0.15,0.33,0.9268,14.0335,1
1205.0,82.0,33,58.0,85.8365,65.4,55.2,0.0,0.45,0.73,0.06,0.3,0.9681,14.7557,0
1329.0,-26.0,28,77.7,186.7079,18.2,110.8,0.0,0.39,0.64,0.04,0.36,0.9326,14.0094,0
1355.0,26.0,28,14.2,25.5512,15.6,13.6,0.0,0.64,0.96,0.0,0.07,0.9666,15.2271,1
1866.0,243.0,32,86.7,238.9988,28.9,113.0,0.0,0.5,0.66,0.09,0.09,0.8705,14.2016,0
1623.0,-243.0,31,123.0,283.62,30.6,160.9,0.0,0.48,0.61,0.13,0.1,0.9613,14.0628,0
1892.0,-17.0,30,76.8,182.413,31.4,99.5,0.0,0.27,0.53,0.03,0.3,0.9277,13.7488,0
1909.0,17.0,30,13.9,21.4909,19.3,11.6,0.0,0.53,0.83,0.0,0.07,0.9603,15.1283,1
1703.0,39.0,50,134.9,268.4351,17.4,80.6,415.3,0.4,0.62,0.16,0.26,0.9432,12.8745,0
1664.0,-39.0,50,92.8,217.4053,22.2,87.4,165.3,0.44,0.72,0.12,0.14,0.9585,13.7494,0
1840.0,69.0,43,34.2,43.9078,26.9,40.0,0.7,0.53,0.72,0.0,0.23,0.9362,10.8168,0
1771.0,-69.0,43,9.3,19.0127,21.9,6.7,0.0,0.6,0.95,0.0,0.07,0.9279,12.8178,1
1717.0,5.0,23,29.9,44.3549,30.1,29.8,0.0,0.48,0.74,0.0,0.17,0.9601,16.1046,1
1712.0,-5.0,22,104.9,219.0289,22.1,162.2,0.0,0.5,0.73,0.14,0.23,0.9582,14.9641,1
1849.0,211.0,113,14.3,61.1164,30.1,5.8,15.6,0.44,0.73,0.01,0.04,0.978,12.3109,1
1638.0,-211.0,112,21.3,100.9868,23.1,6.2,27.3,0.52,0.84,0.02,0.04,0.9265,11.8915,1
1985.0,-164.0,35,76.9,119.5017,99.2,68.0,0.0,0.46,0.63,0.14,0.26,0.9483,14.2297,1
2149.0,164.0,34,81.5,114.1183,73.1,84.6,0.0,0.41,0.62,0.15,0.26,0.9586,12.8579,0
1710.0,2.0,58,81.8,222.158,138.7,53.3,97.7,0.41,0.67,0.09,0.19,0.9513,12.1594,1
1708.0,-2.0,58,50.0,135.2829,158.2,41.9,11.7,0.4,0.67,0.03,0.24,0.9335,14.283,0
1717.0,-141.0,47,71.6,201.882,26.3,67.1,155.4,0.3,0.66,0.06,0.23,0.9712,13.4288,0
1858.0,141.0,47,68.8,209.1525,7.6,24.3,304.4,0.49,0.74,0.06,0.11,0.944,14.3409,1
1298.0,-3.0,64,57.5,158.5509,37.4,29.7,100.6,0.45,0.78,0.05,0.16,0.9445,13.2593,1
1301.0,3.0,64,26.6,54.7153,34.4,38.1,10.0,0.67,0.83,0.05,0.12,0.9592,13.3468,1
1952.0,2.0,39,98.0,183.5628,45.2,116.2,0.0,0.49,0.72,0.13,0.28,0.8684,10.7039,0
1950.0,-2.0,39,51.3,110.6517,60.2,48.6,0.0,0.64,0.79,0.1,0.1,0.9657,14.3542,1
1427.0,145.0,25,20.3,27.4571,24.5,17.5,0.0,0.6,0.84,0.0,0.16,0.9537,14.9862,1
1282.0,-145.0,24,83.4,206.2693,53.9,101.1,0.0,0.17,0.58,0.08,0.17,0.9646,14.0496,0
1819.0,43.0,64,37.7,128.4599,36.6,26.9,51.6,0.48,0.73,0.03,0.14,0.9606,13.1566,1
1776.0,-43.0,63,44.6,133.928,26.7,39.8,57.2,0.46,0.75,0.03,0.19,0.9019,11.2223,1
1927.0,-33.0,70,84.0,235.8632,25.9,46.8,140.6,0.36,0.59,0.09,0.16,0.9711,14.0825,0
1960.0,33.0,69,67.9,188.1198,24.3,60.2,88.6,0.43,0.71,0.07,0.13,0.8866,9.2388,0
2169.0,272.0,28,44.4,87.9209,20.1,57.8,0.0,0.54,0.75,0.07,0.04,0.9658,16.2542,1
1897.0,-272.0,27,113.8,213.0284,24.2,158.6,0.0,0.22,0.59,0.19,0.19,0.96,14.8573,0
1386.0,-8.0,36,146.2,240.7015,95.2,165.9,0.0,0.19,0.56,0.22,0.22,0.8904,12.187,0
1394.0,8.0,36,155.0,311.7491,48.4,190.5,0.0,0.47,0.75,0.17,0.25,0.9697,14.8232,0
1589.0,115.0,57,108.4,254.295,68.5,70.8,198.2,0.42,0.67,0.12,0.23,0.9672,15.4986,1
1474.0,-115.0,56,159.1,281.2048,83.3,98.5,306.0,0.34,0.64,0.21,0.27,0.9258,9.4582,0
1620.0,0.0,38,13.9,32.8263,23.0,10.7,0.0,0.58,0.87,0.0,0.05,0.9652,15.1087,1
1620.0,0.0,37,10.5,24.6741,22.4,6.7,0.0,0.51,0.89,0.0,0.11,0.9583,14.9758,1
1817.0,-10.0,44,30.3,71.1708,14.6,39.6,0.0,0.36,0.77,0.02,0.09,0.9691,14.8675,1
1827.0,10.0,43,74.4,178.4178,58.8,88.9,0.5,0.37,0.65,0.09,0.19,0.898,11.7911,0
1871.0,-17.0,26,78.6,205.1191,84.5,74.9,0.0,0.5,0.73,0.08,0.12,0.9591,15.8656,1
1888.0,17.0,25,166.0,287.2568,91.9,207.6,0.0,0.28,0.64,0.24,0.16,0.9214,14.109,0
1753.0,-31.0,33,96.0,242.1184,21.6,128.4,0.0,0.3,0.48,0.12,0.15,0.9284,14.7223,0
1784.0,31.0,33,13.4,19.8429,22.0,10.1,0.0,0.61,0.85,0.0,0.06,0.9579,14.6693,1
1688.0,-38.0,28,42.7,50.0865,34.7,47.2,0.0,0.32,0.64,0.0,0.32,0.9621,14.7281,0
1726.0,38.0,27,59.1,191.0388,38.1,69.7,0.0,0.44,0.85,0.04,0.19,0.959,13.7221,1
1600.0,37.0,52,91.4,197.3237,24.1,66.2,210.5,0.25,0.75,0.1,0.31,0.9405,12.0319,0
1563.0,-37.0,52,57.8,160.0192,18.1,43.3,118.5,0.5,0.81,0.08,0.13,0.9676,15.2391,1
1700.0,-14.0,27,38.7,52.3972,51.3,31.2,0.0,0.41,0.63,0.04,0.22,0.9567,14.8385,0
1714.0,14.0,26,64.1,196.9632,60.6,66.0,0.0,0.38,0.65,0.08,0.15,0.9548,14.3068,0
1946.0,32.0,49,50.2,144.2814,18.1,33.6,141.0,0.39,0.59,0.04,0.16,0.9489,13.3948,0
1914.0,-32.0,49,11.5,25.3419,35.3,8.2,0.0,0.71,0.84,0.0,0.04,0.9491,14.2463,1
1254.0,7.0,33,70.6,176.036,33.6,86.7,0.0,0.3,0.58,0.06,0.24,0.9577,14.7064,0
1247.0,-7.0,33,27.7,55.6452,12.1,33.6,0.0,0.61,0.79,0.03,0.09,0.9685,15.1714,1
1082.0,-72.0,34,23.1,42.9146,43.0,14.8,0.0,0.47,0.79,0.03,0.09,0.9699,14.6237,1
1154.0,72.0,33,72.0,177.6291,57.1,77.6,0.0,0.39,0.58,0.06,0.27,0.9289,14.4877,1
1825.0,2.0,48,58.6,148.9459,22.5,33.2,199.0,0.38,0.73,0.04,0.19,0.8765,11.7988,1
1823.0,-2.0,48,17.9,40.0808,23.4,11.7,32.8,0.5,0.83,0.02,0.06,0.9491,13.2398,1
1992.0,-55.0,26,72.9,204.9553,7.7,113.6,0.0,0.46,0.81,0.08,0.08,0.9216,13.8158,1
2047.0,55.0,26,11.1,14.8871,13.6,9.8,0.0,0.62,0.88,0.0,0.0,0.9604,15.8465,0
1951.0,40.0,48,23.6,48.3784,86.8,8.5,1.0,0.56,0.71,0.02,0.1,0.9651,13.3884,1
1911.0,-40.0,47,80.7,204.6917,61.7,107.7,0.6,0.43,0.7,0.09,0.28,0.8207,10.5601,1
1219.0,-69.0,21,21.3,39.5946,43.9,0.8,0.0,0.62,0.76,0.0,0.19,0.9564,14.4451,1
1288.0,69.0,20,103.2,242.2647,35.9,158.4,0.0,0.35,0.8,0.1,0.15,0.9012,12.2553,1
1878.0,-20.0,78,23.5,51.3637,33.3,18.6,24.8,0.46,0.74,0.01,0.17,0.967,13.9557,1
1898.0,20.0,77,67.5,192.2509,25.1,20.7,114.5,0.43,0.66,0.06,0.18,0.9206,12.0564,1
1910.0,101.0,38,73.7,160.9121,56.3,79.9,0.0,0.26,0.63,0.03,0.37,0.9599,13.0296,0
1809.0,-101.0,38,23.9,43.1623,32.7,21.1,0.0,0.61,0.82,0.0,0.13,0.964,14.2705,1
1890.0,38.0,49,116.2,252.6582,17.6,61.5,407.9,0.33,0.53,0.14,0.18,0.9663,14.876,0
1852.0,-38.0,49,87.3,216.3885,13.6,61.5,231.0,0.43,0.71,0.1,0.18,0.9482,14.4499,0
1488.0,8.0,27,29.1,32.194,39.2,23.1,0.0,0.44,0.7,0.0,0.22,0.9616,15.5156,1
1480.0,-8.0,26,101.5,234.1021,105.4,99.5,0.0,0.31,0.65,0.08,0.23,0.9508,14.2329,1
1948.0,6.0,37,61.9,165.297,16.4,78.7,0.0,0.24,0.49,0.05,0.19,0.9586,13.7664,0
1942.0,-6.0,37,13.4,19.7742,17.9,11.9,0.0,0.57,0.81,0.0,0.03,0.93,13.6309,1
1294.0,-52.0,63,78.5,162.171,54.1,48.0,129.0,0.4,0.67,0.06,0.29,0.9361,11.9535,0
1346.0,52.0,63,61.6,136.1437,36.1,55.9,78.2,0.43,0.62,0.05,0.29,0.9567,14.6824,0
1422.0,-8.0,24,33.2,47.3846,59.5,14.4,0.0,0.54,0.75,0.0,0.25,0.9718,16.3909,1
1430.0,8.0,23,75.7,207.3193,45.9,94.9,0.0,0.48,0.61,0.04,0.22,0.8687,13.6406,0
1925.0,-5.0,42,20.6,28.4759,28.3,19.4,0.0,0.43,0.76,0.0,0.12,0.9678,15.9724,1
1930.0,5.0,41,40.9,76.2821,10.7,52.6,1.0,0.27,0.59,0.05,0.15,0.9579,13.6639,0
1538.0,-88.0,58,34.1,53.7778,33.0,37.4,29.3,0.55,0.71,0.03,0.21,0.9586,13.9903,1
1626.0,88.0,57,63.0,144.2146,35.8,53.1,93.3,0.32,0.67,0.04,0.33,0.9455,12.578,0
1720.0,-62.0,37,114.5,217.1527,22.4,148.6,0.0,0.62,0.78,0.16,0.19,0.9241,10.7983,1
1782.0,62.0,37,97.9,245.3678,2.8,128.4,0.0,0.59,0.84,0.16,0.03,0.9723,15.6421,0
2000.0,38.0,53,19.2,35.7213,43.2,17.5,4.6,0.42,0.87,0.02,0.09,0.9623,14.1081,1
1962.0,-38.0,52,54.9,142.0908,63.1,28.9,109.3,0.33,0.62,0.04,0.21,0.9363,12.5164,1
1801.0,-142.0,18,132.8,263.4097,64.0,218.8,0.0,0.28,0.56,0.17,0.17,0.9563,15.1801,0
1943.0,142.0,18,41.4,75.8429,64.3,18.6,0.0,0.61,0.67,0.06,0.22,0.9595,15.2039,1
1988.0,69.0,30,17.7,37.6656,21.5,15.8,0.0,0.5,0.83,0.0,0.1,0.9657,15.0099,0
1919.0,-69.0,29,74.6,188.9765,34.7,92.6,0.0,0.45,0.66,0.07,0.28,0.8651,13.2124,0
1866.0,5.0,32,61.0,178.0961,24.9,77.5,0.0,0.28,0.56,0.06,0.09,0.9639,14.5014,0
1861.0,-5.0,32,7.9,14.1771,11.7,6.4,0.0,0.59,0.88,0.0,0.0,0.9266,14.7157,1
1917.0,66.0,33,74.2,176.5864,68.4,76.8,0.0,0.42,0.58,0.06,0.27,0.915,13.6142,0
1851.0,-66.0,33,20.5,37.8328,23.8,19.3,0.0,0.61,0.85,0.0,0.15,0.9624,15.3378,1
1692.0,-10.0,55,27.6,35.3011,43.9,28.3,15.3,0.38,0.58,0.0,0.24,0.9751,15.2139,0
1702.0,10.0,54,41.1,81.5188,50.4,44.5,28.7,0.46,0.81,0.06,0.15,0.9168,10.8696,1
1978.0,15.0,20,24.9,45.0601,43.5,6.3,0.0,0.6,0.85,0.0,0.15,0.9642,16.1258,0
1963.0,-15.0,19,117.9,244.6778,107.9,126.9,0.0,0.42,0.63,0.11,0.32,0.8543,12.1913,0
1575.0,-5.0,41,40.3,70.8943,41.0,41.4,0.0,0.44,0.63,0.05,0.15,0.9695,15.7262,0
1580.0,5.0,40,87.5,173.4152,39.4,104.8,3.0,0.35,0.6,0.15,0.28,0.9496,14.1711,1
1917.0,-149.0,38,70.4,163.1765,26.6,86.0,0.0,0.37,0.74,0.05,0.32,0.9078,13.6302,0
2066.0,149.0,38,22.7,35.7983,40.2,17.2,0.0,0.68,0.89,0.0,0.24,0.9582,13.7187,1
1953.0,-33.0,54,46.0,77.3183,9.5,42.6,79.5,0.37,0.63,0.09,0.19,0.8728,11.5494,0
1986.0,33.0,54,45.7,150.5471,11.3,21.1,115.5,0.56,0.85,0.07,0.06,0.9643,14.4712,1
1830.0,-20.0,27,74.5,203.4919,33.4,98.6,0.0,0.74,0.85,0.11,0.07,0.6562,9.1139,0
1850.0,20.0,26,49.5,195.3533,21.7,64.2,0.0,0.38,0.81,0.04,0.04,0.955,15.1078,1
1144.0,-193.0,22,217.0,257.9873,116.8,300.5,0.0,0.41,0.55,0.36,0.36,0.7375,9.319,0
1337.0,193.0,22,209.0,285.1353,48.4,320.1,0.0,0.32,0.64,0.27,0.23,0.9632,15.6614,0
1617.0,-35.0,53,78.8,197.6541,14.2,84.6,115.2,0.45,0.75,0.08,0.21,0.8909,10.2113,0
1652.0,35.0,53,41.9,141.4901,12.3,57.4,27.9,0.57,0.81,0.04,0.13,0.96,14.6233,0
1767.0,-2.0,39,49.2,95.0593,53.0,47.9,0.0,0.26,0.51,0.05,0.26,0.9471,13.2715,0
1769.0,2.0,39,22.9,31.4875,48.1,15.3,0.0,0.49,0.72,0.0,0.15,0.9622,13.7867,1
1824.0,3.0,20,65.5,221.901,21.8,109.1,0.0,0.6,0.85,0.05,0.15,0.9708,15.9585,1
1821.0,-3.0,19,162.3,306.4588,22.6,288.1,0.0,0.42,0.58,0.21,0.26,0.8983,14.2095,0
1701.0,39.0,58,26.4,54.4897,39.1,38.0,0.2,0.43,0.71,0.02,0.19,0.9605,13.3469,0
1662.0,-39.0,57,57.1,134.4537,32.3,38.9,99.9,0.46,0.72,0.07,0.14,0.9164,11.3393,0
1854.0,7.0,34,12.6,21.9105,30.0,5.3,0.0,0.68,0.85,0.0,0.09,0.964,15.6005,1
1847.0,-7.0,33,65.9,178.2819,28.7,79.9,0.0,0.39,0.61,0.06,0.21,0.8991,11.7818,0
1683.0,11.0,35,94.8,184.9952,25.6,122.5,0.0,0.23,0.54,0.11,0.31,0.9564,15.2872,0
1672.0,-11.0,35,31.9,78.8667,33.4,31.3,0.0,0.6,0.77,0.06,0.06,0.961,15.4128,1
1973.0,28.0,66,110.6,258.9867,3.5,175.2,77.3,0.5,0.71,0.14,0.11,0.9536,14.9691,0
1945.0,-28.0,65,92.9,221.8781,3.3,142.7,66.4,0.43,0.78,0.09,0.2,0.9192,9.5908,0
1940.0,-39.0,48,41.7,145.983,50.5,10.9,146.0,0.56,0.79,0.02,0.19,0.9684,15.165,1
1979.0,39.0,47,79.0,203.8327,44.6,34.9,283.0,0.34,0.64,0.06,0.23,0.9641,13.6583,1
1748.0,-12.0,33,21.9,31.2714,24.2,20.9,0.0,0.42,0.73,0.0,0.15,0.9587,15.0823,1
1760.0,12.0,32,45.4,100.4592,10.7,59.0,0.0,0.31,0.59,0.03,0.25,0.9543,13.8164,0
1314.0,-8.0,39,107.7,248.1012,144.0,95.2,0.0,0.31,0.59,0.1,0.26,0.9172,11.9287,0
1322.0,8.0,39,59.4,168.1295,85.2,51.7,0.0,0.36,0.59,0.05,0.15,0.967,15.6329,0
1706.0,-2.0,27,25.7,32.2569,21.2,28.4,0.0,0.41,0.67,0.0,0.19,0.9216,14.2663,0
1708.0,2.0,26,55.4,194.9876,11.9,78.5,0.0,0.54,0.73,0.04,0.15,0.9173,13.3866,0
1593.0,-21.0,24,19.0,40.5195,12.1,23.9,0.0,0.67,0.75,0.0,0.04,0.9627,16.0361,1
1614.0,21.0,23,97.7,216.7381,27.9,142.6,0.0,0.26,0.48,0.09,0.35,0.9147,12.7453,0
1732.0,59.0,35,22.6,35.0202,15.2,25.6,0.0,0.63,0.86,0.0,0.17,0.9638,15.791,1
1673.0,-59.0,34,70.9,176.7989,11.4,92.3,0.0,0.35,0.59,0.09,0.15,0.9048,13.2801,0
1878.0,26.0,38,24.7,42.371,46.7,16.8,0.0,0.66,0.84,0.0,0.11,0.9024,13.4215,1
1852.0,-26.0,37,66.9,169.1487,62.4,68.3,0.0,0.49,0.7,0.08,0.22,0.9561,14.4239,1
2010.0,75.0,37,24.4,42.1628,11.7,29.1,0.0,0.59,0.81,0.03,0.08,0.9721,16.3628,1
1935.0,-75.0,36,58.9,165.6852,12.3,74.5,0.0,0.28,0.61,0.03,0.25,0.9642,14.5893,0
1815.0,1.0,21,94.1,215.3296,52.3,132.2,0.0,0.38,0.81,0.05,0.33,0.9557,15.219,0
1814.0,-1.0,21,44.1,71.5844,48.1,41.2,0.0,0.62,0.76,0.1,0.19,0.9099,14.9245,1
1759.0,-17.0,23,99.0,240.6724,89.8,106.1,0.0,0.17,0.65,0.09,0.17,0.9155,14.1674,0
1776.0,17.0,23,21.1,22.7574,21.4,20.9,0.0,0.43,0.65,0.0,0.17,0.9623,15.3105,1
1255.0,14.0,60,41.6,80.9274,109.3,27.4,29.2,0.53,0.78,0.05,0.17,0.9168,11.7367,1
1241.0,-14.0,60,21.8,106.3186,106.7,5.0,9.4,0.77,0.92,0.02,0.03,0.9682,14.7319,1
1850.0,60.0,26,32.6,55.174,23.5,38.2,0.0,0.38,0.69,0.04,0.12,0.9605,13.4139,0
1790.0,-60.0,25,65.4,200.2609,17.9,92.1,0.0,0.4,0.76,0.04,0.16,0.956,15.0262,1
1525.0,61.0,53,86.1,218.5547,56.1,96.2,85.8,0.42,0.6,0.11,0.08,0.9113,13.096,0
1464.0,-61.0,52,130.8,275.7265,67.6,128.7,179.6,0.37,0.56,0.15,0.17,0.9317,14.2769,1
1888.0,66.0,50,73.9,178.3225,8.9,35.7,253.3,0.48,0.82,0.1,0.16,0.9755,14.8612,0
1822.0,-66.0,50,38.0,79.135,12.7,32.2,74.4,0.44,0.84,0.06,0.14,0.9567,12.1736,0
1820.0,16.0,30,46.5,48.4674,11.7,63.9,0.0,0.3,0.8,0.0,0.43,0.9547,14.3045,0
1804.0,-16.0,30,18.0,27.2991,26.2,14.5,0.0,0.57,0.83,0.0,0.07,0.9673,15.3972,1
1617.0,-35.0,33,84.3,239.7254,18.8,112.7,0.0,0.39,0.7,0.09,0.15,0.9092,13.23,0
1652.0,35.0,33,115.9,241.927,13.6,154.2,0.0,0.33,0.67,0.12,0.27,0.9633,14.8311,0
1736.0,71.0,138,27.6,131.7246,13.5,73.6,15.0,0.46,0.71,0.04,0.01,0.9723,12.2426,1
1665.0,-71.0,137,32.1,143.1353,7.7,76.5,20.7,0.34,0.77,0.04,0.01,0.9772,11.5136,1
1520.0,18.0,28,90.9,190.2987,61.1,107.4,0.0,0.25,0.39,0.07,0.32,0.9249,13.8072,0
1502.0,-18.0,28,22.0,35.5215,45.6,10.8,0.0,0.61,0.79,0.0,0.21,0.9676,15.8544,1
1740.0,-32.0,31,74.4,183.8914,81.6,71.0,0.0,0.45,0.68,0.06,0.23,0.9523,13.5577,0
1772.0,32.0,31,26.7,33.4873,28.9,25.9,0.0,0.35,0.65,0.0,0.23,0.9639,15.2021,1
1799.0,64.0,35,61.1,174.2093,32.0,72.7,0.0,0.34,0.51,0.06,0.14,0.9375,13.8886,0
1735.0,-64.0,35,12.4,22.0455,16.1,11.1,0.0,0.49,0.86,0.0,0.09,0.9548,14.5858,1
1956.0,15.0,37,31.7,74.8661,12.0,39.0,0.0,0.68,0.86,0.05,0.11,0.9688,14.8099,1
1941.0,-15.0,36,78.9,177.3607,8.4,102.4,0.0,0.36,0.72,0.08,0.28,0.9653,12.9235,0
1289.0,16.0,65,58.3,139.5368,24.0,52.3,79.2,0.4,0.68,0.06,0.2,0.9329,11.2305,0
1273.0,-16.0,65,65.7,218.1829,14.0,62.3,87.7,0.54,0.88,0.06,0.05,0.9418,12.8219,1
1684.0,-69.0,56,33.0,112.1092,8.1,50.7,15.3,0.54,0.8,0.02,0.12,0.9105,11.8198,0
1753.0,69.0,56,19.6,37.5997,10.0,24.6,15.8,0.41,0.71,0.0,0.11,0.9685,13.8959,0
1509.0,37.0,29,127.5,270.6737,27.8,179.9,0.0,0.31,0.72,0.1,0.28,0.968,11.9826,0
1472.0,-37.0,29,85.4,255.3926,33.9,108.7,0.0,0.45,0.79,0.07,0.03,0.9661,15.9227,1
1950.0,-24.0,57,46.1,86.5313,50.1,40.7,53.4,0.54,0.68,0.07,0.14,0.96,11.6733,0
1974.0,24.0,56,91.1,205.1732,36.4,54.3,185.0,0.46,0.73,0.12,0.21,0.8912,10.8423,0
1461.0,18.0,28,91.5,213.015,18.8,131.8,0.0,0.39,0.64,0.11,0.14,0.9638,14.3914,0
1443.0,-18.0,28,11.0,23.4371,12.4,10.4,0.0,0.68,0.93,0.0,0.14,0.9589,15.0994,1
1790.0,-9.0,69,8.7,17.3033,26.3,9.7,1.7,0.49,0.8,0.0,0.06,0.9545,12.9734,1
1799.0,9.0,68,9.1,18.3351,40.8,7.1,1.2,0.65,0.81,0.0,0.04,0.9725,14.1326,1
1882.0,-55.0,40,60.4,166.0043,22.7,73.0,0.0,0.33,0.65,0.05,0.15,0.9625,13.8739,0
1937.0,55.0,40,15.7,40.601,11.8,17.3,0.0,0.6,0.85,0.03,0.03,0.9569,15.3981,1
1693.0,-18.0,45,14.6,22.3216,10.0,18.0,2.8,0.6,0.89,0.0,0.04,0.9658,15.3509,1
1711.0,18.0,44,53.8,152.7188,44.8,29.5,216.0,0.45,0.77,0.05,0.18,0.8989,10.7576,1
1808.0,-2.0,42,73.0,169.2572,9.6,98.8,2.5,0.31,0.57,0.14,0.02,0.9594,13.535,0
1810.0,2.0,42,43.9,153.8277,25.2,53.9,0.3,0.52,0.88,0.02,0.14,0.9662,14.5186,1
2063.0,73.0,38,24.2,29.8007,10.2,29.1,0.0,0.55,0.82,0.0,0.13,0.9635,15.8337,1
1990.0,-73.0,37,65.7,168.4196,38.0,74.6,0.0,0.32,0.59,0.05,0.27,0.9034,12.8567,0
1693.0,17.0,44,68.1,157.5746,26.2,51.4,298.2,0.41,0.61,0.07,0.23,0.8645,12.6124,0
1676.0,-17.0,44,48.9,154.6668,29.4,62.4,3.0,0.59,0.82,0.02,0.16,0.9593,15.0941,1
1304.0,-11.0,30,82.8,187.3112,17.7,115.3,0.0,0.33,0.53,0.1,0.23,0.9599,15.4316,0
1315.0,11.0,30,49.5,72.1678,23.3,60.7,0.0,0.33,0.67,0.07,0.27,0.9632,13.7001,1
1886.0,30.0,26,94.3,193.8066,37.0,130.1,0.0,0.27,0.42,0.08,0.46,0.9183,14.3715,0
1856.0,-30.0,26,36.0,69.6618,29.1,39.6,0.0,0.54,0.81,0.04,0.27,0.9611,15.3873,1
1354.0,-53.0,23,96.1,208.1011,45.3,135.2,0.0,0.35,0.65,0.13,0.17,0.9621,15.742,0
1407.0,53.0,23,44.3,72.1932,89.3,15.4,0.0,0.52,0.7,0.09,0.17,0.9544,14.6135,1
1758.0,-66.0,41,42.4,57.2437,45.7,42.7,0.0,0.32,0.59,0.02,0.27,0.9019,12.9771,0
1824.0,66.0,41,22.8,41.5515,50.6,16.0,0.0,0.63,0.78,0.0,0.12,0.9684,14.3956,1
1857.0,4.0,25,94.6,202.1715,50.9,123.7,0.0,0.2,0.56,0.08,0.32,0.9487,12.6368,0
1853.0,-4.0,25,13.5,23.3758,23.7,7.8,0.0,0.52,0.92,0.0,0.08,0.9554,15.4875,1
1599.0,-37.0,88,37.3,112.1121,8.2,10.7,60.0,0.51,0.75,0.02,0.15,0.9493,12.7001,1
1636.0,37.0,88,11.7,29.8529,10.3,5.9,15.4,0.55,0.78,0.01,0.05,0.9704,13.5477,1
1788.0,-1.0,32,29.8,45.1835,19.1,34.6,0.0,0.59,0.84,0.0,0.19,0.9602,15.6047,1
1789.0,1.0,31,71.0,178.485,18.8,92.3,0.0,0.29,0.58,0.03,0.26,0.9501,13.7025,0
1317.0,-14.0,38,90.8,178.1665,24.7,114.4,0.0,0.29,0.61,0.11,0.34,0.9661,15.2615,0
1331.0,14.0,38,52.1,83.8087,19.2,62.3,0.0,0.5,0.68,0.11,0.21,0.9696,15.49,1
1893.0,37.0,40,27.4,59.3775,29.4,26.7,0.0,0.53,0.68,0.03,0.12,0.9677,15.5728,1
1856.0,-37.0,39,71.0,163.8171,17.4,87.1,0.0,0.21,0.62,0.08,0.23,0.9619,13.6994,0
1701.0,30.0,45,22.6,36.8235,37.6,21.3,0.6,0.42,0.71,0.0,0.11,0.9712,15.3687,1
1671.0,-30.0,44,50.3,100.4716,41.3,39.4,132.0,0.23,0.48,0.05,0.2,0.9136,14.1022,0
1943.0,-146.0,39,61.7,175.3232,21.1,75.7,0.0,0.41,0.69,0.05,0.13,0.9447,13.1632,1
2089.0,146.0,39,13.8,33.8566,9.8,15.0,0.0,0.49,0.82,0.03,0.03,0.956,14.6455,1
1394.0,-9.0,16,35.7,79.8521,15.7,69.0,0.0,0.56,0.75,0.06,0.06,0.9582,15.4612,0
1403.0,9.0,15,114.3,251.3727,42.4,222.0,0.0,0.2,0.53,0.07,0.33,0.9548,14.5159,0
1085.0,-371.0,25,77.6,116.9384,76.8,78.1,0.0,0.4,0.76,0.16,0.2,0.9621,15.0104,0
1456.0,371.0,24,138.3,249.0302,118.8,150.0,0.0,0.38,0.5,0.08,0.33,0.9538,14.3848,0
1875.0,-82.0,53,58.5,147.7764,7.5,37.6,146.0,0.49,0.81,0.06,0.23,0.8936,11.7686,0
1957.0,82.0,53,12.1,26.0011,23.3,10.3,8.6,0.66,0.92,0.0,0.06,0.9603,14.4149,1
1685.0,-3.0,76,51.1,127.1972,16.3,44.7,66.1,0.42,0.67,0.03,0.25,0.8314,10.3073,0
1688.0,3.0,76,72.4,222.6894,8.7,27.2,124.5,0.39,0.63,0.05,0.12,0.9708,13.5454,0
1864.0,1.0,78,109.6,263.551,12.7,42.1,188.4,0.55,0.67,0.08,0.22,0.9174,11.1394,0
1863.0,-1.0,78,113.0,283.3559,10.1,42.7,190.8,0.41,0.71,0.1,0.14,0.946,11.9901,0
1677.0,5.0,26,92.0,200.5986,26.7,132.8,0.0,0.46,0.69,0.12,0.27,0.9243,14.3979,0
1672.0,-5.0,26,13.9,32.8243,25.7,7.7,0.0,0.69,0.88,0.0,0.08,0.954,14.8857,1
1555.0,60.0,42,22.9,37.3299,54.3,13.9,0.0,0.57,0.81,0.0,0.07,0.9635,15.0695,1
1495.0,-60.0,41,58.5,178.5409,8.1,77.5,0.0,0.54,0.73,0.05,0.15,0.9197,13.0183,1
1723.0,-14.0,95,29.9,103.9567,15.8,20.0,37.9,0.39,0.67,0.01,0.09,0.9736,14.4244,1
1737.0,14.0,94,46.2,149.306,45.4,17.6,62.0,0.43,0.74,0.03,0.13,0.9171,11.5214,1
1920.0,33.0,41,23.7,35.159,41.6,18.6,0.0,0.46,0.71,0.0,0.15,0.964,15.0238,1
1887.0,-33.0,40,69.8,163.6611,36.4,82.2,0.0,0.28,0.5,0.07,0.25,0.9354,13.1688,0
1533.0,74.0,46,91.3,213.667,45.9,57.8,335.0,0.3,0.52,0.09,0.2,0.8968,12.0772,0
1459.0,-74.0,46,58.1,171.7759,95.7,26.9,143.6,0.54,0.8,0.07,0.09,0.9534,13.5927,1
1265.0,-39.0,20,98.7,221.6859,45.4,152.0,0.0,0.35,0.55,0.1,0.4,0.902,13.748,1
1304.0,39.0,20,47.8,122.9467,95.7,8.5,0.0,0.5,0.75,0.05,0.1,0.9593,14.7613,0
1680.0,-6.0,19,70.3,227.5671,21.3,124.8,0.0,0.68,0.89,0.05,0.11,0.9641,15.4645,1
1686.0,6.0,18,148.3,314.8396,23.1,273.6,0.0,0.28,0.61,0.17,0.17,0.9624,15.6089,0
1771.0,-11.0,54,25.3,58.6885,79.2,7.2,25.6,0.65,0.93,0.04,0.11,0.9793,14.7163,1
1782.0,11.0,53,57.7,157.9664,60.7,13.0,151.5,0.53,0.83,0.08,0.11,0.9404,12.3568,1
1577.0,-38.0,53,73.7,176.0651,23.5,33.2,205.7,0.32,0.62,0.08,0.21,0.9491,11.5533,0
1615.0,38.0,53,26.0,55.1388,14.9,26.1,32.9,0.57,0.85,0.02,0.11,0.9373,13.9886,1
1951.0,-69.0,52,16.3,31.7922,28.6,18.7,0.2,0.44,0.75,0.0,0.12,0.9699,14.0609,0
2020.0,69.0,51,17.2,37.9366,55.3,12.6,0.0,0.47,0.69,0.0,0.14,0.9679,13.7736,0
1566.0,-4.0,13,144.0,219.3828,185.7,5.0,0.0,0.46,0.69,0.31,0.23,0.9565,10.7757,1
1570.0,4.0,12,189.2,305.243,131.1,363.7,0.0,0.25,0.58,0.25,0.25,0.949,15.2587,1
1666.0,-26.0,45,69.8,165.9534,10.0,58.2,258.8,0.31,0.71,0.07,0.24,0.9372,12.5545,0
1692.0,26.0,45,58.3,206.3145,13.6,50.0,167.0,0.4,0.8,0.04,0.04,0.9545,15.3547,0
1659.0,-2.0,23,38.2,88.4955,19.0,53.0,0.0,0.52,0.74,0.04,0.13,0.9622,15.2881,0
1661.0,2.0,22,135.7,249.8408,51.1,194.2,0.0,0.27,0.55,0.14,0.41,0.9587,14.8676,0
993.0,-911.0,25,113.0,210.8495,143.2,92.9,0.0,0.36,0.48,0.16,0.24,0.9216,11.5811,0
1904.0,911.0,25,71.1,208.7904,60.7,77.0,0.0,0.48,0.8,0.08,0.16,0.9598,15.4397,0
1523.0,20.0,42,113.0,254.6164,11.7,102.2,782.5,0.43,0.69,0.12,0.12,0.9627,15.476,1
1503.0,-20.0,41,111.4,233.3738,14.9,95.2,789.0,0.51,0.71,0.12,0.17,0.844,10.7155,0
1827.0,11.0,44,25.3,41.951,10.1,33.7,0.0,0.68,0.95,0.02,0.18,0.9662,15.2966,0
1816.0,-11.0,43,54.9,160.0932,18.8,73.1,0.0,0.58,0.81,0.05,0.19,0.8584,11.6371,1
1943.0,113.0,58,29.7,47.6777,67.7,21.1,22.9,0.5,0.81,0.02,0.19,0.9492,13.5102,1
1830.0,-113.0,57,65.6,153.6827,12.1,57.5,105.9,0.4,0.74,0.05,0.21,0.9184,11.443,1
1616.0,-14.0,32,10.8,18.9822,14.2,9.2,0.0,0.53,0.75,0.0,0.06,0.9659,15.3524,1
1630.0,14.0,31,39.2,85.7646,9.8,51.2,0.0,0.42,0.68,0.03,0.16,0.8999,13.4632,0
1506.0,11.0,54,77.1,230.6265,14.8,33.8,214.4,0.33,0.57,0.07,0.11,0.9676,15.9501,0
1495.0,-11.0,53,42.2,76.5005,13.8,62.8,16.4,0.4,0.64,0.06,0.15,0.9403,11.0477,0
1664.0,-207.0,59,51.8,134.3633,23.2,84.4,15.5,0.47,0.68,0.03,0.22,0.9358,13.7326,0
1871.0,207.0,58,39.4,132.43,20.3,27.8,66.7,0.6,0.81,0.03,0.1,0.9487,11.9507,0
1683.0,76.0,57,23.2,31.7648,21.3,24.4,22.1,0.47,0.79,0.0,0.19,0.9702,14.1162,0
1607.0,-76.0,56,53.9,139.4945,11.1,33.5,112.4,0.36,0.64,0.04,0.2,0.9779,12.5476,0
1660.0,-50.0,35,76.9,91.2101,62.8,82.5,0.0,0.46,0.66,0.11,0.37,0.8686,10.869,0
1710.0,50.0,35,50.0,122.7911,64.1,45.1,0.0,0.54,0.89,0.06,0.23,0.9606,15.3946,1
1480.0,-27.0,90,45.4,72.4346,43.9,64.9,34.1,0.41,0.7,0.04,0.19,0.957,10.8597,0
1507.0,27.0,90,56.3,156.9771,29.6,55.7,61.4,0.44,0.66,0.06,0.13,0.9742,13.8355,1
1324.0,23.0,66,31.2,81.0629,13.1,18.6,52.6,0.52,0.79,0.03,0.09,0.8515,13.2609,1
1301.0,-23.0,66,29.4,74.7967,14.4,30.5,33.1,0.61,0.85,0.03,0.08,0.9737,14.4199,1
1788.0,13.0,63,50.6,133.3492,35.6,48.6,59.7,0.33,0.67,0.03,0.25,0.9694,14.7361,0
1775.0,-13.0,62,46.7,88.9596,36.6,39.6,60.0,0.37,0.66,0.05,0.19,0.9323,12.5638,0
1807.0,-90.0,33,42.7,59.5731,29.1,48.7,0.0,0.39,0.61,0.03,0.27,0.9589,14.964,1
1897.0,90.0,32,99.1,217.9896,13.2,132.7,0.0,0.34,0.72,0.16,0.12,0.9314,14.3472,0
1304.0,20.0,61,26.2,46.6545,38.1,19.3,30.3,0.54,0.84,0.02,0.15,0.9607,13.6732,1
1284.0,-20.0,60,63.7,182.4604,32.7,27.4,129.0,0.42,0.7,0.05,0.17,0.9721,12.5876,1
1623.0,136.0,50,39.1,45.7211,36.6,37.4,46.7,0.28,0.66,0.0,0.3,0.9344,11.2181,0
1487.0,-136.0,50,30.0,141.245,10.0,13.2,92.3,0.62,0.86,0.02,0.04,0.9554,14.8994,1
1888.0,226.0,33,76.3,188.9958,35.8,93.9,0.0,0.27,0.61,0.06,0.24,0.9007,13.7799,0
1662.0,-226.0,33,14.8,20.6318,17.2,13.9,0.0,0.39,0.73,0.0,0.06,0.9638,15.5927,0
1392.0,28.0,21,100.6,214.6456,45.9,150.4,0.0,0.33,0.57,0.1,0.38,0.9558,13.9771,1
1364.0,-28.0,21,24.5,37.9416,29.8,20.5,0.0,0.62,0.86,0.0,0.24,0.959,15.5527,1
1997.0,63.0,55,30.1,134.8849,14.8,14.4,71.6,0.47,0.71,0.02,0.04,0.9564,13.5391,0
1934.0,-63.0,54,54.1,150.2151,11.1,42.1,103.7,0.39,0.65,0.06,0.13,0.9107,11.6613,0
1840.0,69.0,37,63.6,172.0306,25.8,77.6,0.0,0.49,0.62,0.08,0.14,0.951,13.4176,0
1771.0,-69.0,37,14.1,27.6506,20.7,11.9,0.0,0.54,0.89,0.0,0.08,0.95,14.1059,1
1582.0,2.0,27,88.8,208.642,16.2,131.5,0.0,0.33,0.67,0.11,0.22,0.9233,13.3139,0
1580.0,-2.0,27,17.0,28.9276,18.8,16.2,0.0,0.59,0.81,0.0,0.15,0.9562,14.9925,1
1732.0,-282.0,39,54.1,170.3019,17.6,66.7,0.0,0.54,0.79,0.05,0.13,0.9689,15.7568,0
2014.0,282.0,38,97.3,236.7302,28.1,118.8,0.0,0.45,0.71,0.13,0.11,0.8961,12.8361,0
1609.0,399.0,45,48.1,149.2792,41.6,24.8,200.6,0.4,0.78,0.02,0.16,0.9563,15.0943,0
1210.0,-399.0,44,68.4,162.2862,95.1,38.4,200.2,0.32,0.59,0.05,0.27,0.8814,11.2857,0
1897.0,-50.0,29,24.4,45.2078,58.7,6.3,0.0,0.69,0.86,0.0,0.14,0.9611,15.1053,1
1947.0,50.0,28,76.5,186.4291,37.6,94.9,0.0,0.32,0.68,0.04,0.29,0.9591,14.2133,0
1576.0,-67.0,66,43.3,59.6906,33.7,57.3,30.8,0.33,0.7,0.05,0.24,0.9566,11.4824,0
1643.0,67.0,66,35.8,78.7735,28.3,44.0,29.3,0.48,0.82,0.05,0.14,0.9757,13.9504,1
1326.0,-13.0,37,33.1,100.3137,18.5,38.6,0.0,0.49,0.78,0.03,0.11,0.9638,14.5927,1
1339.0,13.0,36,85.9,215.27,28.3,105.1,0.0,0.36,0.61,0.06,0.31,0.9527,13.3594,0
1482.0,22.0,65,31.1,125.9369,25.3,19.0,48.0,0.43,0.68,0.03,0.06,0.9697,14.4636,0
1460.0,-22.0,64,26.3,60.7692,71.3,15.7,22.7,0.44,0.69,0.02,0.14,0.896,9.8903,0
1769.0,-44.0,54,43.8,74.002,32.1,45.6,48.2,0.46,0.74,0.04,0.24,0.8968,10.7883,0
1813.0,44.0,54,43.9,141.4399,51.9,10.7,105.5,0.56,0.7,0.04,0.19,0.9679,13.9039,1
1787.0,-50.0,63,103.5,221.4845,37.5,35.7,220.6,0.4,0.7,0.1,0.33,0.9346,11.5599,0
1837.0,50.0,63,87.5,213.487,29.7,23.3,189.5,0.43,0.79,0.11,0.14,0.9731,14.9592,1
1779.0,14.0,27,34.3,45.3338,38.2,32.1,0.0,0.37,0.63,0.0,0.26,0.9583,14.9389,1
1765.0,-14.0,26,82.6,200.7303,22.4,114.4,0.0,0.35,0.65,0.08,0.23,0.9575,15.4997,0
1809.0,1.0,27,92.1,198.9935,75.9,101.6,0.0,0.48,0.63,0.11,0.3,0.9223,14.4162,0
1808.0,-1.0,27,31.1,57.5311,35.2,29.1,0.0,0.48,0.89,0.04,0.15,0.925,14.2315,1
1952.0,2.0,31,86.2,196.3363,49.3,103.7,0.0,0.35,0.58,0.1,0.26,0.9498,13.8626,0
1950.0,-2.0,31,27.8,51.4633,58.2,15.4,0.0,0.52,0.74,0.0,0.16,0.9488,14.3114,1
1319.0,16.0,63,18.2,25.2951,31.2,19.9,10.3,0.51,0.87,0.0,0.11,0.9587,13.9386,1
1303.0,-16.0,62,48.7,134.912,43.6,23.3,83.7,0.42,0.71,0.05,0.15,0.9448,12.6756,1
1163.0,10.0,39,53.9,162.2492,40.3,58.6,0.0,0.46,0.72,0.05,0.13,0.9409,15.6041,1
1153.0,-10.0,38,98.6,233.0309,87.4,102.1,0.0,0.42,0.63,0.11,0.21,0.8704,10.061,1
1617.0,-64.0,44,114.9,291.816,23.1,160.8,0.2,0.45,0.77,0.14,0.07,0.9366,14.2403,1
1681.0,64.0,43,147.4,296.866,18.9,139.0,500.0,0.3,0.63,0.19,0.14,0.9117,11.4214,0
1614.0,-31.0,22,99.7,209.0785,79.6,116.5,0.0,0.36,0.41,0.05,0.41,0.9078,10.896,1
1645.0,31.0,22,29.1,42.7621,28.6,29.5,0.0,0.41,0.77,0.0,0.18,0.959,15.2623,0
999.0,-154.0,38,39.1,86.4341,100.1,17.3,0.0,0.5,0.76,0.03,0.11,0.9497,13.9212,1
1153.0,154.0,37,82.6,178.1107,105.7,75.2,0.0,0.22,0.46,0.08,0.22,0.9519,13.5222,1
1452.0,-6.0,20,36.5,63.4769,42.1,30.9,0.0,0.4,0.7,0.05,0.2,0.9644,15.761,1
1458.0,6.0,19,89.4,224.9479,49.9,124.9,0.0,0.42,0.68,0.05,0.32,0.9559,15.1923,0
1789.0,-18.0,28,69.0,187.5806,24.7,93.7,0.0,0.36,0.68,0.04,0.29,0.9638,15.0008,0
1807.0,18.0,28,16.9,26.4473,29.1,11.1,0.0,0.61,0.75,0.0,0.07,0.9636,15.2622,1
1764.0,-82.0,30,60.4,107.7928,22.6,79.3,0.0,0.3,0.67,0.1,0.17,0.9311,12.8415,0
1846.0,82.0,30,44.9,181.3158,20.2,55.4,0.0,0.53,0.8,0.03,0.03,0.9637,15.9303,1
1708.0,-4.0,47,52.7,67.1249,43.3,41.8,112.4,0.49,0.66,0.06,0.3,0.9002,13.5804,0
1712.0,4.0,46,49.1,89.7118,34.8,46.7,77.9,0.61,0.74,0.07,0.17,0.9467,12.6774,1
1814.0,3.0,34,54.0,96.646,18.1,68.9,0.0,0.38,0.71,0.06,0.18,0.9051,13.6252,0
1811.0,-3.0,34,16.9,38.2812,10.4,19.3,0.0,0.59,0.88,0.03,0.0,0.9624,15.2246,1
1678.0,5.0,47,31.2,35.6902,35.6,37.1,0.0,0.53,0.66,0.0,0.28,0.9516,13.9697,0
1673.0,-5.0,46,70.5,164.883,53.8,50.3,178.6,0.41,0.63,0.09,0.2,0.8976,11.0143,1
1763.0,-68.0,26,15.1,28.9335,12.4,16.8,0.0,0.58,0.88,0.0,0.12,0.9637,16.236,1
1831.0,68.0,25,81.8,210.4029,23.8,114.5,0.0,0.48,0.8,0.08,0.16,0.9019,10.7703,0
1856.0,-106.0,30,54.6,181.4637,38.0,62.9,0.0,0.47,0.77,0.03,0.17,0.9652,15.3742,0
1962.0,106.0,29,89.1,214.3943,12.0,123.8,0.0,0.45,0.66,0.14,0.07,0.9224,13.1189,0
1592.0,-63.0,25,22.4,33.0719,33.0,15.3,0.0,0.44,0.76,0.0,0.16,0.9571,15.4283,1
1655.0,63.0,24,88.1,204.1605,26.8,124.9,0.0,0.29,0.5,0.08,0.29,0.9595,14.9439,0
1988.0,22.0,46,89.9,212.3968,10.8,67.4,334.3,0.43,0.78,0.11,0.17,0.9458,11.3817,0
1966.0,-22.0,46,18.1,65.2632,15.7,21.7,5.9,0.54,0.83,0.02,0.02,0.9664,14.0587,1
2017.0,145.0,55,45.2,63.5246,36.6,47.2,47.0,0.47,0.62,0.05,0.29,0.9162,13.3954,0
1872.0,-145.0,55,37.3,62.9284,46.9,37.3,31.9,0.58,0.78,0.02,0.24,0.9623,14.5007,1
1842.0,10.0,27,14.6,22.4933,18.1,12.5,0.0,0.52,0.89,0.0,0.11,0.961,15.213,1
1832.0,-10.0,26,81.9,197.1164,28.2,110.4,0.0,0.31,0.58,0.08,0.27,0.958,14.5273,0
1885.0,102.0,37,14.2,19.1357,11.3,15.3,0.0,0.49,0.76,0.0,0.05,0.9595,15.0472,1
1783.0,-102.0,36,36.1,69.2524,14.3,43.4,0.0,0.44,0.64,0.06,0.11,0.951,11.6117,0
2056.0,85.0,32,70.7,185.8101,31.7,88.4,0.0,0.16,0.53,0.06,0.19,0.9595,14.6224,0
1971.0,-85.0,32,12.1,18.8504,18.4,9.7,0.0,0.5,0.75,0.0,0.06,0.9641,14.4939,1
1816.0,-3.0,67,68.0,173.9957,22.1,79.5,72.3,0.34,0.64,0.04,0.21,0.8918,10.6316,0
1819.0,3.0,67,49.1,180.1137,10.9,64.2,45.1,0.55,0.76,0.04,0.09,0.9646,15.2045,1
2005.0,34.0,38,75.9,174.8438,8.7,99.9,0.0,0.42,0.66,0.08,0.24,0.9379,15.1156,0
1971.0,-34.0,38,35.2,84.2251,11.1,42.6,0.0,0.53,0.66,0.03,0.16,0.9617,15.4207,1
1947.0,57.0,41,55.3,162.3983,6.5,73.4,0.0,0.39,0.73,0.05,0.17,0.9506,14.7748,1
1890.0,-57.0,40,89.7,230.6137,9.1,83.5,1000.0,0.42,0.62,0.1,0.12,0.9337,14.5444,0
1818.0,0.0,32,111.2,220.0963,31.3,147.5,0.0,0.31,0.53,0.16,0.16,0.9286,14.5799,0
1818.0,0.0,32,74.4,136.5756,59.2,80.3,0.0,0.44,0.66,0.16,0.12,0.9653,14.0248,1
1388.0,-3.0,34,48.0,134.0178,18.6,60.3,0.0,0.32,0.59,0.06,0.12,0.9583,15.8166,1
1391.0,3.0,33,79.8,187.6266,71.2,83.0,0.0,0.27,0.61,0.12,0.12,0.9485,11.4494,1
1902.0,56.0,64,79.5,153.4972,32.6,82.0,95.8,0.45,0.72,0.11,0.22,0.9635,13.6847,0
1846.0,-56.0,64,86.5,178.8271,46.9,71.8,118.3,0.47,0.66,0.12,0.17,0.9668,12.9131,1
1103.0,-51.0,12,52.7,109.0232,63.2,0.0,0.0,0.58,0.83,0.17,0.0,0.9528,14.551,1
1154.0,51.0,11,161.7,296.9014,86.6,500.0,0.0,0.27,0.45,0.18,0.36,0.9522,13.1843,1
1188.0,-847.0,57,84.0,191.4206,15.0,134.6,35.2,0.4,0.74,0.09,0.3,0.9598,11.2336,0
2035.0,847.0,57,99.1,233.0575,24.3,145.4,59.3,0.39,0.7,0.12,0.14,0.9712,15.1384,0
1751.0,136.0,55,100.1,242.0615,17.0,46.7,262.2,0.49,0.73,0.09,0.18,0.9474,14.1294,0
1615.0,-136.0,55,62.5,166.989,8.2,65.9,86.5,0.47,0.82,0.07,0.09,0.917,13.421,0
1989.0,-45.0,51,35.0,39.7019,28.4,39.2,29.5,0.35,0.71,0.0,0.29,0.9424,13.4051,1
2034.0,45.0,51,16.8,26.7442,20.0,15.1,18.7,0.49,0.8,0.0,0.1,0.9667,13.9003,1
1767.0,-75.0,50,53.6,148.2814,26.9,77.2,9.8,0.46,0.72,0.04,0.2,0.9661,14.192,1
1842.0,75.0,49,80.8,197.9721,26.3,83.8,120.6,0.33,0.59,0.04,0.27,0.9381,12.841,0
1986.0,4.0,50,52.1,114.2613,13.8,23.6,175.6,0.5,0.74,0.06,0.16,0.9323,13.1464,0
1982.0,-4.0,50,53.2,128.4617,23.2,14.1,184.4,0.26,0.7,0.08,0.06,0.9184,12.6237,0
1981.0,38.0,59,89.9,222.6833,65.2,31.0,195.9,0.42,0.78,0.08,0.2,0.9514,13.486,0
1943.0,-38.0,58,84.3,187.0398,81.4,45.5,146.8,0.33,0.59,0.09,0.33,0.9589,11.5598,0
1538.0,-158.0,60,72.1,151.7989,75.7,47.0,107.9,0.52,0.77,0.08,0.23,0.9175,11.023,0
1696.0,158.0,60,36.9,90.2745,42.0,40.3,29.8,0.47,0.78,0.05,0.12,0.9514,12.2994,1
1596.0,-32.0,19,88.9,223.28,30.6,153.8,0.0,0.11,0.47,0.05,0.32,0.9511,14.352,0
1628.0,32.0,19,6.1,14.7381,11.2,1.5,0.0,0.74,0.95,0.0,0.05,0.9527,15.1188,1
1783.0,-11.0,37,69.3,97.2054,69.1,69.4,0.0,0.27,0.57,0.05,0.32,0.9189,13.4537,0
1794.0,11.0,37,45.0,79.241,61.2,39.8,0.0,0.51,0.84,0.05,0.19,0.9613,12.8279,0
1330.0,0.0,52,39.3,138.8288,25.5,25.9,84.4,0.33,0.69,0.02,0.13,0.9608,14.3329,1
1330.0,0.0,51,72.5,199.9364,72.0,33.9,169.5,0.39,0.75,0.08,0.1,0.871,9.2045,0
1999.0,6.0,35,30.8,68.6785,21.1,34.7,0.0,0.51,0.69,0.03,0.14,0.9611,15.6844,1
1993.0,-6.0,34,52.0,169.643,35.4,57.9,0.0,0.44,0.65,0.03,0.09,0.9593,14.8659,1
1642.0,-6.0,62,32.6,127.8387,26.1,13.0,62.3,0.6,0.79,0.02,0.13,0.9674,14.1744,1
1648.0,6.0,61,51.9,140.6276,22.1,29.6,94.5,0.34,0.57,0.03,0.16,0.9706,12.4769,0
1726.0,-18.0,49,59.1,141.6071,49.9,35.3,148.9,0.24,0.63,0.02,0.27,0.9554,13.3887,1
1744.0,18.0,49,38.8,144.6355,35.1,9.8,129.1,0.63,0.84,0.02,0.06,0.9669,15.276,1
1612.0,-17.0,48,128.8,277.2071,9.1,168.0,131.1,0.35,0.6,0.17,0.12,0.9395,11.4967,0
1629.0,17.0,48,67.0,204.4117,18.9,101.4,0.3,0.46,0.71,0.08,0.1,0.9633,14.8198,1
1986.0,-217.0,57,90.5,191.4311,17.3,63.8,180.5,0.42,0.75,0.12,0.23,0.9054,11.3084,0
2203.0,217.0,57,31.1,49.1862,10.2,46.1,16.4,0.39,0.68,0.02,0.23,0.9683,15.4386,0
1856.0,-106.0,30,57.4,181.5608,41.3,65.5,0.0,0.5,0.8,0.03,0.2,0.9652,15.3742,0
1962.0,106.0,29,110.3,263.7652,18.2,151.8,0.0,0.41,0.66,0.14,0.07,0.9224,13.1189,0
1994.0,70.0,31,46.4,179.2456,16.9,60.5,0.0,0.55,0.71,0.03,0.03,0.9671,15.8027,1
1924.0,-70.0,30,120.8,281.4522,5.7,170.1,0.0,0.57,0.7,0.17,0.03,0.9307,13.9451,0
1868.0,2.0,28,76.0,197.7136,21.5,106.3,0.0,0.39,0.61,0.07,0.21,0.9532,13.9272,0
1866.0,-2.0,28,15.9,19.4638,29.1,9.6,0.0,0.43,0.89,0.0,0.07,0.9599,15.7199,1
2331.0,424.0,30,34.7,66.0934,56.2,24.0,0.0,0.4,0.67,0.03,0.17,0.9592,15.6415,1
1907.0,-424.0,29,84.3,205.4767,105.0,75.0,0.0,0.38,0.55,0.07,0.21,0.9243,13.494,1
1895.0,23.0,50,68.2,158.9078,29.8,65.4,114.8,0.4,0.74,0.1,0.18,0.8963,10.3333,0
1872.0,-23.0,50,22.2,57.021,18.4,31.1,1.2,0.44,0.74,0.04,0.08,0.9654,14.1969,1
1794.0,-8.0,45,23.5,30.3012,22.9,27.7,0.0,0.51,0.73,0.0,0.18,0.9591,14.3459,1
1802.0,8.0,44,68.8,153.6028,39.9,55.4,200.8,0.34,0.5,0.02,0.32,0.9326,11.8259,0
1729.0,-28.0,27,43.8,106.7409,27.9,53.2,0.0,0.67,0.78,0.07,0.04,0.96,15.4734,1
1757.0,28.0,26,95.5,214.5067,20.2,135.4,0.0,0.27,0.77,0.12,0.23,0.9669,14.6758,0
1625.0,-10.0,32,72.9,178.4908,32.1,91.5,0.0,0.31,0.5,0.06,0.25,0.9335,13.8301,0
1635.0,10.0,32,12.1,18.4617,18.3,9.6,0.0,0.5,0.84,0.0,0.03,0.9605,15.2415,1
2009.0,34.0,17,46.2,87.4802,49.8,41.0,0.0,0.53,0.82,0.12,0.18,0.9542,15.1178,1
1975.0,-34.0,16,165.2,275.4072,56.2,305.4,0.0,0.38,0.62,0.25,0.19,0.9406,13.5368,0
1473.0,3.0,36,44.7,63.7432,47.9,43.5,0.0,0.47,0.61,0.06,0.19,0.9692,15.1911,0
1470.0,-3.0,35,89.7,172.6931,48.2,104.1,0.0,0.34,0.54,0.09,0.4,0.9655,15.2177,0
1553.0,16.0,48,71.0,157.6635,50.7,47.6,184.2,0.48,0.81,0.06,0.31,0.8946,11.0387,1
1537.0,-16.0,48,52.0,148.8527,32.2,26.5,156.8,0.5,0.79,0.04,0.15,0.9691,14.7196,1
1623.0,-218.0,22,18.2,23.3114,15.2,20.8,0.0,0.59,0.73,0.0,0.18,0.963,15.7823,1
1841.0,218.0,21,107.6,219.8319,20.4,172.9,0.0,0.19,0.52,0.14,0.24,0.9011,12.7639,0
1931.0,-4.0,44,59.4,149.5891,22.8,46.2,250.5,0.3,0.55,0.02,0.27,0.9505,13.4017,0
1935.0,4.0,44,13.8,17.5759,20.4,14.1,0.2,0.59,0.86,0.0,0.05,0.9637,14.8589,1
1580.0,30.0,48,66.0,167.0917,16.1,100.1,0.4,0.46,0.71,0.08,0.19,0.8666,10.2827,0
1550.0,-30.0,48,13.5,32.0093,22.6,14.7,0.3,0.46,0.79,0.0,0.08,0.9685,15.1912,1
1232.0,-244.0,22,43.7,58.1846,53.2,35.8,0.0,0.27,0.73,0.05,0.32,0.9532,14.3262,0
1476.0,244.0,21,135.2,230.5773,74.0,181.2,0.0,0.33,0.62,0.19,0.38,0.9156,12.4848,0
1722.0,-49.0,20,7.4,16.0604,8.7,6.1,0.0,0.65,0.85,0.0,0.05,0.9569,15.5993,1
1771.0,49.0,19,78.8,232.5996,5.3,145.0,0.0,0.42,0.79,0.11,0.05,0.9516,13.6902,0
1846.0,5.0,63,39.5,128.233,18.3,27.0,64.9,0.43,0.75,0.02,0.08,0.9405,12.6435,0
1841.0,-5.0,63,13.4,22.1778,12.1,10.4,17.7,0.57,0.75,0.0,0.06,0.9636,13.5406,1
1882.0,-84.0,27,63.0,113.4506,15.7,90.8,0.0,0.3,0.74,0.11,0.11,0.9653,14.171,0
1966.0,84.0,26,66.3,128.4541,20.1,90.7,0.0,0.5,0.81,0.15,0.08,0.9681,16.0045,0
1804.0,42.0,55,29.8,58.2482,19.3,34.6,27.0,0.47,0.8,0.02,0.15,0.95,11.702,0
1762.0,-42.0,55,12.1,25.7629,39.2,8.7,3.2,0.58,0.87,0.0,0.07,0.9671,13.983,1
1880.0,58.0,47,87.9,179.3393,31.3,100.1,116.4,0.36,0.64,0.13,0.19,0.9689,11.9575,1
1822.0,-58.0,47,42.9,148.3851,24.8,53.7,23.0,0.55,0.83,0.02,0.15,0.9329,13.46,1
1807.0,-1.0,37,140.0,247.6041,30.3,180.7,0.0,0.38,0.62,0.16,0.22,0.9294,14.3203,0
1808.0,1.0,36,129.7,259.4801,33.7,161.7,0.0,0.39,0.69,0.14,0.17,0.9638,13.8625,0
1763.0,2.0,52,43.4,100.6054,15.4,64.8,13.1,0.5,0.71,0.04,0.21,0.9495,12.5866,0
1761.0,-2.0,51,64.9,173.621,12.9,47.9,146.3,0.53,0.69,0.06,0.2,0.9372,14.1461,0
1645.0,-6.0,35,30.6,46.8534,16.9,36.1,0.0,0.4,0.66,0.03,0.11,0.9686,14.907,1
1651.0,6.0,34,80.6,226.6371,14.7,104.3,0.0,0.5,0.79,0.09,0.09,0.9218,14.5187,1
1796.0,73.0,38,45.6,86.2314,21.8,54.1,0.0,0.39,0.63,0.08,0.18,0.9673,14.4939,0
1723.0,-73.0,38,23.2,30.859,24.1,22.9,0.0,0.53,0.71,0.0,0.18,0.9573,14.116,1
1634.0,10.0,68,59.1,171.727,29.9,28.7,102.2,0.35,0.65,0.04,0.15,0.9109,11.1932,0
1624.0,-10.0,68,11.1,19.7552,27.6,11.5,5.7,0.59,0.81,0.0,0.07,0.9397,13.4565,1
1209.0,-24.0,53,76.8,193.257,31.2,86.7,89.1,0.32,0.66,0.08,0.19,0.9329,13.6091,0
1233.0,24.0,52,87.4,232.2301,3.8,103.5,108.3,0.44,0.67,0.08,0.19,0.928,13.9986,1
1984.0,-122.0,31,12.4,15.4069,7.5,14.7,0.0,0.61,0.84,0.0,0.03,0.9657,15.7012,1
2106.0,122.0,30,71.3,181.4508,11.8,96.8,0.0,0.23,0.67,0.03,0.27,0.9645,14.4329,0
1507.0,-14.0,29,16.9,26.3614,19.9,15.4,0.0,0.62,0.76,0.0,0.14,0.9642,15.5687,1
1521.0,14.0,28,80.1,195.1401,30.9,103.4,0.0,0.21,0.5,0.07,0.25,0.9638,12.9264,0
1764.0,-15.0,25,72.1,199.7564,39.8,93.7,0.0,0.52,0.76,0.08,0.16,0.9609,14.08,0
1779.0,15.0,25,23.8,36.7083,26.3,22.4,0.0,0.48,0.76,0.0,0.08,0.9635,15.1181,1
1947.0,57.0,35,64.7,172.7191,11.6,85.9,0.0,0.46,0.74,0.06,0.14,0.9527,13.9333,0
1890.0,-57.0,35,6.2,10.6647,6.7,6.0,0.0,0.74,0.94,0.0,0.0,0.9591,15.299,1
1879.0,-15.0,32,23.1,39.8929,42.7,14.2,0.0,0.62,0.84,0.03,0.09,0.9618,14.9454,1
1894.0,15.0,31,78.3,184.9756,52.8,88.8,0.0,0.35,0.58,0.1,0.23,0.9583,14.2808,0
999.0,-154.0,38,39.0,84.746,88.4,21.4,0.0,0.5,0.74,0.03,0.13,0.9497,13.9212,1
1153.0,154.0,37,79.8,178.7873,102.8,72.4,0.0,0.3,0.59,0.11,0.19,0.9519,13.5222,1
1458.0,-2.0,53,37.1,138.0989,12.6,27.2,78.8,0.49,0.75,0.02,0.09,0.9664,14.8706,1
1460.0,2.0,52,33.9,42.7703,28.8,42.0,18.5,0.33,0.67,0.0,0.27,0.9248,10.7906,0
1500.0,-107.0,28,94.1,191.6565,56.2,115.1,0.0,0.21,0.61,0.11,0.32,0.915,12.8615,0
1607.0,107.0,28,26.2,50.7978,64.3,8.2,0.0,0.64,0.93,0.04,0.14,0.9612,15.2048,1
1921.0,-5.0,19,116.3,243.0119,36.4,205.0,0.0,0.26,0.47,0.11,0.37,0.9088,14.0809,0
1926.0,5.0,19,24.3,34.3221,21.1,27.2,0.0,0.47,0.74,0.0,0.21,0.9654,15.4761,1
1960.0,9.0,40,16.7,25.1114,16.6,16.7,0.0,0.65,0.8,0.0,0.05,0.9586,14.8161,1
1951.0,-9.0,39,62.1,161.6847,19.8,74.7,0.0,0.36,0.64,0.05,0.21,0.9082,11.5237,1
1898.0,9.0,37,54.4,168.1757,14.2,69.3,0.0,0.46,0.68,0.05,0.14,0.9386,13.7006,0
1889.0,-9.0,37,6.5,11.2017,5.3,6.8,0.0,0.76,0.97,0.0,0.0,0.9668,15.3931,1
2255.0,678.0,25,88.5,235.9944,32.2,126.0,0.0,0.48,0.8,0.08,0.12,0.8798,10.7821,0
1577.0,-678.0,25,19.3,35.9139,48.1,3.1,0.0,0.6,0.88,0.0,0.16,0.9712,15.6807,1
1846.0,-11.0,73,25.3,49.2776,35.5,19.5,27.4,0.45,0.68,0.01,0.12,0.8815,11.0996,1
1857.0,11.0,72,23.8,91.6379,24.6,16.2,30.5,0.47,0.74,0.01,0.06,0.9583,13.4912,0
1571.0,11.0,61,44.8,94.0241,21.8,32.9,72.9,0.39,0.67,0.03,0.25,0.9259,11.1432,0
1560.0,-11.0,61,44.8,134.5139,18.9,31.3,73.8,0.43,0.72,0.05,0.15,0.9631,12.9201,0
2049.0,70.0,56,42.2,99.2565,35.3,66.8,0.4,0.61,0.73,0.07,0.16,0.9639,13.0702,0
1979.0,-70.0,56,40.8,75.5769,42.7,62.3,1.8,0.45,0.7,0.07,0.12,0.9602,13.1044,0
1821.0,-49.0,66,26.2,57.1191,40.0,32.8,13.2,0.45,0.76,0.03,0.14,0.9639,13.2494,1
1870.0,49.0,66,28.2,57.82,28.1,38.5,16.7,0.32,0.58,0.03,0.15,0.9643,12.6405,0
1247.0,40.0,29,13.7,22.487,28.6,5.8,0.0,0.62,0.79,0.0,0.03,0.9609,15.2326,1
1207.0,-40.0,28,70.6,206.828,29.2,90.2,0.0,0.5,0.68,0.07,0.14,0.8845,13.5591,0
2006.0,27.0,65,72.3,147.9458,59.4,50.1,104.1,0.35,0.62,0.08,0.29,0.9106,11.41,0
1979.0,-27.0,65,48.4,110.4173,67.0,41.6,49.7,0.45,0.75,0.06,0.18,0.9266,12.0826,1
1259.0,-179.0,57,43.5,98.1482,132.4,28.0,18.6,0.35,0.6,0.04,0.14,0.9577,14.6512,0
1438.0,179.0,56,77.1,177.4115,141.3,45.6,98.8,0.34,0.79,0.09,0.16,0.9746,10.1543,1
1906.0,-5.0,46,73.1,158.0625,39.7,98.5,1.3,0.39,0.63,0.07,0.3,0.9341,12.5389,0
1911.0,5.0,46,30.0,42.746,42.0,33.4,0.0,0.41,0.78,0.0,0.2,0.9703,15.4708,1
1372.0,23.0,49,19.3,30.1887,11.7,23.6,13.7,0.45,0.71,0.0,0.12,0.963,14.6905,1
1349.0,-23.0,48,57.2,150.1327,13.8,44.6,142.8,0.38,0.6,0.04,0.21,0.9193,12.4364,0
1436.0,52.0,81,88.0,260.8874,25.9,18.2,154.1,0.3,0.49,0.07,0.06,0.9749,14.672,1
1384.0,-52.0,80,93.5,247.2681,43.1,31.3,150.1,0.29,0.71,0.07,0.2,0.9194,9.2528,0
2041.0,73.0,78,25.8,40.3767,23.3,24.4,27.5,0.51,0.73,0.01,0.15,0.9438,12.3303,1
1968.0,-73.0,77,56.8,176.0699,25.6,12.3,99.2,0.51,0.81,0.04,0.16,0.9505,10.613,0
1570.0,-6.0,45,92.5,212.9132,54.3,83.1,225.0,0.27,0.67,0.09,0.24,0.9087,13.2969,0
1576.0,6.0,45,52.1,145.2238,41.1,65.0,3.8,0.67,0.82,0.09,0.09,0.9632,15.2699,1
2012.0,81.0,51,98.9,239.4535,7.0,120.6,123.2,0.29,0.69,0.1,0.16,0.9376,11.6896,0
1931.0,-81.0,51,79.8,236.8381,13.7,93.7,94.9,0.47,0.73,0.1,0.04,0.963,14.3508,1
2019.0,51.0,51,46.1,141.5005,9.2,28.3,128.0,0.47,0.67,0.02,0.18,0.9535,12.9329,0
1968.0,-51.0,51,13.9,25.3725,24.8,8.7,18.5,0.65,0.9,0.0,0.08,0.9612,14.2686,1
1610.0,-12.0,47,36.9,83.2047,32.6,41.9,22.0,0.47,0.68,0.04,0.13,0.9641,14.7093,1
1622.0,12.0,46,51.3,86.1344,22.4,56.1,67.7,0.24,0.5,0.09,0.2,0.9592,14.6189,0
1758.0,-264.0,26,36.3,137.4961,10.1,52.6,0.0,0.62,0.85,0.04,0.04,0.9588,15.6482,1
2022.0,264.0,26,34.3,67.1874,19.2,42.3,0.0,0.58,0.85,0.04,0.12,0.6234,9.0704,0
2363.0,601.0,28,80.2,116.1373,54.1,94.7,0.0,0.36,0.61,0.07,0.36,0.9539,14.3306,0
1762.0,-601.0,27,101.3,235.6844,64.9,119.5,0.0,0.37,0.63,0.07,0.33,0.8791,13.2279,1
1302.0,-62.0,45,21.6,30.7831,20.3,23.8,11.4,0.56,0.82,0.0,0.16,0.9466,14.7962,1
1364.0,62.0,44,59.5,159.8222,17.1,34.7,284.6,0.34,0.59,0.07,0.11,0.9359,13.234,0
1442.0,4.0,52,61.7,123.4415,24.7,72.6,65.2,0.44,0.71,0.1,0.17,0.896,11.4732,0
1438.0,-4.0,52,52.2,153.8508,37.4,55.0,56.0,0.58,0.87,0.08,0.1,0.9336,12.9437,1
1679.0,26.0,71,41.5,129.8072,35.4,10.7,73.2,0.28,0.52,0.03,0.11,0.9607,12.8645,1
1653.0,-26.0,71,16.5,24.588,40.6,8.0,17.7,0.34,0.62,0.0,0.08,0.9696,14.8932,1
1519.0,-385.0,55,69.9,154.12,54.1,37.3,145.7,0.44,0.65,0.05,0.31,0.9307,12.328,0
1904.0,385.0,55,37.8,66.081,58.2,33.3,34.8,0.42,0.71,0.02,0.25,0.9363,12.1556,1
1983.0,6.0,34,28.6,44.4155,48.8,20.2,0.0,0.62,0.88,0.0,0.18,0.9571,14.8051,1
1977.0,-6.0,33,80.6,181.23,24.6,101.7,0.0,0.36,0.7,0.09,0.27,0.9577,14.8643,1
1815.0,33.0,37,31.0,76.0101,18.4,35.7,0.0,0.51,0.68,0.05,0.03,0.9597,15.1614,1
1782.0,-33.0,36,76.4,208.8813,25.0,93.5,0.0,0.28,0.56,0.06,0.17,0.9346,15.0183,0
1646.0,-64.0,67,19.3,26.5611,12.5,29.1,11.0,0.42,0.7,0.0,0.1,0.9626,14.4058,0
1710.0,64.0,66,44.2,130.2365,2.1,40.2,62.7,0.36,0.74,0.03,0.15,0.9597,12.7396,0
1897.0,24.0,58,8.8,14.003,12.4,12.8,0.0,0.59,0.83,0.0,0.02,0.8745,11.6974,1
1873.0,-24.0,58,8.8,16.8354,14.4,12.7,0.0,0.5,0.88,0.0,0.05,0.9487,13.5554,1
1905.0,-46.0,53,72.2,154.5247,4.4,65.5,139.8,0.32,0.64,0.09,0.23,0.9739,14.7627,0
1951.0,46.0,53,44.6,141.8411,14.4,35.7,83.2,0.51,0.72,0.04,0.11,0.9694,15.0398,0
1397.0,48.0,33,78.0,185.4933,26.6,100.4,0.0,0.42,0.61,0.06,0.27,0.9522,12.6434,0
1349.0,-48.0,33,22.2,33.7242,37.2,16.5,0.0,0.52,0.79,0.0,0.15,0.957,14.47,1
1933.0,-50.0,51,24.1,30.7704,14.5,27.9,22.3,0.41,0.61,0.0,0.16,0.9688,14.9593,1
1983.0,50.0,50,55.7,158.2494,7.3,43.9,127.3,0.4,0.72,0.04,0.16,0.9306,12.3209,0
1561.0,74.0,36,85.2,176.1752,67.3,92.1,0.0,0.36,0.69,0.11,0.25,0.9412,12.5964,0
1487.0,-74.0,36,42.7,80.7499,81.4,29.8,0.0,0.61,0.75,0.08,0.11,0.9569,14.9872,1
1245.0,-68.0,54,51.7,64.0329,64.4,59.0,26.9,0.44,0.59,0.02,0.33,0.9159,11.5167,0
1313.0,68.0,54,36.4,66.6011,47.0,50.8,1.1,0.46,0.74,0.06,0.17,0.965,14.6833,1
1486.0,-357.0,34,59.9,175.4011,37.5,69.2,0.0,0.32,0.71,0.06,0.18,0.9307,14.308,0
1843.0,357.0,34,14.0,18.3947,21.3,11.4,0.0,0.59,0.85,0.0,0.06,0.9631,15.5869,1
1930.0,20.0,38,45.1,165.6869,14.2,56.1,0.0,0.47,0.79,0.05,0.08,0.9642,15.6382,1
1910.0,-20.0,37,75.3,188.0784,13.0,95.3,0.0,0.32,0.7,0.11,0.19,0.9,12.204,0
1524.0,-17.0,43,21.8,45.0423,8.5,28.5,0.0,0.56,0.84,0.02,0.09,0.9533,14.8007,1
1541.0,17.0,42,50.1,80.2725,28.4,61.4,1.3,0.26,0.5,0.07,0.21,0.9589,13.4647,0
1559.0,-47.0,42,47.3,73.8226,90.6,36.0,0.0,0.36,0.69,0.05,0.26,0.9222,13.7689,0
1606.0,47.0,42,25.7,46.2915,33.0,26.1,0.0,0.6,0.83,0.0,0.14,0.967,14.6728,1
1790.0,-22.0,79,52.9,88.6874,29.3,44.5,65.4,0.47,0.76,0.08,0.24,0.9793,11.8949,0
1812.0,22.0,79,63.1,141.7213,21.9,30.4,96.8,0.39,0.73,0.11,0.14,0.9708,14.3033,0
1864.0,-102.0,35,71.8,199.7459,22.7,91.4,0.0,0.31,0.57,0.06,0.09,0.966,14.1222,0
1966.0,102.0,35,17.1,39.6523,37.0,10.3,0.0,0.49,0.74,0.03,0.03,0.96,15.3199,1
1651.0,-82.0,52,64.7,116.1921,13.9,84.3,58.2,0.46,0.69,0.12,0.17,0.933,11.9183,0
1733.0,82.0,52,50.1,86.9935,33.8,57.9,43.3,0.52,0.77,0.06,0.21,0.9654,13.2588,0
1868.0,2.0,31,86.7,246.7492,17.4,119.7,0.0,0.52,0.71,0.06,0.13,0.9654,15.649,0
1866.0,-2.0,30,145.9,294.0672,30.4,195.4,0.0,0.27,0.6,0.1,0.4,0.9517,12.6889,0
1855.0,-132.0,51,102.7,234.0745,12.2,53.6,318.9,0.33,0.73,0.08,0.31,0.9658,13.2008,0
1987.0,132.0,51,88.7,234.8892,45.8,36.0,252.5,0.47,0.75,0.08,0.22,0.971,13.4464,1
1753.0,-66.0,45,35.9,57.6209,11.9,41.4,50.4,0.4,0.71,0.02,0.22,0.9682,12.6723,0
1819.0,66.0,45,34.2,149.3314,16.2,13.1,166.7,0.69,0.89,0.02,0.09,0.9604,15.0971,1
1898.0,-41.0,51,9.8,17.1041,16.2,7.4,10.5,0.61,0.88,0.0,0.06,0.9279,13.2379,1
1939.0,41.0,50,31.2,53.152,6.9,32.5,47.4,0.28,0.62,0.02,0.16,0.9368,12.6008,0
1822.0,13.0,29,18.8,28.7618,39.8,7.7,0.0,0.66,0.83,0.0,0.1,0.963,16.0287,1
1809.0,-13.0,28,87.9,189.1766,40.6,110.3,0.0,0.25,0.64,0.07,0.29,0.9254,12.6221,0
1718.0,-40.0,45,21.2,34.4262,39.3,16.9,10.6,0.53,0.82,0.0,0.13,0.9605,13.9718,1
1758.0,40.0,44,55.2,155.6818,5.7,34.5,268.8,0.45,0.73,0.07,0.16,0.9637,14.8669,1
1959.0,40.0,61,26.6,37.2145,26.1,18.3,38.6,0.38,0.59,0.0,0.21,0.9223,12.4843,0
1919.0,-40.0,61,11.5,18.6901,23.3,9.3,9.7,0.56,0.89,0.0,0.07,0.9646,13.9601,1
1735.0,-14.0,18,63.7,103.4488,84.4,37.8,0.0,0.56,0.72,0.17,0.11,0.9556,15.3575,1
1749.0,14.0,17,103.5,245.6479,32.8,183.1,0.0,0.53,0.76,0.12,0.18,0.9664,15.7091,0
2157.0,455.0,50,21.7,33.9659,26.0,25.6,5.7,0.36,0.7,0.0,0.12,0.9596,14.6025,0
1702.0,-455.0,49,67.2,165.7375,29.2,62.6,115.3,0.35,0.71,0.06,0.24,0.9086,11.4551,0
1513.0,-24.0,42,33.1,65.4594,23.3,38.6,0.5,0.48,0.69,0.07,0.05,0.9453,15.2882,1
1537.0,24.0,41,55.7,89.9541,9.8,73.1,0.5,0.27,0.54,0.07,0.17,0.9418,13.651,0
1851.0,-4.0,45,117.9,217.6669,21.5,57.0,676.0,0.47,0.62,0.16,0.18,0.9729,15.7532,0
1855.0,4.0,44,123.5,232.9144,19.8,81.6,561.4,0.41,0.7,0.14,0.18,0.9511,12.2265,0
1990.0,-7.0,83,80.6,195.5764,13.8,61.8,109.2,0.42,0.69,0.1,0.16,0.9373,10.777,0
1997.0,7.0,83,55.4,189.9789,15.9,42.3,72.4,0.48,0.72,0.06,0.07,0.9577,14.341,1
1617.0,-4.0,41,76.0,166.4294,20.9,96.9,0.0,0.46,0.63,0.12,0.22,0.9432,12.2428,0
1621.0,4.0,41,32.1,88.3372,25.2,36.3,0.0,0.68,0.9,0.02,0.15,0.9558,14.0483,1
1891.0,4.0,29,117.0,204.3518,38.4,158.3,0.0,0.24,0.52,0.24,0.17,0.9458,14.006,0
1887.0,-4.0,29,36.5,81.5539,31.8,38.6,0.0,0.66,0.83,0.07,0.07,0.9578,15.2748,0
1924.0,-20.0,35,137.3,274.6408,22.8,183.1,0.0,0.26,0.57,0.14,0.34,0.972,15.0419,0
1944.0,20.0,35,90.2,233.494,23.7,113.2,0.0,0.54,0.74,0.09,0.17,0.9583,15.1477,1
1697.0,-15.0,35,29.9,36.1493,18.5,34.4,0.0,0.37,0.57,0.0,0.26,0.967,15.1919,1
1712.0,15.0,34,71.9,173.0389,18.7,91.0,0.0,0.29,0.56,0.06,0.32,0.9566,13.9221,0
1667.0,27.0,53,17.0,37.8169,25.5,16.7,11.2,0.58,0.77,0.02,0.04,0.9648,14.5303,1
1640.0,-27.0,52,49.0,141.0629,14.2,36.1,102.9,0.31,0.6,0.04,0.17,0.9586,12.2424,0
1530.0,-1.0,42,118.6,281.8623,42.3,152.0,0.0,0.43,0.71,0.1,0.21,0.9023,12.0716,1
1531.0,1.0,42,28.2,51.4467,29.7,30.6,0.0,0.43,0.64,0.02,0.14,0.9525,13.7188,0
1958.0,25.0,44,23.7,29.2048,35.1,22.3,5.8,0.48,0.75,0.0,0.16,0.9589,15.204,1
1933.0,-25.0,43,45.7,52.2357,85.7,36.7,23.0,0.21,0.51,0.0,0.3,0.9126,12.8368,1
1791.0,45.0,82,36.9,64.4111,14.4,26.6,49.6,0.44,0.78,0.05,0.2,0.9609,13.1449,1
1746.0,-45.0,81,70.9,153.29,18.3,29.9,111.4,0.43,0.67,0.1,0.23,0.9496,10.7793,0
1804.0,42.0,46,68.8,165.9902,31.7,52.9,210.2,0.52,0.72,0.11,0.13,0.9675,14.4931,1
1762.0,-42.0,46,83.8,176.3227,39.8,62.0,233.7,0.37,0.59,0.15,0.11,0.957,12.7219,0
1426.0,-18.0,37,59.2,112.3287,33.2,68.9,0.0,0.46,0.68,0.03,0.32,0.944,13.1763,1
1444.0,18.0,37,33.6,76.1086,43.8,30.4,0.0,0.59,0.84,0.05,0.08,0.9476,14.5095,0
1902.0,5.0,48,82.7,146.7626,12.5,53.9,278.4,0.38,0.62,0.15,0.17,0.9673,13.8713,0
1897.0,-5.0,48,94.3,162.7353,17.6,65.4,267.6,0.46,0.69,0.19,0.12,0.9635,13.2025,0
1825.0,16.0,25,109.6,198.1517,62.4,141.0,0.0,0.16,0.56,0.08,0.4,0.9587,14.4346,0
1809.0,-16.0,25,29.4,55.7278,59.8,12.4,0.0,0.52,0.88,0.04,0.12,0.9588,15.4859,1
1954.0,277.0,46,82.1,208.354,50.2,32.2,385.0,0.39,0.72,0.11,0.09,0.9331,12.2373,0
1677.0,-277.0,46,35.1,146.8333,28.2,11.6,144.4,0.54,0.87,0.02,0.09,0.9424,14.5944,1
2040.0,56.0,44,18.2,25.8062,19.9,20.1,0.0,0.66,0.73,0.0,0.05,0.9669,14.2907,1
1984.0,-56.0,43,53.1,157.1283,20.8,69.9,0.0,0.44,0.77,0.07,0.14,0.8644,10.822,0
1709.0,-143.0,23,101.0,214.7957,20.3,163.1,0.0,0.22,0.65,0.09,0.3,0.9571,15.0517,0
1852.0,143.0,23,30.6,39.8175,41.9,23.4,0.0,0.52,0.74,0.0,0.17,0.9145,12.459,1
1066.0,-88.0,25,83.6,201.7201,44.8,109.5,0.0,0.36,0.76,0.08,0.24,0.9579,13.8413,1
1154.0,88.0,25,11.4,19.0547,20.6,6.2,0.0,0.68,0.84,0.0,0.08,0.9588,14.887,1
1952.0,21.0,75,66.1,167.3215,52.0,54.0,80.5,0.48,0.72,0.07,0.19,0.9767,13.764,1
1931.0,-21.0,74,66.2,153.608,38.0,52.1,85.5,0.31,0.72,0.09,0.16,0.8939,10.9317,1
1746.0,-20.0,55,50.2,139.6754,17.6,37.9,96.5,0.33,0.58,0.04,0.13,0.9626,13.581,0
1766.0,20.0,55,19.7,47.9275,18.3,21.8,16.3,0.65,0.89,0.02,0.04,0.9565,14.5667,1
1667.0,27.0,73,55.3,139.33,34.4,50.5,66.1,0.38,0.63,0.04,0.19,0.8991,12.455,0
1640.0,-27.0,73,35.0,137.1647,12.3,38.3,38.1,0.63,0.9,0.03,0.07,0.9683,13.7315,1
1522.0,35.0,29,84.6,193.5373,32.7,111.9,0.0,0.38,0.55,0.07,0.24,0.9194,13.1909,0
1487.0,-35.0,29,22.7,34.5141,39.0,15.3,0.0,0.41,0.72,0.0,0.21,0.9604,14.8058,0
1599.0,-68.0,12,17.3,19.6716,20.8,0.0,0.0,0.25,0.5,0.0,0.08,0.9508,14.8019,1
1667.0,68.0,11,139.6,289.6019,45.6,563.0,0.0,0.09,0.36,0.09,0.45,0.9475,14.7434,0
1379.0,90.0,51,43.7,112.3031,58.0,53.4,4.0,0.55,0.86,0.06,0.14,0.9358,13.4238,1
1289.0,-90.0,50,62.4,105.287,31.4,78.4,44.2,0.4,0.7,0.08,0.24,0.8754,11.5381,0
1498.0,-46.0,45,49.2,153.5527,26.7,64.9,0.2,0.44,0.78,0.02,0.18,0.9629,15.2194,1
1544.0,46.0,44,72.4,156.4509,26.8,98.0,0.4,0.3,0.64,0.07,0.32,0.9192,11.4542,1
1548.0,-60.0,38,45.2,79.4384,45.5,45.0,0.0,0.26,0.42,0.03,0.34,0.9648,13.5486,0
1608.0,60.0,38,15.4,22.364,28.6,11.4,0.0,0.5,0.74,0.0,0.08,0.9678,15.5086,1
1324.0,95.0,48,21.2,39.1484,26.6,23.1,7.4,0.44,0.83,0.02,0.17,0.9708,14.1282,1
1229.0,-95.0,47,55.4,158.3235,26.4,20.3,219.8,0.26,0.6,0.06,0.17,0.9556,14.5313,1
1855.0,-5.0,67,32.8,92.6512,48.4,53.3,4.3,0.43,0.78,0.03,0.09,0.9505,12.2706,1
1860.0,5.0,67,31.9,71.7502,53.0,52.2,3.5,0.43,0.75,0.03,0.15,0.9789,12.9843,1
1993.0,-284.0,52,91.4,234.3999,26.8,30.6,297.2,0.29,0.63,0.1,0.15,0.9657,15.1341,0
2277.0,284.0,51,85.8,199.1352,23.0,53.2,214.4,0.24,0.55,0.1,0.22,0.9253,12.0924,1
2311.0,389.0,66,47.8,95.5804,14.6,69.0,36.0,0.39,0.68,0.06,0.2,0.9711,14.4979,0
1922.0,-389.0,65,60.8,94.8542,47.8,33.8,96.5,0.4,0.57,0.08,0.25,0.9463,11.8889,0
1738.0,5.0,61,28.5,42.8943,47.5,31.7,15.0,0.41,0.7,0.03,0.15,0.9505,13.7622,0
1733.0,-5.0,60,48.4,134.7344,92.9,17.6,73.4,0.38,0.67,0.05,0.15,0.9445,10.5603,1
1848.0,-20.0,68,42.3,130.16,12.5,18.2,78.7,0.41,0.75,0.03,0.15,0.9569,11.5749,1
1868.0,20.0,68,60.9,210.2799,9.1,13.3,126.1,0.6,0.79,0.06,0.07,0.9685,14.1933,1
1547.0,-15.0,25,64.2,201.8046,14.2,97.5,0.0,0.48,0.64,0.08,0.04,0.964,15.9801,0
1562.0,15.0,25,5.6,6.8313,6.9,4.9,0.0,0.64,0.88,0.0,0.0,0.9596,15.1477,1
1569.0,-127.0,64,163.2,313.2597,26.2,193.8,182.1,0.45,0.69,0.17,0.2,0.8857,10.7116,0
1696.0,127.0,64,144.6,316.9241,29.7,201.6,117.6,0.41,0.64,0.14,0.16,0.9431,13.6635,0
1744.0,72.0,45,12.2,22.0412,12.8,14.1,0.0,0.64,0.84,0.0,0.07,0.9585,15.0083,1
1672.0,-72.0,44,52.3,154.195,17.0,71.6,0.2,0.45,0.84,0.02,0.16,0.8792,9.2106,0
1698.0,-43.0,30,90.3,192.2796,39.9,115.5,0.0,0.4,0.7,0.13,0.2,0.9609,14.8498,0
1741.0,43.0,29,83.9,189.2453,27.8,109.1,0.0,0.31,0.59,0.07,0.31,0.9578,13.8429,0
1371.0,24.0,28,45.0,82.6626,36.4,49.8,0.0,0.39,0.71,0.07,0.18,0.9549,14.705,0
1347.0,-24.0,27,80.6,214.7691,25.1,108.4,0.0,0.15,0.56,0.07,0.07,0.9152,13.5011,0
1792.0,5.0,43,125.5,288.2234,29.1,136.7,334.3,0.3,0.65,0.12,0.19,0.9384,13.6195,0
1787.0,-5.0,43,90.6,253.7048,16.0,91.7,250.0,0.35,0.86,0.07,0.14,0.9681,15.9782,1
1465.0,9.0,40,30.7,48.5909,60.5,20.8,0.0,0.35,0.75,0.0,0.2,0.9656,14.9871,1
1456.0,-9.0,39,72.4,160.5637,76.3,71.2,0.0,0.23,0.54,0.03,0.36,0.9189,12.2062,0
1724.0,-18.0,66,22.0,41.0686,30.3,32.8,6.4,0.53,0.82,0.02,0.14,0.9424,11.6413,0
1742.0,18.0,65,19.1,40.8746,31.1,26.4,6.4,0.46,0.72,0.02,0.09,0.938,12.3235,1
1414.0,36.0,27,34.6,71.8526,14.5,46.4,0.0,0.52,0.81,0.07,0.04,0.9651,15.5456,1
1378.0,-36.0,26,70.5,198.4843,11.6,101.6,0.0,0.42,0.62,0.08,0.12,0.8934,13.2791,0
1818.0,22.0,19,123.8,246.7947,40.6,216.2,0.0,0.47,0.68,0.16,0.32,0.9654,15.8586,0
1796.0,-22.0,19,39.9,76.5307,16.7,60.9,0.0,0.42,0.79,0.05,0.21,0.9143,14.9479,1
1729.0,-55.0,51,75.9,196.6491,39.5,48.7,182.9,0.37,0.63,0.08,0.2,0.9627,15.1408,0
1784.0,55.0,50,96.1,208.0989,35.0,68.2,222.0,0.32,0.7,0.12,0.24,0.9046,12.1801,1
1750.0,-93.0,59,43.6,131.6963,43.8,58.6,19.9,0.53,0.81,0.02,0.17,0.9637,14.5881,0
1843.0,93.0,58,67.5,191.2609,96.0,58.3,68.6,0.33,0.67,0.05,0.14,0.9266,10.8473,0
1988.0,-154.0,37,82.0,182.3736,22.5,104.0,0.0,0.35,0.49,0.08,0.3,0.9458,15.4727,1
2142.0,154.0,37,39.7,84.2991,21.7,45.5,0.0,0.57,0.78,0.03,0.24,0.9568,15.0238,1
1608.0,-2.0,52,96.9,238.355,63.8,109.2,93.7,0.5,0.69,0.13,0.12,0.9645,14.832,1
1610.0,2.0,51,98.0,205.23,52.7,95.6,138.1,0.33,0.69,0.16,0.2,0.9267,10.6347,0
1868.0,2.0,41,24.8,30.9635,19.7,27.3,0.0,0.41,0.66,0.0,0.2,0.9429,14.5271,1
1866.0,-2.0,40,61.2,167.3619,30.8,72.4,0.0,0.42,0.7,0.05,0.17,0.9537,13.7649,0
1217.0,-86.0,26,147.4,273.3922,57.6,203.5,0.0,0.58,0.69,0.27,0.08,0.8872,11.0171,1
1303.0,86.0,26,72.0,204.2803,48.4,84.5,0.0,0.46,0.88,0.12,0.08,0.9582,15.5457,1
1630.0,16.0,48,81.6,198.3721,50.7,41.2,271.8,0.35,0.62,0.04,0.31,0.9088,10.6403,0
1614.0,-16.0,48,61.9,200.9509,62.9,12.6,225.0,0.58,0.81,0.04,0.12,0.9537,14.7984,1
928.0,-652.0,27,101.8,208.75,35.1,141.0,0.0,0.44,0.59,0.19,0.19,0.8879,12.5381,0
1580.0,652.0,26,127.6,264.8864,52.9,167.2,0.0,0.38,0.65,0.12,0.27,0.96,14.7048,0
1423.0,-85.0,23,71.3,207.3292,53.5,84.9,0.0,0.26,0.57,0.04,0.17,0.9112,14.1246,1
1508.0,85.0,23,18.7,41.5688,31.7,10.3,0.0,0.52,0.87,0.0,0.09,0.9609,15.6727,1
1831.0,251.0,25,83.0,198.8172,37.6,113.3,0.0,0.4,0.6,0.04,0.32,0.9225,14.1871,0
1580.0,-251.0,25,14.8,23.963,22.2,10.7,0.0,0.6,0.84,0.0,0.08,0.9662,15.8064,1
1755.0,9.0,35,30.5,68.7397,47.2,23.9,0.0,0.69,0.97,0.06,0.09,0.9538,14.5659,1
1746.0,-9.0,34,83.9,178.2086,56.0,93.9,0.0,0.26,0.59,0.09,0.26,0.9009,13.3607,0
1821.0,6.0,50,37.8,142.3578,27.4,18.7,105.7,0.62,0.88,0.02,0.12,0.9514,14.4112,1
1815.0,-6.0,49,93.7,242.8917,11.3,27.5,366.1,0.43,0.69,0.12,0.1,0.9512,13.4415,0
1595.0,62.0,39,40.6,160.1249,27.7,45.1,0.0,0.51,0.74,0.03,0.1,0.9573,14.6928,1
1533.0,-62.0,38,63.3,169.881,23.9,75.5,0.0,0.29,0.61,0.05,0.11,0.8638,11.4118,0
1882.0,-15.0,74,30.9,54.5714,27.8,25.7,36.3,0.42,0.65,0.03,0.18,0.9673,14.0742,0
1897.0,15.0,73,45.3,146.7338,20.9,38.0,58.2,0.44,0.73,0.04,0.07,0.9391,10.5992,1
1339.0,45.0,40,47.4,87.3304,36.9,50.9,0.0,0.3,0.68,0.03,0.28,0.9691,15.1279,0
1294.0,-45.0,39,83.7,179.8214,38.2,97.4,0.0,0.18,0.67,0.08,0.33,0.9654,14.354,1
1782.0,66.0,16,3.4,5.8649,5.5,0.0,0.0,0.75,0.94,0.0,0.0,0.9566,15.7804,1
1716.0,-66.0,15,95.3,261.3893,10.3,222.8,0.0,0.33,0.6,0.13,0.0,0.9504,14.7545,0
1781.0,-10.0,55,52.5,104.277,62.3,47.8,55.5,0.56,0.71,0.07,0.18,0.9678,13.684,0
1791.0,10.0,55,51.1,129.4778,19.7,62.4,47.6,0.45,0.75,0.04,0.15,0.9644,12.917,0
1304.0,-35.0,40,17.9,25.358,29.7,14.0,0.0,0.53,0.75,0.0,0.1,0.9622,15.6286,0
1339.0,35.0,39,47.6,94.4682,105.8,30.2,0.0,0.38,0.64,0.05,0.15,0.8638,11.8825,1
1711.0,68.0,61,46.1,132.3272,24.4,39.3,66.0,0.49,0.79,0.05,0.16,0.9612,14.4485,1
1643.0,-68.0,60,91.0,219.9893,24.7,51.2,176.2,0.45,0.68,0.1,0.27,0.8979,11.6176,0
1654.0,-8.0,47,29.4,82.8707,36.6,29.9,17.1,0.55,0.87,0.02,0.11,0.971,15.3054,1
1662.0,8.0,46,84.0,209.281,34.7,76.4,179.7,0.46,0.72,0.07,0.22,0.9463,13.4128,1
1506.0,-210.0,43,25.5,41.3287,26.5,27.7,0.0,0.4,0.67,0.02,0.14,0.975,15.0314,1
1716.0,210.0,42,61.9,164.2138,30.4,34.9,427.0,0.29,0.6,0.07,0.24,0.965,14.2633,1
1096.0,-69.0,36,20.9,27.328,22.8,20.2,0.0,0.58,0.69,0.0,0.17,0.9625,14.8638,1
1165.0,69.0,35,63.0,167.3628,34.4,72.9,0.0,0.26,0.54,0.03,0.23,0.9419,13.7953,0
1987.0,9.0,32,45.3,83.3228,15.9,58.7,0.0,0.5,0.75,0.09,0.12,0.9568,14.8231,1
1978.0,-9.0,31,71.9,183.2564,24.9,91.1,0.0,0.42,0.71,0.06,0.26,0.9574,13.8981,0
1700.0,-4.0,36,54.3,169.8135,32.3,62.8,0.0,0.53,0.75,0.06,0.14,0.9654,15.4973,0
1704.0,4.0,35,104.6,240.3029,27.8,131.2,0.0,0.43,0.66,0.09,0.2,0.8726,10.9768,0
1992.0,-101.0,46,107.3,282.0402,8.8,161.5,0.7,0.41,0.67,0.11,0.09,0.9639,14.9637,1
2093.0,101.0,45,151.8,313.8633,15.0,223.1,0.0,0.44,0.73,0.16,0.13,0.8474,10.8498,0
1699.0,7.0,73,66.0,203.2926,25.6,32.4,108.9,0.41,0.68,0.07,0.12,0.9599,12.9321,0
1692.0,-7.0,72,67.4,210.4707,8.4,55.3,94.5,0.53,0.78,0.08,0.04,0.95,11.1567,1
1818.0,50.0,34,143.2,296.7301,8.6,199.3,0.0,0.62,0.85,0.18,0.12,0.7936,11.0018,0
1768.0,-50.0,33,44.5,175.2543,17.4,54.7,0.0,0.42,0.73,0.06,0.0,0.93,15.2258,1
1771.0,-44.0,52,54.9,147.8643,23.1,44.2,108.2,0.37,0.65,0.04,0.23,0.9655,13.0387,0
1815.0,44.0,52,41.2,145.7605,22.7,26.8,87.1,0.67,0.83,0.04,0.08,0.9616,13.4933,1
1867.0,-66.0,62,66.3,179.7721,19.4,85.5,61.4,0.32,0.63,0.05,0.19,0.9348,11.4263,0
1933.0,66.0,62,58.3,179.7461,8.4,70.7,61.6,0.48,0.85,0.06,0.11,0.9506,13.6672,1
1674.0,-43.0,67,60.7,130.8103,34.0,37.0,97.0,0.37,0.63,0.04,0.28,0.9713,15.3034,0
1717.0,43.0,66,95.8,210.2073,22.3,56.5,163.9,0.3,0.73,0.08,0.27,0.9596,13.2154,1
1860.0,-81.0,63,35.3,128.5652,21.4,21.6,59.3,0.57,0.79,0.02,0.08,0.9436,12.4207,1
1941.0,81.0,62,36.8,90.3415,26.7,23.0,58.9,0.44,0.73,0.02,0.21,0.9724,13.5073,1
1441.0,-7.0,45,19.7,36.2295,16.4,23.9,1.2,0.44,0.69,0.0,0.11,0.9615,15.6799,0
1448.0,7.0,44,81.2,220.2294,37.4,107.7,0.6,0.5,0.7,0.09,0.11,0.9137,10.0466,1
1629.0,-10.0,62,69.0,166.7787,16.8,24.0,154.1,0.47,0.76,0.08,0.11,0.9651,13.5563,0
1639.0,10.0,62,76.0,169.3499,16.0,27.6,162.7,0.55,0.77,0.1,0.13,0.9422,11.0681,1
1817.0,-3.0,57,95.6,258.8761,31.8,53.1,207.9,0.47,0.82,0.09,0.12,0.9415,14.1287,1
1820.0,3.0,56,99.0,257.4851,32.8,65.2,193.8,0.46,0.79,0.11,0.12,0.851,11.0828,0
1824.0,41.0,43,28.1,59.7966,24.7,32.0,1.0,0.4,0.65,0.02,0.09,0.9465,13.0148,1
1783.0,-41.0,43,10.6,16.9681,13.7,11.1,0.0,0.67,0.84,0.0,0.05,0.9704,15.5099,1
1851.0,-19.0,58,62.3,154.8112,32.8,49.9,99.4,0.41,0.69,0.03,0.29,0.965,13.0081,0
1870.0,19.0,58,27.7,109.4709,5.1,41.1,17.2,0.6,0.84,0.02,0.05,0.9673,14.2577,1
1979.0,50.0,54,52.5,103.2107,18.3,18.8,149.3,0.46,0.69,0.07,0.15,0.948,13.2313,0
1929.0,-50.0,54,54.4,118.5466,18.9,15.0,154.5,0.41,0.57,0.09,0.09,0.9516,12.9985,0
1625.0,-11.0,45,36.2,61.775,21.2,47.1,1.0,0.27,0.58,0.02,0.2,0.8751,12.6784,0
1636.0,11.0,45,11.5,22.1294,24.9,9.8,0.0,0.67,0.87,0.0,0.04,0.9561,14.907,1
1863.0,-6.0,67,91.8,213.4274,54.5,40.3,162.9,0.4,0.66,0.09,0.24,0.9363,11.718,0
1869.0,6.0,67,38.7,81.1592,78.0,32.2,33.0,0.48,0.85,0.04,0.16,0.969,14.094,1
1725.0,-32.0,33,67.5,77.4173,91.9,57.0,0.0,0.39,0.58,0.09,0.27,0.9643,14.1943,0
1757.0,32.0,32,114.2,188.8276,85.9,125.3,0.0,0.28,0.38,0.16,0.38,0.9006,14.0274,0
1717.0,-61.0,25,145.7,271.0527,44.0,213.5,0.0,0.32,0.52,0.16,0.28,0.9552,14.7242,0
1778.0,61.0,25,72.0,213.1792,26.7,97.6,0.0,0.6,0.8,0.08,0.04,0.9612,14.7307,1
1993.0,-19.0,59,44.0,136.4777,34.0,23.7,81.4,0.59,0.86,0.03,0.15,0.9572,13.2993,1
2012.0,19.0,58,58.3,142.2152,35.2,45.4,89.6,0.4,0.66,0.07,0.21,0.949,12.0259,0
960.0,-537.0,19,39.8,69.6169,45.1,33.9,0.0,0.47,0.74,0.05,0.21,0.9578,13.9542,1
1497.0,537.0,18,128.4,244.0254,20.7,236.2,0.0,0.17,0.56,0.17,0.17,0.953,14.9796,0
1805.0,-187.0,37,24.5,35.5962,50.4,14.9,0.0,0.68,0.86,0.0,0.14,0.9691,16.1524,1
1992.0,187.0,36,70.0,170.6735,38.2,80.6,0.0,0.25,0.53,0.08,0.22,0.961,14.4559,1
1866.0,19.0,51,71.1,193.4478,20.9,99.2,40.1,0.31,0.71,0.04,0.18,0.9615,13.1453,0
1847.0,-19.0,51,48.0,194.8279,25.6,73.8,0.4,0.63,0.92,0.04,0.04,0.941,14.5003,0
1989.0,-45.0,57,48.3,137.2796,30.0,23.8,102.4,0.4,0.68,0.04,0.14,0.9579,12.8351,1
2034.0,45.0,57,15.9,31.9052,25.1,15.4,12.2,0.6,0.89,0.0,0.11,0.9635,14.5284,1
1531.0,-7.0,33,92.7,194.3931,82.5,97.1,0.0,0.3,0.61,0.06,0.39,0.958,13.8673,0
1538.0,7.0,33,24.8,29.59,27.4,23.8,0.0,0.42,0.7,0.0,0.18,0.9623,14.8379,1
1918.0,-4.0,28,78.9,187.0262,28.1,107.2,0.0,0.39,0.64,0.04,0.36,0.9664,14.1547,0
1922.0,4.0,28,19.0,33.8893,26.4,15.4,0.0,0.64,0.79,0.0,0.14,0.963,14.7236,1
1684.0,16.0,27,64.6,189.8038,41.9,77.9,0.0,0.33,0.44,0.04,0.15,0.9142,14.1837,0
1668.0,-16.0,27,19.5,35.0476,41.1,8.7,0.0,0.67,0.7,0.0,0.15,0.9593,14.3525,1
1904.0,-44.0,31,26.3,43.1333,43.6,18.0,0.0,0.48,0.87,0.0,0.16,0.9593,15.2673,1
1948.0,44.0,30,59.6,181.3156,42.9,66.8,0.0,0.43,0.7,0.03,0.27,0.93,14.5307,1
1717.0,-124.0,35,10.3,19.1065,15.2,8.4,0.0,0.6,0.83,0.0,0.09,0.9612,14.8742,1
1841.0,124.0,34,61.1,175.7935,11.3,79.0,0.0,0.35,0.65,0.09,0.18,0.9366,14.8251,0
1535.0,9.0,29,24.7,39.3009,25.1,24.5,0.0,0.34,0.66,0.0,0.21,0.9577,15.1648,1
1526.0,-9.0,28,99.1,197.3597,100.3,98.5,0.0,0.32,0.57,0.07,0.39,0.9376,10.9413,1
1843.0,-5.0,36,73.2,171.8402,19.8,93.8,0.0,0.19,0.5,0.08,0.22,0.9558,13.8616,0
1848.0,5.0,36,22.3,35.3165,23.9,21.8,0.0,0.5,0.75,0.0,0.11,0.9494,13.7865,1
1642.0,128.0,79,61.1,164.8774,29.0,48.3,79.2,0.39,0.7,0.05,0.2,0.9728,13.462,0
1514.0,-128.0,78,58.2,147.1936,18.6,36.9,83.7,0.46,0.72,0.09,0.12,0.9488,11.5335,1
1599.0,-40.0,30,51.0,102.4672,17.0,68.0,0.0,0.47,0.73,0.07,0.2,0.8678,12.6299,0
1639.0,40.0,30,14.9,24.1403,16.4,14.3,0.0,0.47,0.87,0.0,0.1,0.968,15.6927,1
1765.0,-173.0,32,30.3,38.2245,31.8,29.6,0.0,0.47,0.66,0.0,0.28,0.9306,15.4624,0
1938.0,173.0,31,70.8,180.8729,21.8,90.9,0.0,0.35,0.81,0.03,0.29,0.8725,12.5732,0
2402.0,438.0,25,98.9,272.486,17.4,153.2,0.0,0.48,0.68,0.08,0.08,0.9214,14.4952,1
1964.0,-438.0,25,58.0,198.5215,11.9,84.0,0.0,0.48,0.68,0.04,0.04,0.9628,15.4643,1
1649.0,10.0,23,21.7,33.3211,40.9,7.0,0.0,0.61,0.74,0.0,0.13,0.9612,15.9351,1
1639.0,-10.0,22,107.5,217.3721,31.7,160.0,0.0,0.23,0.59,0.14,0.41,0.9171,13.4544,0
1815.0,-18.0,24,19.6,30.0504,22.3,17.7,0.0,0.46,0.75,0.0,0.12,0.9649,14.7876,1
1833.0,18.0,23,85.1,207.0833,32.9,118.7,0.0,0.26,0.48,0.09,0.17,0.9481,14.6925,0
1739.0,-63.0,27,88.3,193.2399,48.4,111.7,0.0,0.48,0.67,0.07,0.3,0.8888,13.074,1
1802.0,63.0,27,15.0,24.3571,9.1,18.0,0.0,0.67,1.0,0.0,0.04,0.9597,15.2805,1
2003.0,25.0,29,25.9,42.9163,15.0,31.6,0.0,0.52,0.76,0.0,0.14,0.9705,15.4199,1
1978.0,-25.0,28,95.9,209.027,80.6,103.1,0.0,0.39,0.54,0.11,0.25,0.8515,12.2394,0
1844.0,-12.0,29,30.3,41.9295,11.3,40.3,0.0,0.59,0.86,0.0,0.17,0.9611,15.186,1
1856.0,12.0,28,84.9,202.167,54.4,99.4,0.0,0.46,0.57,0.11,0.14,0.8799,12.3478,1
1515.0,-293.0,39,30.7,55.124,21.3,33.9,0.0,0.54,0.72,0.03,0.18,0.962,15.5034,1
1808.0,293.0,38,69.3,165.0679,16.1,85.8,0.0,0.34,0.68,0.05,0.26,0.9607,13.0369,0
1922.0,-119.0,76,47.4,125.5652,38.9,34.4,60.7,0.53,0.86,0.05,0.16,0.9384,10.5592,0
2041.0,119.0,76,34.5,124.4309,62.2,18.9,40.4,0.59,0.83,0.03,0.11,0.9382,11.433,1
1383.0,24.0,24,78.5,200.5182,28.2,114.4,0.0,0.33,0.54,0.04,0.29,0.9671,14.6922,0
1359.0,-24.0,24,13.0,17.3994,16.2,11.1,0.0,0.58,0.92,0.0,0.04,0.9571,14.8297,1
1939.0,-346.0,45,27.2,60.3226,23.7,31.0,11.8,0.71,0.82,0.04,0.07,0.9714,15.2329,1
2285.0,346.0,44,59.2,175.0453,9.0,33.6,303.0,0.55,0.8,0.11,0.02,0.9428,13.8686,1
1943.0,-146.0,41,14.8,31.7358,24.9,11.9,0.0,0.61,0.78,0.0,0.07,0.962,14.487,1
2089.0,146.0,41,12.3,26.0106,12.1,13.1,0.0,0.49,0.78,0.0,0.1,0.8305,12.0089,1
1297.0,40.0,24,113.0,226.3584,80.3,136.4,0.0,0.62,0.75,0.21,0.12,0.9633,15.4752,0
1257.0,-40.0,24,72.8,106.3932,81.8,67.3,0.0,0.42,0.62,0.17,0.25,0.9611,15.5181,0
1901.0,-9.0,63,40.4,126.5658,20.7,28.4,64.7,0.48,0.73,0.02,0.16,0.8939,10.9203,0
1910.0,9.0,63,15.0,30.5614,8.1,13.2,19.9,0.63,0.9,0.0,0.1,0.9521,12.8951,1
1935.0,-27.0,26,17.2,30.1566,28.0,10.4,0.0,0.65,0.77,0.0,0.12,0.9544,14.3086,1
1962.0,27.0,25,79.7,205.017,17.4,114.8,0.0,0.36,0.64,0.08,0.2,0.9706,15.7393,0
1741.0,-7.0,50,64.1,144.5488,58.1,47.8,119.2,0.3,0.6,0.02,0.34,0.973,14.4517,0
1748.0,7.0,50,33.6,48.709,51.0,34.4,17.3,0.46,0.74,0.02,0.2,0.9654,14.4661,1
1986.0,16.0,38,26.8,25.3062,33.0,24.5,0.0,0.26,0.68,0.0,0.26,0.9562,13.2085,0
1970.0,-16.0,37,24.2,25.1809,22.3,24.9,0.0,0.3,0.59,0.0,0.3,0.9519,14.3722,0
1789.0,-148.0,27,93.7,213.7061,9.9,142.9,0.0,0.33,0.59,0.11,0.15,0.9188,14.0415,0
1937.0,148.0,27,42.0,118.5728,7.7,59.1,0.0,0.52,0.78,0.07,0.04,0.9618,15.8229,1
2004.0,22.0,46,77.2,87.9749,58.2,82.3,83.3,0.3,0.67,0.13,0.3,0.9635,12.4392,0
1982.0,-22.0,46,76.1,120.3023,54.9,83.1,73.0,0.41,0.65,0.09,0.33,0.9683,15.0846,0
1947.0,-6.0,42,86.4,177.0082,52.3,70.2,500.0,0.33,0.69,0.17,0.17,0.9697,14.5372,0
1953.0,6.0,42,55.0,61.0384,58.1,59.3,2.7,0.33,0.52,0.02,0.38,0.9633,14.4394,0
1450.0,241.0,34,21.6,31.4008,24.6,20.3,0.0,0.5,0.79,0.0,0.18,0.9618,15.1238,1
1209.0,-241.0,33,65.7,173.5689,36.4,76.7,0.0,0.42,0.67,0.03,0.21,0.96,14.8776,1
1805.0,48.0,37,88.1,235.282,14.7,115.3,0.0,0.49,0.76,0.11,0.08,0.9421,12.2091,0
1757.0,-48.0,37,45.8,164.6824,23.9,52.9,0.0,0.57,0.81,0.03,0.14,0.9609,15.6027,1
1840.0,40.0,50,73.0,150.5285,24.1,104.0,29.0,0.34,0.74,0.12,0.18,0.874,13.2378,0
1800.0,-40.0,50,55.8,145.3121,11.6,89.4,0.4,0.46,0.7,0.06,0.14,0.9731,13.5831,0
2212.0,299.0,34,16.3,28.805,27.0,11.8,0.0,0.68,0.82,0.0,0.09,0.9664,14.9577,1
1913.0,-299.0,33,70.2,202.9906,28.3,85.9,0.0,0.61,0.79,0.09,0.12,0.9272,13.3808,1
1978.0,-2.0,47,25.2,38.9232,30.3,28.2,5.0,0.55,0.72,0.0,0.15,0.9661,14.6286,0
1980.0,2.0,46,58.3,155.3686,17.9,49.2,149.1,0.39,0.74,0.07,0.13,0.9129,12.7637,0
1921.0,-5.0,25,117.1,233.8373,35.0,171.9,0.0,0.28,0.52,0.08,0.36,0.9248,14.2229,0
1926.0,5.0,25,50.7,134.941,20.4,67.7,0.0,0.48,0.68,0.04,0.16,0.9695,15.7083,1
1943.0,28.0,21,92.7,240.73,12.2,165.8,0.0,0.24,0.71,0.1,0.05,0.9492,14.0154,0
1915.0,-28.0,21,13.3,31.7854,27.3,2.8,0.0,0.67,0.9,0.0,0.1,0.952,15.2768,1
1691.0,-14.0,30,104.7,199.8636,61.6,126.3,0.0,0.4,0.87,0.17,0.2,0.9062,10.3216,0
1705.0,14.0,30,32.6,76.3588,73.7,15.0,0.0,0.63,0.87,0.03,0.13,0.9652,14.8841,1
1778.0,65.0,60,68.5,190.6123,45.8,117.5,6.2,0.37,0.63,0.07,0.1,0.9529,13.3372,0
1713.0,-65.0,59,70.1,196.9172,26.6,79.1,76.3,0.41,0.66,0.08,0.15,0.9574,12.0621,1
1480.0,32.0,28,29.5,62.9235,28.5,30.1,0.0,0.54,0.75,0.04,0.14,0.9633,14.9195,1
1448.0,-32.0,27,67.1,191.781,24.1,88.6,0.0,0.41,0.78,0.07,0.19,0.9537,14.9563,0
1726.0,-214.0,43,17.7,33.5688,37.3,13.0,0.0,0.44,0.74,0.0,0.07,0.9303,14.7542,0
1940.0,214.0,42,61.1,163.478,52.3,69.8,0.0,0.33,0.62,0.07,0.14,0.9228,11.0952,0
1267.0,-41.0,19,96.6,227.7326,31.0,169.6,0.0,0.32,0.58,0.11,0.26,0.9574,13.335,0
1308.0,41.0,19,7.2,9.8126,9.3,5.3,0.0,0.68,0.95,0.0,0.0,0.9554,15.3777,1
1729.0,-28.0,37,125.2,283.4796,28.9,160.9,0.0,0.43,0.73,0.16,0.05,0.9651,15.5823,1
1757.0,28.0,36,159.9,303.6781,23.7,205.3,0.0,0.22,0.67,0.19,0.14,0.9296,13.0417,0
1995.0,21.0,27,65.6,196.2021,31.2,85.8,0.0,0.33,0.63,0.07,0.11,0.8884,14.159,1
1974.0,-21.0,27,21.5,29.1143,12.4,26.1,0.0,0.41,0.67,0.0,0.15,0.9653,15.5901,0
1214.0,-26.0,33,64.5,182.1909,71.7,61.3,0.0,0.42,0.7,0.09,0.12,0.9646,15.6832,1
1240.0,26.0,32,102.4,199.6125,45.6,124.7,0.0,0.28,0.59,0.19,0.19,0.96,12.3332,0
1889.0,-2.0,31,29.2,58.4747,23.7,31.8,0.0,0.68,0.77,0.03,0.16,0.96,15.6085,1
1891.0,2.0,30,82.0,189.4998,36.1,101.7,0.0,0.37,0.67,0.1,0.2,0.8225,9.9946,0
1948.0,17.0,35,71.8,172.0645,20.5,92.4,0.0,0.34,0.63,0.06,0.23,0.9673,15.4298,0
1931.0,-17.0,35,36.1,69.8878,10.0,45.2,0.0,0.63,0.83,0.06,0.14,0.9687,15.0651,1
1656.0,-137.0,28,108.2,211.0947,28.5,152.4,0.0,0.32,0.68,0.14,0.29,0.9542,13.8818,0
1793.0,137.0,28,41.0,63.3342,36.7,43.0,0.0,0.5,0.82,0.04,0.25,0.961,16.0578,0
1744.0,72.0,45,26.0,39.1225,13.4,34.5,0.2,0.42,0.73,0.0,0.18,0.8948,11.8833,0
1672.0,-72.0,45,8.5,12.8764,16.0,7.9,0.2,0.58,0.91,0.0,0.0,0.9598,14.4645,1
1942.0,40.0,49,35.7,62.689,16.5,41.2,38.9,0.49,0.67,0.06,0.16,0.9065,11.7661,0
1902.0,-40.0,49,12.3,19.4337,18.1,10.5,12.3,0.63,0.78,0.0,0.06,0.9599,15.3505,1
1124.0,-627.0,34,69.3,172.7256,52.2,76.4,0.0,0.38,0.68,0.06,0.32,0.9405,12.8782,0
1751.0,627.0,34,18.1,29.6897,13.2,19.8,0.0,0.68,0.91,0.0,0.06,0.9641,15.1759,1
1420.0,-48.0,29,65.5,185.7994,21.7,88.5,0.0,0.48,0.66,0.03,0.17,0.9517,14.3219,0
1468.0,48.0,29,13.9,26.7285,24.7,9.0,0.0,0.55,0.86,0.0,0.1,0.9331,13.6283,1
1685.0,-30.0,47,40.3,53.8953,16.7,36.6,90.0,0.3,0.74,0.04,0.19,0.9029,12.4839,0
1715.0,30.0,47,13.8,39.2611,47.2,6.4,3.9,0.64,0.89,0.02,0.06,0.9525,13.0163,1
1922.0,6.0,35,89.3,234.3913,42.2,108.1,0.0,0.37,0.63,0.09,0.14,0.8652,12.0805,0
1916.0,-6.0,35,39.3,168.2684,7.9,50.2,0.0,0.6,0.97,0.03,0.09,0.9735,15.1698,1
1451.0,-112.0,51,62.2,193.7507,27.8,25.6,193.2,0.33,0.53,0.04,0.16,0.9543,14.7203,0
1563.0,112.0,50,116.8,274.9953,16.4,51.3,377.5,0.2,0.58,0.12,0.14,0.8855,12.0433,0
1699.0,11.0,54,73.3,171.7677,19.7,37.5,188.3,0.44,0.67,0.09,0.15,0.9414,13.1929,0
1688.0,-11.0,54,38.3,82.1187,13.2,50.4,29.0,0.46,0.74,0.06,0.15,0.976,13.2276,1
1618.0,12.0,26,86.4,196.9796,23.2,125.9,0.0,0.31,0.65,0.08,0.31,0.9298,13.9224,0
1606.0,-12.0,26,19.5,42.1713,19.8,19.4,0.0,0.65,0.85,0.0,0.15,0.9251,15.435,1
1719.0,-56.0,30,37.2,80.2084,31.4,40.0,0.0,0.43,0.87,0.03,0.13,0.9694,15.669,1
1775.0,56.0,29,83.6,199.1447,31.1,107.2,0.0,0.34,0.72,0.1,0.14,0.9278,14.432,0
1728.0,7.0,24,27.8,56.1499,58.0,6.1,0.0,0.71,0.83,0.04,0.17,0.9468,14.7307,1
1721.0,-7.0,23,102.7,206.5723,64.4,127.3,0.0,0.22,0.52,0.09,0.43,0.9488,13.3933,0
1830.0,-8.0,30,28.2,58.5034,20.5,32.0,0.0,0.57,0.87,0.03,0.13,0.9657,15.3485,0
1838.0,8.0,29,27.0,74.2099,5.3,36.7,0.0,0.62,0.86,0.03,0.1,0.7954,9.4023,0
2004.0,16.0,40,77.2,163.1717,32.5,92.0,0.0,0.45,0.68,0.05,0.35,0.9352,13.8854,1
1988.0,-16.0,40,28.2,44.7155,45.3,24.1,0.0,0.5,0.85,0.0,0.2,0.9579,13.9198,1
1623.0,-6.0,33,116.1,237.6476,47.5,145.9,0.0,0.18,0.52,0.15,0.27,0.9575,14.2033,0
1629.0,6.0,33,61.1,177.6584,17.4,77.4,0.0,0.55,0.82,0.06,0.12,0.9686,16.0693,1
1527.0,6.0,47,114.6,244.6978,49.3,163.2,0.0,0.49,0.74,0.17,0.13,0.8566,13.1815,0
1521.0,-6.0,46,116.5,220.8785,67.7,158.3,0.0,0.46,0.72,0.2,0.22,0.9679,14.0634,0
1797.0,5.0,33,25.3,49.675,3.7,34.7,0.0,0.64,0.79,0.0,0.12,0.9489,15.2315,1
1792.0,-5.0,32,100.9,260.2613,15.9,134.1,0.0,0.56,0.75,0.12,0.06,0.874,12.939,0
1768.0,-1.0,75,59.4,171.3307,9.4,35.3,94.4,0.44,0.67,0.09,0.11,0.9345,12.0464,0
1769.0,1.0,75,34.3,122.3953,21.6,21.0,48.6,0.44,0.69,0.03,0.12,0.9647,14.2868,1
1402.0,3.0,57,34.6,135.0421,6.6,54.4,16.2,0.37,0.65,0.02,0.09,0.9687,14.9774,1
1399.0,-3.0,56,63.3,194.2741,6.6,65.5,89.5,0.36,0.73,0.07,0.09,0.8876,10.1516,0
1652.0,-6.0,66,48.4,131.0273,47.6,45.0,52.7,0.36,0.68,0.05,0.15,0.924,10.2749,0
1658.0,6.0,66,54.2,175.3238,53.2,24.0,88.0,0.55,0.83,0.05,0.15,0.9489,13.2858,1
1346.0,19.0,49,107.0,262.513,16.4,64.4,349.9,0.47,0.67,0.12,0.2,0.9217,12.5097,0
1327.0,-19.0,49,96.7,241.3522,20.1,83.1,206.4,0.35,0.59,0.1,0.12,0.9396,14.4097,0
1750.0,-93.0,52,83.0,232.2639,38.7,59.9,177.4,0.44,0.77,0.06,0.15,0.9693,14.4626,0
1843.0,93.0,51,77.1,202.2009,99.3,66.2,87.8,0.33,0.65,0.08,0.2,0.9623,10.2151,0
1785.0,-12.0,51,53.7,142.9413,41.0,42.0,97.1,0.43,0.75,0.02,0.25,0.8809,11.9269,0
1797.0,12.0,51,13.0,23.5835,28.3,13.5,0.2,0.63,0.82,0.0,0.1,0.9657,14.9764,1
1404.0,19.0,29,38.3,86.7072,39.0,37.9,0.0,0.69,0.83,0.03,0.21,0.963,15.1877,0
1385.0,-19.0,28,102.4,207.0216,21.4,140.8,0.0,0.36,0.5,0.11,0.36,0.9196,12.9519,0
1997.0,-26.0,45,65.2,155.9494,14.8,43.4,296.6,0.29,0.71,0.04,0.27,0.9393,10.9337,0
2023.0,26.0,45,9.8,17.2375,14.4,8.4,9.8,0.64,0.84,0.0,0.07,0.9569,15.0721,1
1832.0,81.0,12,127.9,278.6071,46.5,535.0,0.0,0.25,0.25,0.08,0.33,0.9566,15.0668,0
1751.0,-81.0,12,22.0,35.4067,15.7,41.0,0.0,0.33,0.67,0.0,0.08,0.9576,15.3952,1
1526.0,6.0,58,84.5,190.0098,45.7,44.7,172.4,0.33,0.64,0.1,0.17,0.9495,11.3803,0
1520.0,-6.0,58,46.7,142.4788,43.6,21.5,88.1,0.53,0.76,0.05,0.14,0.9503,14.024,1
1747.0,13.0,41,21.5,39.2824,14.2,24.6,0.0,0.56,0.83,0.02,0.05,0.9684,15.3026,1
1734.0,-13.0,40,84.7,221.1748,14.6,108.5,0.0,0.23,0.68,0.1,0.15,0.9421,13.4438,0
1966.0,41.0,56,55.2,157.3185,15.5,59.0,72.8,0.45,0.71,0.07,0.16,0.9621,14.2358,0
1925.0,-41.0,55,85.9,229.296,12.6,67.6,161.4,0.44,0.64,0.07,0.18,0.9118,13.0785,0
1456.0,-12.0,27,20.6,29.6625,15.9,23.4,0.0,0.44,0.81,0.0,0.15,0.9611,14.8246,1
1468.0,12.0,26,83.9,219.1049,27.2,113.9,0.0,0.27,0.54,0.08,0.19,0.9187,13.7334,0
1790.0,-19.0,22,84.5,214.289,29.9,129.9,0.0,0.41,0.59,0.09,0.18,0.9201,14.2022,0
1809.0,19.0,22,15.3,18.6833,28.2,6.3,0.0,0.45,0.73,0.0,0.09,0.9642,15.618,1
1665.0,-50.0,28,102.1,130.2046,77.1,116.1,0.0,0.36,0.64,0.21,0.21,0.963,15.4759,0
1715.0,50.0,27,104.0,134.3378,116.9,97.5,0.0,0.48,0.67,0.22,0.3,0.9618,15.5219,0
1979.0,59.0,26,24.3,29.3516,23.2,25.1,0.0,0.5,0.69,0.0,0.15,0.956,16.1131,1
1920.0,-59.0,25,97.1,204.035,81.3,106.0,0.0,0.52,0.68,0.16,0.24,0.8128,9.0009,0
1801.0,-19.0,30,65.0,180.4597,34.9,80.0,0.0,0.3,0.63,0.03,0.2,0.9648,14.4037,0
1820.0,19.0,30,26.6,36.9898,29.1,25.5,0.0,0.27,0.57,0.0,0.13,0.9599,14.6581,0
1832.0,24.0,45,96.2,197.1882,28.7,100.0,208.8,0.36,0.58,0.13,0.18,0.9698,13.7613,1
1808.0,-24.0,45,61.1,110.1295,29.7,81.3,7.2,0.47,0.67,0.07,0.22,0.9662,14.4425,0
1967.0,-108.0,37,16.2,29.5461,14.1,16.9,0.0,0.57,0.7,0.0,0.11,0.967,14.577,1
2075.0,108.0,36,42.0,80.488,11.3,52.3,0.0,0.39,0.61,0.03,0.22,0.9058,13.3838,0
1342.0,-31.0,61,83.9,183.4255,20.5,72.9,129.8,0.44,0.69,0.07,0.23,0.9431,12.6703,0
1373.0,31.0,61,36.0,68.144,24.4,49.1,23.0,0.54,0.82,0.08,0.08,0.9521,13.5078,1
1284.0,-8.0,46,68.0,123.0841,26.9,81.6,69.0,0.37,0.8,0.09,0.24,0.8916,11.8489,0
1292.0,8.0,46,78.0,227.9306,36.0,41.9,286.6,0.61,0.78,0.07,0.11,0.948,13.8747,1
1975.0,50.0,45,97.3,181.516,48.1,63.1,400.4,0.42,0.71,0.13,0.2,0.9584,13.7171,1
1925.0,-50.0,44,87.6,181.0273,53.4,64.9,285.4,0.36,0.68,0.11,0.16,0.9607,12.9167,0
1931.0,32.0,31,70.7,191.7243,10.7,99.3,0.0,0.39,0.68,0.1,0.06,0.9612,14.0523,0
1899.0,-32.0,31,20.6,59.9909,12.1,24.1,0.0,0.68,0.87,0.03,0.0,0.9569,14.8264,1
1925.0,12.0,64,74.2,160.1438,22.9,60.5,112.8,0.38,0.73,0.12,0.19,0.941,12.5835,0
1913.0,-12.0,64,45.6,71.8138,42.0,58.7,31.2,0.5,0.66,0.06,0.22,0.9561,12.5267,1
1402.0,-6.0,15,97.5,255.1548,146.3,0.0,0.0,0.67,0.87,0.07,0.27,0.9551,15.8933,1
1408.0,6.0,14,226.4,344.6793,231.3,217.4,0.0,0.36,0.5,0.36,0.14,0.8289,9.3506,0
1475.0,40.0,19,95.8,242.4412,52.5,143.9,0.0,0.42,0.63,0.11,0.11,0.8538,13.1513,1
1435.0,-40.0,19,53.0,144.7784,108.3,3.2,0.0,0.68,0.89,0.11,0.0,0.9604,14.8224,0
1963.0,353.0,64,29.5,49.018,21.3,31.6,30.5,0.47,0.78,0.02,0.11,0.911,11.8343,0
1610.0,-353.0,64,28.1,126.4716,21.6,14.3,47.1,0.58,0.81,0.02,0.06,0.9555,13.0643,1
1776.0,13.0,36,20.2,34.132,50.5,8.6,0.0,0.44,0.75,0.0,0.14,0.9543,13.72,0
1763.0,-13.0,35,20.5,32.987,28.1,17.9,0.0,0.51,0.83,0.0,0.17,0.9348,12.9989,1
1791.0,71.0,43,59.4,211.9751,28.8,75.2,4.3,0.65,0.84,0.05,0.09,0.9658,14.2614,1
1720.0,-71.0,42,105.6,259.7305,15.8,109.7,334.3,0.55,0.76,0.12,0.1,0.9499,13.3762,0
1816.0,2.0,54,29.0,56.0673,21.9,33.0,25.3,0.52,0.81,0.04,0.11,0.976,15.0295,1
1814.0,-2.0,53,39.8,75.6255,16.7,36.4,61.8,0.4,0.74,0.06,0.19,0.929,11.9254,0
1404.0,-256.0,35,105.2,231.7198,37.5,132.3,0.0,0.37,0.66,0.09,0.37,0.9006,12.582,0
1660.0,256.0,35,64.3,168.3255,37.6,73.6,0.0,0.43,0.69,0.03,0.26,0.9463,14.3797,1
1781.0,2.0,32,59.7,175.6516,27.7,74.3,0.0,0.31,0.66,0.03,0.16,0.9661,13.5998,0
1779.0,-2.0,32,13.1,20.3254,13.3,13.0,0.0,0.66,0.94,0.0,0.06,0.9685,15.527,1
1572.0,-11.0,20,101.9,151.8895,43.0,160.8,0.0,0.4,0.6,0.2,0.2,0.8595,12.8379,0
1583.0,11.0,20,37.3,75.5089,29.8,43.5,0.0,0.45,0.85,0.05,0.15,0.9572,15.4327,1
1500.0,-107.0,25,43.0,71.9424,61.1,31.0,0.0,0.4,0.8,0.04,0.2,0.9587,14.1495,1
1607.0,107.0,24,112.5,204.1189,70.2,137.9,0.0,0.17,0.42,0.17,0.33,0.9575,14.0254,0
1830.0,-6.0,29,41.0,84.5872,35.2,44.1,0.0,0.66,0.79,0.03,0.17,0.9576,14.543,1
1836.0,6.0,28,108.8,211.0768,31.6,145.4,0.0,0.36,0.61,0.18,0.21,0.9528,14.4731,0
1670.0,3.0,43,11.0,21.7923,11.4,11.9,0.0,0.63,0.91,0.0,0.07,0.9577,14.4013,1
1667.0,-3.0,42,55.8,155.5586,11.9,74.5,0.7,0.31,0.74,0.02,0.21,0.9371,12.9456,0
1587.0,-211.0,35,56.4,99.0354,28.6,67.5,0.0,0.34,0.71,0.11,0.23,0.9063,11.8903,0
1798.0,211.0,35,30.9,94.9384,9.2,38.5,0.0,0.71,0.89,0.03,0.06,0.9636,15.9626,1
1703.0,-7.0,80,44.8,119.5176,44.6,36.7,51.0,0.46,0.75,0.03,0.21,0.9775,12.4295,0
1710.0,7.0,79,49.6,138.3317,102.3,22.0,58.5,0.53,0.82,0.08,0.08,0.9473,11.2479,1
1576.0,9.0,59,51.5,137.6465,48.7,29.3,88.1,0.42,0.64,0.05,0.17,0.886,11.1407,0
1567.0,-9.0,59,33.6,134.2478,42.9,14.8,57.6,0.66,0.9,0.03,0.1,0.9633,13.8818,1
1613.0,0.0,55,38.9,49.7871,22.1,37.6,52.9,0.4,0.64,0.02,0.27,0.962,14.4692,0
1613.0,0.0,54,55.2,149.6816,12.9,36.8,117.5,0.39,0.78,0.07,0.11,0.967,13.6014,1
2008.0,149.0,17,19.7,20.847,27.2,9.0,0.0,0.41,0.65,0.0,0.12,0.9528,15.1907,1
1859.0,-149.0,16,109.1,258.1549,22.0,221.0,0.0,0.25,0.38,0.12,0.12,0.9515,15.0285,0
1390.0,22.0,35,21.7,22.7399,14.1,24.7,0.0,0.4,0.63,0.0,0.14,0.9571,15.1053,0
1368.0,-22.0,34,48.7,112.9223,14.0,61.2,0.0,0.47,0.68,0.06,0.15,0.9292,12.2427,1
1491.0,-60.0,55,56.2,147.7388,47.4,46.6,81.3,0.42,0.71,0.05,0.2,0.9553,14.3674,1
1551.0,60.0,54,52.6,73.6338,49.6,61.0,37.7,0.3,0.57,0.06,0.24,0.919,11.6402,0
1967.0,-346.0,47,74.3,202.1309,33.5,34.6,302.7,0.4,0.68,0.06,0.21,0.9649,13.0487,0
2313.0,346.0,47,10.7,22.625,20.4,8.7,7.6,0.79,0.94,0.0,0.06,0.9627,15.028,1
1860.0,-39.0,54,69.8,203.355,21.9,41.7,164.0,0.43,0.72,0.06,0.13,0.9355,11.6019,1
1899.0,39.0,54,35.0,141.2924,1.1,20.5,84.5,0.63,0.78,0.04,0.06,0.9747,15.0507,1
1246.0,-13.0,33,142.0,239.0586,95.1,162.4,0.0,0.45,0.67,0.27,0.09,0.9292,15.0907,1
1259.0,13.0,32,188.8,281.6548,112.2,218.7,0.0,0.44,0.62,0.28,0.16,0.8136,10.834,0
1856.0,24.0,57,44.3,96.3893,55.5,35.6,53.2,0.47,0.67,0.07,0.09,0.9231,12.9356,1
1832.0,-24.0,57,22.5,48.9807,71.1,14.9,10.9,0.6,0.82,0.04,0.09,0.9518,13.6108,1
1516.0,16.0,21,69.4,106.9348,75.0,64.4,0.0,0.33,0.71,0.14,0.19,0.9649,14.8395,0
1500.0,-16.0,20,109.0,239.3254,39.4,165.9,0.0,0.4,0.65,0.15,0.1,0.9586,15.5308,1
1069.0,-76.0,12,15.2,20.1004,18.3,0.0,0.0,0.67,0.92,0.0,0.08,0.9545,14.3376,0
1145.0,76.0,11,135.0,295.2741,29.2,611.0,0.0,0.45,0.64,0.18,0.18,0.9235,12.9414,1
1603.0,2.0,59,27.4,46.0726,11.2,29.4,32.7,0.41,0.73,0.02,0.15,0.8496,10.3089,0
1601.0,-2.0,59,16.1,49.587,15.3,8.9,27.2,0.66,0.97,0.02,0.03,0.9265,12.7872,1
1590.0,-60.0,36,37.8,66.2236,86.5,19.0,0.0,0.44,0.69,0.03,0.22,0.9416,14.8307,0
1650.0,60.0,35,75.7,192.8304,103.1,66.2,0.0,0.46,0.69,0.11,0.06,0.9534,14.4754,1
1563.0,16.0,34,16.2,22.2408,20.9,14.2,0.0,0.59,0.82,0.0,0.15,0.9672,12.7491,0
1547.0,-16.0,33,14.5,25.6894,12.9,15.1,0.0,0.55,0.85,0.0,0.09,0.9693,15.7546,1
1627.0,35.0,32,66.5,175.3158,26.8,84.6,0.0,0.34,0.62,0.06,0.34,0.9289,14.3926,0
1592.0,-35.0,32,18.6,29.0416,28.7,14.6,0.0,0.47,0.75,0.0,0.12,0.9571,14.6453,1
2008.0,28.0,47,44.9,147.128,19.1,29.2,149.0,0.3,0.64,0.02,0.17,0.9637,12.9099,0
1980.0,-28.0,47,7.6,15.6781,4.9,10.4,0.2,0.66,0.87,0.0,0.04,0.9638,14.6162,1
1961.0,22.0,42,58.8,153.8247,23.9,40.2,511.0,0.31,0.62,0.02,0.29,0.9635,12.7842,0
1939.0,-22.0,42,22.8,31.6327,23.9,23.4,13.3,0.55,0.83,0.0,0.14,0.9594,14.2582,1
1916.0,-15.0,29,64.5,183.2829,21.0,87.4,0.0,0.38,0.59,0.03,0.17,0.9623,15.4184,0
1931.0,15.0,29,12.3,18.0081,9.7,13.5,0.0,0.62,0.93,0.0,0.07,0.9592,15.3911,1
1966.0,-2.0,36,41.0,78.1709,20.1,49.0,0.0,0.28,0.58,0.03,0.19,0.9608,14.8673,0
1968.0,2.0,36,20.4,24.4638,29.3,17.4,0.0,0.47,0.81,0.0,0.11,0.9508,14.4381,1
1946.0,19.0,48,38.9,145.1926,11.7,24.9,125.5,0.5,0.75,0.02,0.1,0.9465,14.5409,1
1927.0,-19.0,47,56.1,150.0315,17.7,48.7,127.1,0.38,0.77,0.06,0.15,0.9053,10.4344,0
1987.0,-92.0,41,61.3,161.6602,7.9,81.2,0.0,0.37,0.61,0.07,0.15,0.9393,14.0654,0
2079.0,92.0,41,21.3,40.4459,43.4,16.1,0.0,0.61,0.8,0.02,0.07,0.9478,14.0916,1
1897.0,-141.0,39,77.2,170.5662,111.1,65.5,0.0,0.33,0.49,0.08,0.28,0.8953,11.382,0
2038.0,141.0,39,25.3,32.4441,31.2,23.5,0.0,0.38,0.67,0.0,0.21,0.9627,15.1593,0
1209.0,56.0,32,27.1,73.5575,19.2,30.6,0.0,0.62,0.88,0.03,0.06,0.9732,14.3998,1
1153.0,-56.0,31,71.6,189.3759,14.6,95.0,0.0,0.39,0.68,0.06,0.19,0.9691,14.4675,1
1877.0,43.0,37,151.2,291.4148,13.2,202.3,0.0,0.32,0.62,0.19,0.16,0.9654,15.3759,0
1834.0,-43.0,37,177.5,323.2799,6.9,232.3,0.0,0.49,0.86,0.22,0.14,0.8672,12.8527,0
1845.0,-4.0,56,102.2,189.9426,39.2,78.7,185.6,0.32,0.66,0.11,0.27,0.9272,13.7912,1
1849.0,4.0,56,68.7,130.5362,35.8,83.7,59.8,0.41,0.77,0.07,0.27,0.9484,13.3404,0
1849.0,-57.0,15,40.8,51.0185,47.1,28.2,0.0,0.33,0.73,0.0,0.27,0.9567,15.0918,1
1906.0,57.0,14,131.1,275.5796,44.0,288.0,0.0,0.36,0.64,0.21,0.07,0.9545,14.7684,1
1493.0,57.0,31,9.8,14.5084,19.8,5.0,0.0,0.52,0.77,0.0,0.0,0.9632,14.9637,1
1436.0,-57.0,30,64.7,187.9542,14.3,86.3,0.0,0.33,0.53,0.1,0.03,0.9657,15.8792,0
1500.0,-141.0,33,110.1,241.7735,48.1,137.0,0.0,0.3,0.58,0.09,0.27,0.9493,14.3303,0
1641.0,141.0,33,61.9,180.6412,61.6,62.0,0.0,0.67,0.91,0.06,0.15,0.9643,11.8995,1
1807.0,-44.0,46,69.1,203.1479,16.4,61.7,193.8,0.24,0.8,0.04,0.22,0.9634,14.3772,1
1851.0,44.0,46,48.6,148.5908,24.6,64.2,12.7,0.37,0.65,0.02,0.22,0.9696,15.0693,0
2091.0,192.0,23,68.9,206.8583,33.9,95.8,0.0,0.52,0.87,0.04,0.17,0.9161,14.3333,0
1899.0,-192.0,23,20.8,35.674,35.6,11.3,0.0,0.57,0.78,0.0,0.13,0.966,14.4421,1
1698.0,-165.0,46,31.1,42.9754,45.2,23.5,45.5,0.43,0.87,0.02,0.17,0.9266,12.9948,1
1863.0,165.0,45,63.0,156.7274,48.4,29.0,255.0,0.31,0.69,0.07,0.27,0.96,13.5971,0
1892.0,10.0,30,24.9,38.4436,50.2,12.2,0.0,0.6,0.7,0.0,0.2,0.888,13.8526,1
1882.0,-10.0,29,85.9,181.549,70.6,92.8,0.0,0.21,0.45,0.03,0.48,0.9428,12.9777,0
1829.0,-1.0,45,33.3,51.4521,13.2,42.3,19.6,0.4,0.67,0.04,0.18,0.8673,12.8802,0
1830.0,1.0,45,29.1,148.4063,6.2,8.4,166.7,0.62,0.93,0.02,0.0,0.9668,14.8493,1
1640.0,103.0,36,35.3,61.8711,66.2,23.4,0.0,0.42,0.78,0.06,0.11,0.9635,15.6289,0
1537.0,-103.0,35,93.9,185.5019,103.8,90.5,0.0,0.26,0.46,0.14,0.23,0.9563,13.4853,0
1917.0,-6.0,34,67.1,170.1713,27.8,83.5,0.0,0.26,0.44,0.03,0.24,0.9597,15.1639,0
1923.0,6.0,34,22.3,39.7991,31.1,19.1,0.0,0.56,0.82,0.0,0.18,0.9643,15.3191,1
1503.0,8.0,35,49.3,86.0853,29.2,57.3,0.0,0.34,0.54,0.09,0.2,0.8887,12.5046,0
1495.0,-8.0,35,10.5,21.6664,24.8,5.5,0.0,0.69,0.83,0.0,0.11,0.9601,15.2343,1
1786.0,45.0,28,71.2,206.1214,15.7,102.1,0.0,0.39,0.82,0.07,0.11,0.9612,15.3955,1
1741.0,-45.0,28,42.9,100.3874,20.4,53.6,0.0,0.32,0.64,0.04,0.14,0.9576,14.0804,0
1541.0,-38.0,37,85.6,226.2967,10.0,113.6,0.0,0.41,0.68,0.05,0.27,0.9318,14.3407,0
1579.0,38.0,37,44.6,166.3214,15.9,53.9,0.0,0.57,0.84,0.05,0.03,0.9593,14.6428,1
1370.0,76.0,45,50.1,107.7291,87.7,43.4,14.6,0.4,0.67,0.09,0.16,0.9469,11.6304,0
1294.0,-76.0,44,50.6,123.2187,72.6,49.9,15.8,0.32,0.66,0.05,0.18,0.959,12.6882,1
1715.0,11.0,24,77.2,201.3434,32.2,109.4,0.0,0.29,0.58,0.04,0.25,0.9176,13.5937,0
1704.0,-11.0,24,18.0,30.0529,13.0,20.9,0.0,0.62,0.83,0.0,0.12,0.9539,14.9785,1
1686.0,-141.0,35,71.9,173.8186,36.9,85.8,0.0,0.34,0.63,0.06,0.23,0.8772,13.2532,0
1827.0,141.0,35,27.2,54.6317,35.7,24.2,0.0,0.69,0.77,0.03,0.17,0.9646,14.6461,1
1706.0,-223.0,44,51.7,155.7919,22.5,33.3,262.5,0.45,0.77,0.05,0.16,0.9578,13.6065,1
1929.0,223.0,43,38.5,72.0008,43.8,41.4,5.5,0.26,0.49,0.02,0.23,0.9528,13.8376,0
1541.0,17.0,49,18.2,27.4185,25.5,18.2,10.2,0.49,0.73,0.0,0.08,0.9598,14.6728,1
1524.0,-17.0,48,53.7,149.6703,17.9,45.3,117.3,0.38,0.79,0.04,0.17,0.9249,10.2842,0
1498.0,-46.0,58,44.4,84.8067,37.7,44.7,47.6,0.53,0.74,0.07,0.16,0.9474,12.8626,1
1544.0,46.0,57,52.2,65.0601,26.1,58.5,54.6,0.32,0.67,0.05,0.33,0.9292,12.6334,0
1998.0,-14.0,42,46.0,84.9218,17.3,58.6,0.5,0.38,0.71,0.05,0.21,0.9225,14.0688,1
2012.0,14.0,42,24.6,49.0804,17.8,29.1,0.0,0.45,0.81,0.02,0.12,0.948,15.0555,1
1500.0,-174.0,43,14.4,25.5467,15.4,15.6,0.0,0.6,0.84,0.0,0.09,0.9603,14.4784,1
1674.0,174.0,43,11.6,22.8455,16.8,11.6,0.0,0.53,0.81,0.0,0.07,0.9451,12.3221,0
1318.0,-48.0,43,44.7,75.07,47.7,46.7,14.3,0.53,0.65,0.05,0.26,0.9551,12.772,1
1366.0,48.0,42,42.1,79.0435,50.0,43.5,4.3,0.33,0.69,0.05,0.17,0.942,14.7542,0
1709.0,26.0,58,104.7,229.3524,43.1,71.3,194.6,0.34,0.76,0.1,0.31,0.9522,12.2463,1
1683.0,-26.0,58,29.7,55.9015,14.3,50.0,5.1,0.47,0.83,0.03,0.12,0.95,13.6167,0
1339.0,-12.0,52,16.6,24.9675,17.6,18.1,12.2,0.46,0.67,0.0,0.04,0.9548,13.958,1
1351.0,12.0,51,49.8,145.9961,9.2,39.4,106.2,0.33,0.67,0.04,0.18,0.945,12.6397,1
1683.0,58.0,68,22.5,50.5266,43.7,22.3,15.2,0.65,0.91,0.01,0.1,0.9518,13.417,1
1625.0,-58.0,67,47.9,133.5596,37.2,30.4,70.1,0.57,0.75,0.06,0.1,0.9657,13.3613,1
1576.0,104.0,44,58.8,94.7107,67.7,63.7,0.0,0.36,0.61,0.07,0.23,0.9146,12.7962,1
1472.0,-104.0,44,45.3,157.9361,50.1,51.4,0.0,0.59,0.84,0.07,0.02,0.9567,15.2919,1
1707.0,37.0,71,17.5,33.1149,29.9,24.6,6.5,0.32,0.63,0.0,0.08,0.9744,13.3209,0
1670.0,-37.0,71,15.8,38.7791,53.6,20.4,0.8,0.42,0.79,0.0,0.1,0.9037,10.7022,1
1806.0,11.0,38,87.4,229.5825,18.7,111.9,0.0,0.29,0.58,0.11,0.13,0.9401,14.6647,0
1795.0,-11.0,38,45.7,163.626,9.3,57.0,0.0,0.55,0.79,0.03,0.11,0.9641,15.2118,1
1476.0,4.0,46,59.8,169.4126,12.5,87.6,0.2,0.43,0.72,0.07,0.11,0.8985,13.163,1
1472.0,-4.0,46,16.5,28.132,25.6,17.7,0.0,0.63,0.85,0.0,0.11,0.9675,14.0129,1
2032.0,333.0,66,47.4,119.5686,23.9,54.7,48.1,0.35,0.68,0.03,0.18,0.9657,13.0924,0
1699.0,-333.0,65,41.6,132.3758,41.0,29.8,55.3,0.38,0.62,0.03,0.11,0.9415,12.2789,0
1842.0,15.0,67,42.3,60.7383,34.9,45.7,41.2,0.4,0.79,0.03,0.25,0.9313,12.4621,0
1827.0,-15.0,67,61.9,183.5079,21.0,30.8,108.4,0.6,0.81,0.06,0.13,0.9712,13.0514,1
1937.0,-41.0,32,172.0,335.8172,24.5,239.0,0.0,0.34,0.69,0.16,0.19,0.8459,13.1197,0
1978.0,41.0,32,154.6,328.4176,14.0,209.6,0.0,0.38,0.75,0.12,0.28,0.9667,15.905,0
1966.0,46.0,57,28.4,40.301,17.6,37.0,19.6,0.39,0.68,0.0,0.21,0.8993,10.5529,0
1920.0,-46.0,57,11.9,28.4102,25.1,14.2,1.6,0.6,0.84,0.0,0.07,0.9474,14.2569,1
1758.0,28.0,54,42.2,137.5999,8.5,36.2,79.1,0.31,0.67,0.02,0.15,0.9447,11.332,0
1730.0,-28.0,54,11.0,18.5457,7.9,11.7,11.6,0.65,0.8,0.0,0.04,0.9523,13.7724,1
1531.0,-14.0,39,128.5,258.2768,33.2,161.3,0.0,0.41,0.56,0.15,0.15,0.9556,14.9026,0
1545.0,14.0,39,144.6,266.0882,8.7,185.4,0.0,0.51,0.72,0.21,0.08,0.9668,12.649,1
1759.0,21.0,50,24.6,80.0309,18.5,34.0,2.4,0.72,0.86,0.04,0.04,0.9681,14.205,1
1738.0,-21.0,49,61.9,154.472,20.2,51.2,131.3,0.43,0.82,0.06,0.24,0.9055,12.3894,0
1672.0,8.0,68,40.1,62.7816,44.9,34.3,44.7,0.44,0.71,0.01,0.28,0.9675,12.7487,0
1664.0,-8.0,68,20.7,37.8416,80.1,8.2,15.1,0.6,0.85,0.01,0.12,0.9635,13.9337,1
1868.0,42.0,78,110.9,254.1596,24.0,74.5,162.6,0.37,0.76,0.13,0.13,0.9628,11.8958,1
1826.0,-42.0,78,80.7,193.3376,28.7,90.3,85.3,0.35,0.65,0.12,0.14,0.9667,13.5737,0
1827.0,-25.0,43,75.8,212.744,26.5,99.8,0.0,0.44,0.65,0.07,0.19,0.9271,12.6949,0
1852.0,25.0,43,69.6,210.248,32.8,89.9,0.0,0.58,0.74,0.05,0.23,0.9458,15.0917,0
2004.0,79.0,58,70.9,161.1761,17.2,87.1,73.8,0.31,0.59,0.09,0.21,0.9679,15.4514,0
1925.0,-79.0,57,71.3,169.5327,38.2,102.9,35.0,0.28,0.67,0.07,0.26,0.9212,11.5585,0
1917.0,28.0,44,66.8,207.131,28.4,88.5,0.0,0.45,0.66,0.07,0.09,0.9404,15.3229,0
1889.0,-28.0,43,136.3,293.6202,7.7,159.7,250.8,0.37,0.74,0.14,0.12,0.928,11.8085,0
1781.0,-43.0,46,48.4,151.1949,28.0,31.5,166.7,0.33,0.65,0.04,0.13,0.9307,11.5105,0
1824.0,43.0,46,12.2,17.7171,17.6,11.7,7.3,0.57,0.83,0.0,0.04,0.9565,14.5984,1
1188.0,35.0,51,26.9,49.3831,23.6,35.6,6.2,0.41,0.75,0.04,0.1,0.9471,12.2019,1
1153.0,-35.0,50,25.5,46.1463,13.0,37.4,3.3,0.32,0.66,0.02,0.12,0.9482,12.6953,1
1501.0,-21.0,36,58.4,168.8752,21.1,72.8,0.0,0.33,0.72,0.06,0.14,0.9659,14.445,0
1522.0,21.0,36,33.8,57.9902,15.0,40.0,0.0,0.44,0.67,0.03,0.17,0.9692,14.5467,0
1709.0,43.0,32,73.1,180.6393,37.4,89.3,0.0,0.34,0.72,0.06,0.25,0.8416,13.7938,0
1666.0,-43.0,32,35.8,66.6319,54.8,28.3,0.0,0.56,0.88,0.03,0.25,0.9565,14.7014,1
1588.0,-13.0,57,98.6,248.2736,35.8,22.3,270.4,0.56,0.74,0.11,0.11,0.9288,13.7695,0
1601.0,13.0,56,113.3,246.0192,31.6,30.7,302.4,0.57,0.79,0.11,0.25,0.955,11.1102,1
1915.0,-15.0,38,37.7,49.6761,11.6,47.1,0.0,0.45,0.71,0.03,0.16,0.9684,15.7048,0
1930.0,15.0,37,47.5,169.624,6.4,60.8,0.0,0.43,0.78,0.05,0.08,0.9564,14.6792,1
2024.0,86.0,86,52.8,144.3244,24.2,20.6,80.1,0.41,0.76,0.06,0.14,0.921,11.4137,1
1938.0,-86.0,86,28.7,69.5553,9.9,32.1,30.1,0.5,0.81,0.03,0.14,0.9326,12.1927,1
1656.0,36.0,54,61.0,143.7973,16.0,58.1,99.3,0.44,0.8,0.04,0.22,0.9583,12.716,0
1620.0,-36.0,54,54.2,150.6828,26.7,49.0,81.2,0.59,0.81,0.04,0.19,0.9489,12.8027,1
1811.0,46.0,45,26.2,41.4085,7.5,31.4,32.2,0.56,0.8,0.0,0.13,0.9642,14.8563,1
1765.0,-46.0,44,59.2,157.9865,40.7,27.8,280.6,0.36,0.64,0.05,0.16,0.9272,12.7054,0
1721.0,-5.0,44,57.5,154.4964,20.1,41.9,268.5,0.39,0.68,0.07,0.2,0.9609,13.9183,0
1726.0,5.0,44,27.1,37.3616,38.8,27.8,2.4,0.48,0.77,0.0,0.23,0.9614,15.3628,1
1629.0,77.0,62,21.1,30.4157,22.9,21.6,19.7,0.52,0.77,0.0,0.15,0.9538,13.0011,0
1552.0,-77.0,61,49.7,137.1505,23.2,28.3,89.8,0.3,0.69,0.07,0.13,0.9497,12.059,0
1256.0,-78.0,62,63.4,178.9314,5.8,76.0,72.4,0.44,0.69,0.05,0.19,0.9085,10.9163,0
1334.0,78.0,62,31.8,129.8078,23.4,56.0,3.4,0.52,0.82,0.02,0.1,0.9656,13.6733,1
1987.0,20.0,49,54.6,144.0624,32.5,34.4,146.1,0.49,0.76,0.02,0.22,0.9406,12.6639,1
1967.0,-20.0,49,15.8,31.1432,25.4,16.5,4.8,0.61,0.94,0.0,0.08,0.9668,15.3475,1
1565.0,124.0,22,16.1,28.8433,14.3,17.7,0.0,0.59,0.77,0.0,0.09,0.9669,15.8512,1
1441.0,-124.0,21,93.4,227.4787,10.9,155.3,0.0,0.33,0.76,0.14,0.1,0.9135,13.8462,0
1384.0,35.0,44,98.0,254.475,31.9,97.0,270.2,0.23,0.59,0.09,0.11,0.9614,14.1129,1
1349.0,-35.0,44,43.1,152.0967,39.0,48.4,18.8,0.59,0.77,0.02,0.11,0.9659,14.5881,1
2012.0,29.0,35,48.9,72.4926,20.0,60.5,0.0,0.23,0.6,0.06,0.17,0.9683,14.8814,0
1983.0,-29.0,35,16.7,31.0218,30.0,12.0,0.0,0.6,0.83,0.0,0.14,0.9621,14.6416,1
2004.0,29.0,29,51.6,74.6609,35.8,59.9,0.0,0.48,0.79,0.07,0.31,0.9628,14.6,0
1975.0,-29.0,28,72.4,192.6275,16.4,98.8,0.0,0.61,0.79,0.07,0.18,0.9628,13.2152,0
1533.0,0.0,64,48.6,111.9876,14.6,50.0,61.0,0.42,0.67,0.06,0.14,0.9134,12.876,1
1533.0,0.0,63,57.0,154.7799,36.7,31.1,97.0,0.43,0.76,0.08,0.08,0.8995,9.3535,0
1538.0,12.0,27,99.6,196.8555,60.9,122.3,0.0,0.26,0.44,0.11,0.33,0.9242,14.489,0
1526.0,-12.0,27,22.3,32.8961,23.4,21.8,0.0,0.48,0.85,0.0,0.19,0.9621,14.7089,1
1780.0,-8.0,43,36.1,45.2863,23.9,32.0,117.7,0.53,0.79,0.0,0.28,0.9682,13.0878,0
1788.0,8.0,42,35.1,46.0772,17.7,32.4,114.0,0.38,0.71,0.0,0.29,0.9649,15.2613,0
1647.0,4.0,27,49.2,71.6886,10.6,71.9,0.0,0.37,0.63,0.11,0.19,0.9619,15.559,0
1643.0,-4.0,26,66.8,195.5065,17.1,93.2,0.0,0.38,0.73,0.04,0.23,0.9616,14.4501,0
1868.0,2.0,51,30.4,54.2895,14.8,41.6,13.8,0.49,0.8,0.04,0.16,0.9667,15.4445,0
1866.0,-2.0,50,90.7,216.0996,10.4,50.7,265.5,0.38,0.82,0.14,0.1,0.9272,12.9851,1
1748.0,1.0,46,41.8,71.219,59.7,43.1,5.0,0.41,0.8,0.02,0.22,0.9654,13.9912,1
1747.0,-1.0,45,92.1,209.0349,48.2,86.5,186.3,0.29,0.56,0.09,0.31,0.9739,14.4328,0
1867.0,-4.0,64,35.0,125.8566,23.1,17.9,61.3,0.41,0.72,0.02,0.17,0.9552,14.3311,1
1871.0,4.0,63,40.6,129.2784,11.6,30.8,63.8,0.46,0.76,0.03,0.11,0.9435,11.5998,0
1900.0,-68.0,47,106.2,206.6496,36.2,73.2,347.9,0.45,0.74,0.17,0.11,0.8825,10.8494,0
1968.0,68.0,46,104.0,207.5909,16.2,71.6,355.9,0.37,0.76,0.2,0.11,0.9643,14.8263,1
1631.0,-190.0,32,49.2,71.6847,22.2,61.5,0.0,0.44,0.66,0.03,0.28,0.9552,14.6208,0
1821.0,190.0,31,109.4,234.1482,18.8,146.4,0.0,0.42,0.68,0.16,0.16,0.9046,13.5105,1
1434.0,70.0,55,24.0,29.0924,47.3,21.9,12.5,0.36,0.76,0.0,0.18,0.9678,14.6845,1
1364.0,-70.0,54,58.9,150.0895,59.4,30.4,115.5,0.31,0.52,0.06,0.22,0.9637,13.0231,1
1693.0,17.0,28,11.9,20.5368,24.0,5.1,0.0,0.61,0.89,0.0,0.07,0.9667,14.2429,1
1676.0,-17.0,27,91.3,223.9156,31.3,121.3,0.0,0.41,0.67,0.11,0.07,0.8865,13.2887,0
1905.0,-44.0,44,73.2,165.2365,33.6,53.1,322.8,0.34,0.59,0.11,0.16,0.9626,14.0871,0
1949.0,44.0,44,35.3,57.3192,13.6,43.5,25.8,0.55,0.7,0.02,0.23,0.9526,13.2477,1
1717.0,59.0,35,86.7,169.2735,60.5,97.2,0.0,0.23,0.57,0.09,0.34,0.9522,13.943,0
1658.0,-59.0,35,25.7,46.7748,64.0,12.4,0.0,0.6,0.83,0.03,0.11,0.959,14.8733,1
1597.0,-27.0,30,97.2,197.348,32.4,129.6,0.0,0.33,0.6,0.1,0.33,0.9327,14.8804,0
1624.0,27.0,30,50.4,160.0025,24.0,61.8,0.0,0.43,0.7,0.03,0.1,0.9615,14.771,1
1824.0,7.0,47,64.5,166.6064,15.5,95.6,1.4,0.47,0.79,0.06,0.23,0.9246,10.2336,0
1817.0,-7.0,47,26.3,38.7132,20.2,35.2,0.1,0.43,0.81,0.0,0.19,0.9641,15.26,0
1980.0,225.0,37,86.2,181.5922,61.5,95.4,0.0,0.32,0.62,0.08,0.35,0.9529,14.4365,1
1755.0,-225.0,37,40.6,166.1773,124.7,13.6,0.0,0.7,0.84,0.05,0.03,0.9474,13.444,0
1719.0,-56.0,37,78.3,230.0962,29.9,96.2,0.0,0.54,0.84,0.08,0.11,0.9395,14.8783,1
1775.0,56.0,36,63.4,166.6752,33.7,73.3,0.0,0.44,0.64,0.03,0.31,0.9085,13.1023,0
1717.0,-55.0,23,88.6,212.7877,21.9,139.9,0.0,0.43,0.7,0.13,0.17,0.9538,14.9392,0
1772.0,55.0,23,20.9,31.8666,18.8,22.2,0.0,0.61,0.78,0.0,0.17,0.9523,14.3558,1
1876.0,0.0,37,37.5,87.3373,19.3,44.2,0.0,0.51,0.81,0.03,0.14,0.9708,14.4078,1
1876.0,0.0,36,64.3,169.2919,26.8,76.8,0.0,0.31,0.64,0.06,0.19,0.9638,15.1783,0
1633.0,-2.0,29,60.0,99.8764,50.6,64.9,0.0,0.28,0.62,0.07,0.21,0.9586,15.4405,0
1635.0,2.0,28,77.5,199.7529,12.8,108.2,0.0,0.54,0.61,0.07,0.14,0.9552,14.4526,1
1948.0,22.0,21,83.5,213.9677,38.9,124.1,0.0,0.29,0.67,0.05,0.24,0.9171,14.7937,0
1926.0,-22.0,21,34.0,44.7225,33.8,34.2,0.0,0.43,0.71,0.0,0.19,0.962,16.102,1
1697.0,-30.0,27,81.6,199.5249,58.0,95.5,0.0,0.22,0.44,0.11,0.11,0.9522,14.5294,0
1727.0,30.0,27,28.4,41.6194,38.2,23.5,0.0,0.41,0.7,0.0,0.19,0.969,16.0743,1
1759.0,5.0,34,45.2,65.2566,45.6,45.1,0.0,0.32,0.59,0.06,0.24,0.9223,13.3919,0
1754.0,-5.0,34,16.7,33.6414,44.4,6.7,0.0,0.68,0.79,0.0,0.12,0.9668,15.8799,1
1699.0,22.0,53,44.8,139.8475,10.8,32.8,98.5,0.42,0.7,0.04,0.19,0.9367,11.2749,0
1677.0,-22.0,53,11.5,18.7818,12.6,11.6,10.6,0.55,0.85,0.0,0.06,0.9664,14.2635,1
1771.0,-103.0,49,42.5,143.818,42.2,53.2,7.0,0.57,0.8,0.02,0.12,0.9412,13.3271,0
1874.0,103.0,48,77.1,199.8131,37.3,69.0,144.2,0.35,0.71,0.06,0.29,0.9559,14.0014,0
1925.0,-5.0,22,20.9,28.1846,29.8,13.5,0.0,0.55,0.77,0.0,0.09,0.9602,15.6114,1
1930.0,5.0,21,80.0,221.5228,11.3,131.4,0.0,0.43,0.76,0.1,0.1,0.9621,14.3509,0
1637.0,-9.0,45,59.4,106.5614,16.5,50.3,199.6,0.64,0.84,0.11,0.13,0.9391,10.382,0
1646.0,9.0,45,54.1,101.2199,11.0,33.2,222.8,0.56,0.78,0.13,0.07,0.9598,15.2703,1
1909.0,28.0,31,18.6,21.9372,17.7,19.1,0.0,0.55,0.77,0.0,0.1,0.9338,15.5471,1
1881.0,-28.0,30,72.7,189.07,18.8,95.8,0.0,0.47,0.57,0.07,0.23,0.9613,13.7576,0
1923.0,-39.0,40,13.7,20.3654,22.1,10.8,0.0,0.6,0.85,0.0,0.1,0.9585,15.0287,1
1962.0,39.0,39,66.2,171.4441,29.9,77.0,0.0,0.31,0.56,0.08,0.15,0.8837,11.2928,0
1527.0,-37.0,14,24.7,32.2596,23.4,28.0,0.0,0.64,0.79,0.0,0.21,0.9525,15.6095,1
1564.0,37.0,13,146.8,265.8618,71.8,315.8,0.0,0.0,0.38,0.15,0.46,0.9431,13.6479,0
1237.0,101.0,40,103.4,224.5695,100.3,104.4,0.0,0.23,0.55,0.07,0.33,0.93,12.7862,0
1136.0,-101.0,40,49.1,158.8026,54.1,49.3,0.0,0.5,0.72,0.03,0.2,0.9598,14.8382,1
1917.0,-34.0,66,48.7,134.483,22.2,26.7,84.3,0.48,0.77,0.05,0.15,0.958,12.3648,0
1951.0,34.0,66,33.5,127.4047,17.0,15.8,58.5,0.62,0.91,0.03,0.09,0.9574,13.3826,1
1701.0,107.0,28,98.2,200.4053,67.6,115.3,0.0,0.43,0.71,0.18,0.14,0.9182,12.2019,0
1594.0,-107.0,28,69.9,190.6724,67.9,70.8,0.0,0.57,0.82,0.04,0.25,0.9268,14.7359,1
1799.0,-20.0,29,44.3,184.6751,12.7,61.0,0.0,0.48,0.86,0.03,0.07,0.9701,15.8755,1
1819.0,20.0,28,110.1,257.6094,30.7,147.7,0.0,0.36,0.57,0.11,0.25,0.8954,13.4317,0
1330.0,16.0,47,36.0,45.1772,19.4,39.9,43.3,0.49,0.74,0.02,0.28,0.9055,11.0771,0
1314.0,-16.0,47,11.3,25.2352,10.8,12.5,7.2,0.66,0.85,0.0,0.06,0.9434,13.3698,1
1836.0,-46.0,23,101.7,201.7048,46.0,144.6,0.0,0.0,0.26,0.04,0.48,0.9575,14.9379,0
1882.0,46.0,23,26.6,32.6284,37.0,19.9,0.0,0.57,0.7,0.0,0.22,0.9604,15.5626,1
2020.0,37.0,87,80.0,172.0017,22.8,88.0,87.0,0.48,0.74,0.1,0.21,0.9299,11.821,0
1983.0,-37.0,87,63.0,147.532,22.9,58.5,73.2,0.4,0.7,0.07,0.16,0.9834,12.2301,0
1988.0,-154.0,52,27.8,101.6049,29.5,13.4,62.3,0.56,0.85,0.02,0.08,0.9738,15.5684,1
2142.0,154.0,51,38.7,117.2238,26.4,17.8,100.1,0.65,0.84,0.04,0.1,0.8549,12.6817,1
1768.0,-22.0,50,45.1,75.1572,17.3,57.1,36.9,0.48,0.74,0.08,0.22,0.9738,14.8124,1
1790.0,22.0,49,81.6,170.5239,19.8,75.3,156.1,0.31,0.61,0.12,0.18,0.9628,13.9008,0
1951.0,45.0,61,58.2,144.3513,31.9,47.1,86.7,0.43,0.64,0.03,0.31,0.8943,11.1866,0
1906.0,-45.0,61,21.7,35.2451,51.9,18.0,14.3,0.52,0.8,0.0,0.15,0.9682,14.1953,1
1949.0,248.0,26,16.5,22.2266,23.5,12.1,0.0,0.46,0.77,0.0,0.15,0.9615,15.2119,1
1701.0,-248.0,25,89.8,200.4908,19.8,129.2,0.0,0.28,0.56,0.12,0.2,0.8405,10.6271,0
1811.0,17.0,49,17.9,32.126,8.4,23.0,11.4,0.57,0.73,0.0,0.1,0.9585,15.1338,1
1794.0,-17.0,48,38.7,46.1489,22.0,47.6,25.6,0.33,0.58,0.02,0.23,0.9454,11.5207,0
1730.0,-54.0,41,49.2,154.9282,17.0,28.2,1000.0,0.29,0.51,0.02,0.15,0.9569,13.8466,0
1784.0,54.0,41,15.2,33.1749,17.7,14.8,10.5,0.66,0.8,0.0,0.07,0.9394,13.5804,1
1807.0,191.0,29,83.2,187.2022,28.0,112.2,0.0,0.38,0.66,0.07,0.31,0.9604,15.1837,0
1616.0,-191.0,29,17.1,31.8512,21.2,15.2,0.0,0.48,0.79,0.0,0.07,0.9613,15.5269,1
1763.0,70.0,60,47.7,140.5739,36.1,21.2,93.2,0.4,0.68,0.05,0.12,0.927,11.772,0
1693.0,-70.0,60,20.2,42.9467,33.1,7.3,33.2,0.6,0.92,0.02,0.1,0.9449,12.7892,1
1277.0,124.0,32,89.3,181.9283,58.4,103.4,0.0,0.41,0.56,0.12,0.28,0.9371,14.3857,1
1153.0,-124.0,32,21.8,29.7128,15.7,24.3,0.0,0.69,0.88,0.0,0.12,0.9667,16.0106,1
1953.0,102.0,32,74.2,177.0821,29.3,94.7,0.0,0.31,0.72,0.06,0.22,0.9272,13.7495,0
1851.0,-102.0,32,38.5,67.3987,54.3,32.3,0.0,0.56,0.78,0.03,0.25,0.9669,16.1434,1
1863.0,-18.0,37,26.3,49.9731,37.9,22.0,0.0,0.46,0.81,0.03,0.11,0.9651,14.8234,1
1881.0,18.0,36,80.5,182.2751,25.0,99.0,0.0,0.28,0.53,0.06,0.25,0.948,13.7552,0
1823.0,9.0,52,51.4,139.1787,44.0,27.8,116.6,0.52,0.71,0.02,0.23,0.9442,13.5191,1
1814.0,-9.0,52,22.9,39.7851,39.2,17.2,24.8,0.6,0.83,0.0,0.15,0.9618,13.6334,1
1872.0,4.0,27,100.2,200.8823,46.3,131.9,0.0,0.22,0.48,0.15,0.22,0.9076,13.136,0
1868.0,-4.0,27,24.1,38.3088,12.3,30.0,0.0,0.37,0.7,0.0,0.07,0.9604,15.3612,1
1500.0,94.0,32,81.8,197.6656,14.7,112.2,0.0,0.47,0.72,0.12,0.06,0.9498,14.4418,0
1406.0,-94.0,32,31.3,57.5189,21.4,35.2,0.0,0.44,0.72,0.03,0.12,0.9557,13.5675,0
1617.0,-64.0,56,54.7,111.5017,21.5,21.3,137.9,0.41,0.64,0.11,0.07,0.9319,13.8071,0
1681.0,64.0,56,64.7,143.2285,17.3,22.0,165.1,0.57,0.75,0.11,0.09,0.9533,12.2543,1
1657.0,31.0,30,62.0,189.3608,52.9,66.5,0.0,0.63,0.8,0.07,0.1,0.9574,15.31,1
1626.0,-31.0,29,75.6,187.0312,47.1,88.3,0.0,0.31,0.55,0.07,0.24,0.8743,13.2522,0
1992.0,-63.0,23,15.8,18.2649,15.6,16.0,0.0,0.61,0.83,0.0,0.04,0.9613,15.9044,1
2055.0,63.0,22,86.5,214.9414,20.6,132.2,0.0,0.23,0.64,0.14,0.09,0.9103,13.8763,0
1584.0,-3.0,51,58.6,165.8136,21.7,50.9,113.3,0.47,0.73,0.06,0.08,0.9223,14.1119,1
1587.0,3.0,51,22.1,46.5774,27.4,25.2,10.2,0.53,0.71,0.02,0.04,0.965,15.4342,1
1897.0,-73.0,52,31.7,45.7573,41.5,33.6,18.9,0.35,0.62,0.02,0.21,0.9736,14.8554,1
1970.0,73.0,51,50.9,145.7288,25.0,15.4,159.0,0.35,0.69,0.06,0.14,0.9676,14.0502,0
1944.0,-51.0,58,18.9,33.1942,49.6,18.0,3.4,0.41,0.76,0.0,0.14,0.9738,14.8183,1
1995.0,51.0,57,101.5,255.9742,25.2,40.4,241.4,0.44,0.74,0.11,0.16,0.8796,10.8616,0
1410.0,7.0,50,65.0,153.548,58.6,84.4,13.0,0.32,0.68,0.06,0.24,0.9146,10.4491,0
1403.0,-7.0,50,41.2,143.6355,59.8,50.7,0.2,0.44,0.7,0.02,0.22,0.9657,15.2957,0
1362.0,-46.0,30,25.3,51.5306,64.5,5.8,0.0,0.73,0.87,0.0,0.13,0.9259,14.213,1
1408.0,46.0,29,86.4,194.4139,47.9,103.8,0.0,0.45,0.59,0.1,0.24,0.7597,11.0354,0
1905.0,-44.0,35,68.1,169.0729,38.3,80.1,0.0,0.26,0.6,0.03,0.26,0.9632,13.4087,0
1949.0,44.0,35,19.2,27.8724,18.3,19.5,0.0,0.57,0.83,0.0,0.09,0.9583,14.6295,1
1824.0,3.0,32,41.3,75.0697,22.6,49.9,0.0,0.59,0.84,0.06,0.19,0.9746,13.9502,1
1821.0,-3.0,31,97.4,215.4621,25.3,126.9,0.0,0.45,0.65,0.1,0.26,0.9291,13.9522,0
1982.0,-33.0,25,41.9,96.6874,44.3,40.3,0.0,0.64,0.92,0.08,0.08,0.9621,15.7741,1
2015.0,33.0,24,77.0,184.1139,14.6,114.5,0.0,0.62,0.88,0.12,0.04,0.7581,9.7917,0
1126.0,-199.0,25,290.6,452.4641,715.7,7.3,0.0,0.48,0.72,0.28,0.04,0.9568,15.3378,1
1325.0,199.0,24,394.5,441.0186,805.8,147.7,0.0,0.04,0.12,0.38,0.42,0.9157,13.1632,0
1785.0,23.0,56,88.2,193.5318,77.8,54.3,158.4,0.39,0.71,0.09,0.27,0.9293,10.9026,0
1762.0,-23.0,56,66.9,196.6197,79.4,26.7,131.1,0.59,0.82,0.07,0.14,0.9568,14.7269,1
1610.0,-71.0,38,47.5,74.2038,71.5,38.9,0.0,0.42,0.61,0.03,0.29,0.9687,14.3917,0
1681.0,71.0,37,66.2,174.2847,64.1,66.8,0.0,0.46,0.76,0.08,0.11,0.9689,14.3812,1
1740.0,4.0,44,41.2,76.1167,55.9,41.8,0.0,0.41,0.66,0.05,0.2,0.9633,14.5651,0
1736.0,-4.0,43,109.8,219.4844,95.9,128.4,1.5,0.33,0.7,0.16,0.21,0.9125,11.1947,1
1889.0,119.0,49,105.7,269.971,23.5,164.6,0.3,0.39,0.69,0.14,0.08,0.9754,14.8243,0
1770.0,-119.0,48,105.1,253.1673,7.3,165.9,0.0,0.42,0.67,0.12,0.12,0.8225,10.5597,0
1774.0,21.0,30,79.0,188.4171,15.6,110.8,0.0,0.47,0.8,0.1,0.2,0.9661,15.593,0
1753.0,-21.0,29,111.4,196.4733,8.6,157.7,0.0,0.34,0.59,0.17,0.28,0.8959,13.4591,0
2053.0,83.0,56,20.2,32.9437,46.9,16.1,11.1,0.64,0.84,0.0,0.14,0.9689,14.5894,1
1970.0,-83.0,55,48.6,140.6286,52.3,19.9,100.4,0.4,0.73,0.04,0.22,0.9019,11.7287,1
1846.0,-11.0,35,21.6,34.7395,52.3,9.4,0.0,0.57,0.71,0.0,0.11,0.9532,14.458,1
1857.0,11.0,34,61.9,169.1407,24.0,75.5,0.0,0.29,0.56,0.03,0.26,0.9653,14.4185,0
1649.0,12.0,43,87.9,214.5329,32.3,115.1,1.3,0.35,0.6,0.09,0.21,0.9177,11.9642,0
1637.0,-12.0,43,35.8,151.4435,30.2,42.1,1.2,0.53,0.81,0.02,0.02,0.9672,15.9969,1
1409.0,24.0,21,81.5,213.4232,14.1,142.8,0.0,0.57,0.76,0.05,0.24,0.915,15.1373,1
1385.0,-24.0,21,50.1,88.6641,89.3,20.8,0.0,0.57,0.71,0.1,0.19,0.9479,13.8891,0
1555.0,4.0,28,17.1,27.6115,22.3,14.2,0.0,0.54,0.89,0.0,0.11,0.9666,15.6085,1
1551.0,-4.0,27,87.3,199.5026,35.7,113.1,0.0,0.37,0.67,0.07,0.22,0.9226,11.6282,0
1511.0,-18.0,25,20.1,41.5485,29.0,14.2,0.0,0.64,0.84,0.04,0.0,0.9629,14.8531,1
1529.0,18.0,24,79.2,203.067,15.9,117.3,0.0,0.33,0.67,0.04,0.21,0.9156,14.1215,0
1985.0,-84.0,51,29.7,49.9957,61.8,29.7,0.5,0.51,0.76,0.0,0.22,0.9634,14.8793,1
2069.0,84.0,50,47.9,103.4876,41.2,62.5,13.3,0.38,0.72,0.04,0.16,0.9103,10.8609,0
1517.0,-40.0,47,49.1,55.5115,45.1,48.6,57.3,0.3,0.6,0.02,0.3,0.9223,11.5029,0
1557.0,40.0,47,48.0,149.2262,28.3,16.2,189.5,0.55,0.83,0.04,0.15,0.9623,14.6975,1
1898.0,-19.0,38,32.2,83.573,23.6,35.3,0.0,0.66,0.87,0.05,0.08,0.9418,14.7346,1
1917.0,19.0,37,82.1,188.3186,30.2,98.8,0.0,0.41,0.76,0.11,0.14,0.8914,13.8357,0
2031.0,34.0,24,60.2,87.3708,73.3,50.9,0.0,0.29,0.75,0.08,0.29,0.9544,15.5251,0
1997.0,-34.0,23,144.3,238.887,108.9,167.0,0.0,0.26,0.48,0.17,0.43,0.9004,13.7728,0
1928.0,8.0,36,30.6,43.7653,69.1,15.7,0.0,0.53,0.75,0.0,0.22,0.9345,13.4149,1
1920.0,-8.0,35,73.3,167.0774,26.7,89.4,0.0,0.2,0.46,0.03,0.4,0.9679,14.9212,0
1800.0,-19.0,36,40.0,59.0242,9.9,51.6,0.0,0.42,0.72,0.06,0.19,0.9618,14.4957,0
1819.0,19.0,36,16.0,29.6417,33.4,10.2,0.0,0.72,0.81,0.0,0.08,0.9591,14.9078,1
1505.0,-46.0,36,88.4,173.0447,63.7,98.0,0.0,0.25,0.47,0.08,0.36,0.9019,13.5212,0
1551.0,46.0,36,39.1,54.9437,78.6,26.0,0.0,0.53,0.61,0.03,0.25,0.9654,13.973,0
1481.0,4.0,43,177.8,346.6084,48.6,138.6,1000.0,0.37,0.51,0.19,0.12,0.974,15.5696,1
1477.0,-4.0,42,154.6,299.7614,48.8,101.8,1000.0,0.48,0.6,0.19,0.26,0.9681,12.5904,0
1857.0,78.0,41,62.5,159.2492,17.0,79.8,0.0,0.24,0.51,0.05,0.2,0.9153,12.449,0
1779.0,-78.0,41,12.9,26.2715,10.3,14.5,0.0,0.61,0.9,0.0,0.05,0.9649,14.2835,1
1446.0,-5.0,24,83.4,204.4464,15.6,131.8,0.0,0.42,0.62,0.08,0.17,0.9208,12.5086,0
1451.0,5.0,24,47.4,203.1238,1.8,74.7,0.0,0.62,1.0,0.04,0.0,0.9536,15.1705,1
1845.0,2.0,32,72.6,177.3422,18.1,97.3,0.0,0.31,0.5,0.06,0.28,0.9236,13.9275,0
1843.0,-2.0,32,13.2,14.5891,12.6,13.5,0.0,0.47,0.69,0.0,0.03,0.9555,14.9308,1
1651.0,65.0,30,71.6,198.0166,20.4,97.2,0.0,0.57,0.77,0.1,0.07,0.8092,11.4939,0
1586.0,-65.0,30,24.2,43.9946,24.2,24.1,0.0,0.53,0.8,0.0,0.2,0.9589,14.3631,1
1792.0,-13.0,45,126.3,286.9271,14.2,117.9,400.4,0.36,0.64,0.11,0.2,0.8117,11.4892,0
1805.0,13.0,45,85.4,249.0677,23.4,54.2,333.8,0.47,0.71,0.07,0.13,0.9613,14.8334,1
1483.0,40.0,22,85.0,138.0198,115.8,59.4,0.0,0.36,0.64,0.09,0.36,0.8954,9.2637,0
1443.0,-40.0,22,21.8,45.0139,26.0,18.9,0.0,0.59,0.86,0.05,0.0,0.9613,16.0813,1
1949.0,11.0,52,27.1,45.6523,16.3,29.5,29.8,0.5,0.73,0.02,0.17,0.9706,15.5546,1
1938.0,-11.0,51,61.5,152.5072,18.4,50.3,121.8,0.45,0.67,0.08,0.18,0.9493,11.8372,1
1704.0,-18.0,65,84.3,214.6401,15.6,30.8,176.1,0.38,0.8,0.08,0.18,0.9559,11.8091,1
1722.0,18.0,65,33.8,127.9898,18.2,9.2,67.5,0.54,0.82,0.03,0.08,0.967,13.8328,1
2047.0,57.0,26,41.1,93.7099,79.9,16.9,0.0,0.54,0.58,0.04,0.15,0.9535,15.3097,1
1990.0,-57.0,25,95.9,215.7782,28.1,134.1,0.0,0.32,0.52,0.12,0.16,0.9192,13.7739,0
1544.0,-1.0,17,126.3,251.1411,45.5,241.7,0.0,0.18,0.53,0.12,0.35,0.9623,15.711,0
1545.0,1.0,17,28.2,51.5937,50.7,2.9,0.0,0.53,0.76,0.0,0.18,0.9495,15.2393,1
1719.0,39.0,28,42.9,126.2689,34.6,47.4,0.0,0.43,0.61,0.07,0.04,0.9643,14.0746,0
1680.0,-39.0,28,13.6,28.8679,37.7,2.2,0.0,0.57,0.86,0.0,0.07,0.8957,14.0659,1
1664.0,-41.0,67,69.9,106.327,53.1,48.6,99.8,0.46,0.66,0.16,0.16,0.969,12.26,0
1705.0,41.0,67,68.4,117.9852,84.8,44.9,88.2,0.39,0.75,0.13,0.18,0.9236,12.1752,0
1870.0,-15.0,51,57.9,92.6568,32.9,65.3,60.5,0.47,0.69,0.08,0.22,0.9275,11.899,0
1885.0,15.0,51,40.3,77.4299,14.0,61.2,7.5,0.47,0.75,0.06,0.18,0.9597,14.2476,0
1949.0,-76.0,34,130.6,323.2202,21.4,176.2,0.0,0.59,0.79,0.12,0.09,0.9658,15.7334,0
2025.0,76.0,33,137.0,293.2134,14.2,183.0,0.0,0.52,0.67,0.15,0.18,0.9083,11.6518,0
1651.0,-13.0,66,65.2,150.5989,17.8,38.3,114.4,0.5,0.71,0.08,0.2,0.9359,13.2115,0
1664.0,13.0,66,39.5,67.2953,86.2,30.9,33.6,0.48,0.77,0.03,0.2,0.9728,11.9484,1
1420.0,-109.0,22,28.0,73.8963,50.4,9.3,0.0,0.59,0.95,0.05,0.09,0.9519,15.2589,0
1529.0,109.0,21,121.5,234.288,116.8,125.0,0.0,0.24,0.52,0.14,0.33,0.9443,13.4224,1
1615.0,-5.0,37,64.2,167.5706,26.1,78.4,0.0,0.38,0.65,0.05,0.22,0.7835,12.0815,0
1620.0,5.0,37,21.8,40.3059,23.6,21.2,0.0,0.49,0.81,0.03,0.08,0.9622,15.4651,1
1365.0,-24.0,18,86.8,230.9546,39.3,146.2,0.0,0.28,0.5,0.06,0.22,0.9523,14.7487,0
1389.0,24.0,18,18.6,24.1764,26.9,10.2,0.0,0.56,0.78,0.0,0.06,0.957,14.4523,1
1857.0,47.0,38,84.8,178.2135,97.0,80.4,0.0,0.37,0.63,0.11,0.32,0.8976,12.4591,0
1810.0,-47.0,38,35.8,58.5515,64.0,27.0,0.0,0.58,0.68,0.03,0.21,0.962,13.3178,1
1761.0,-43.0,40,24.7,59.5924,62.9,11.9,0.0,0.6,0.9,0.03,0.1,0.9718,15.8247,1
1804.0,43.0,39,79.6,188.6918,47.2,89.4,0.0,0.28,0.62,0.08,0.18,0.9317,13.2734,0
1954.0,277.0,46,29.9,57.7826,46.1,29.6,4.3,0.59,0.76,0.04,0.13,0.9665,15.9051,1
1677.0,-277.0,45,71.1,159.53,23.7,66.1,167.3,0.38,0.6,0.07,0.24,0.9261,12.0418,0
1801.0,-36.0,40,29.4,56.7923,29.2,29.4,0.0,0.6,0.75,0.05,0.12,0.9371,14.3202,1
1837.0,36.0,39,69.9,174.749,25.0,83.4,0.0,0.31,0.69,0.1,0.13,0.952,13.661,0
1823.0,1.0,32,59.1,175.807,17.9,77.9,0.0,0.38,0.53,0.03,0.19,0.934,13.5842,0
1822.0,-1.0,32,5.8,7.7407,7.4,5.1,0.0,0.75,0.91,0.0,0.0,0.9584,15.0048,1
1793.0,14.0,49,85.8,166.8641,116.1,64.3,123.9,0.41,0.8,0.1,0.27,0.8677,10.74,0
1779.0,-14.0,49,70.6,158.8714,96.1,53.2,100.1,0.49,0.82,0.08,0.18,0.9712,14.8152,0
1759.0,31.0,60,61.7,183.2541,28.2,35.6,117.5,0.38,0.73,0.07,0.13,0.9497,12.8143,0
1728.0,-31.0,59,86.9,227.1237,33.8,31.0,194.6,0.42,0.71,0.12,0.1,0.9219,11.6059,0
2010.0,75.0,42,87.3,218.9391,9.3,85.7,500.5,0.4,0.74,0.07,0.24,0.9637,14.9284,0
1935.0,-75.0,42,34.1,154.334,9.2,45.0,0.0,0.67,0.95,0.02,0.07,0.9685,14.2372,1
1906.0,-23.0,36,107.1,179.825,80.9,117.1,0.0,0.44,0.61,0.14,0.25,0.9604,15.1635,0
1929.0,23.0,36,117.0,184.7066,85.2,127.6,0.0,0.53,0.64,0.17,0.28,0.8542,11.3221,1
1726.0,-39.0,65,94.5,219.7324,84.7,123.0,64.2,0.34,0.68,0.09,0.23,0.9677,13.5145,0
1765.0,39.0,64,115.4,250.3468,89.4,123.8,114.5,0.34,0.62,0.11,0.3,0.9078,11.3913,1
1525.0,-7.0,47,20.3,26.9479,39.1,18.8,0.0,0.4,0.68,0.0,0.15,0.9614,14.8186,1
1532.0,7.0,46,56.7,154.6008,36.9,38.5,160.3,0.35,0.54,0.07,0.15,0.8971,12.8064,0
1851.0,-2.0,47,51.7,155.3876,27.1,36.1,153.9,0.4,0.68,0.04,0.15,0.8646,11.8519,1
1853.0,2.0,47,11.1,22.4935,23.4,9.1,4.9,0.62,0.87,0.0,0.04,0.9646,14.3786,1
1823.0,-38.0,43,91.8,171.638,20.7,67.1,576.3,0.49,0.74,0.14,0.16,0.9636,14.4193,1
1861.0,38.0,42,72.8,163.7126,25.6,37.9,563.7,0.48,0.76,0.1,0.14,0.967,15.2443,0
1738.0,27.0,59,68.2,182.8038,60.2,20.8,147.1,0.46,0.76,0.07,0.2,0.834,9.3917,0
1711.0,-27.0,59,36.0,131.0888,23.1,19.7,66.1,0.58,0.81,0.02,0.14,0.9589,12.7648,1
1834.0,-6.0,26,128.0,201.4757,28.0,190.6,0.0,0.5,0.77,0.23,0.12,0.7502,9.8691,0
1840.0,6.0,25,113.5,212.9548,10.8,171.2,0.0,0.32,0.64,0.2,0.04,0.9677,15.9022,1
1595.0,-108.0,66,17.4,33.0533,50.7,16.9,5.1,0.47,0.82,0.0,0.09,0.9506,13.306,1
1703.0,108.0,65,48.9,132.6466,45.9,29.6,72.1,0.4,0.74,0.06,0.15,0.8816,10.2276,0
1745.0,-67.0,48,102.3,247.6588,13.1,159.2,0.4,0.38,0.75,0.08,0.21,0.942,10.8191,1
1812.0,67.0,48,81.1,242.0686,39.8,117.7,0.4,0.48,0.75,0.06,0.1,0.9659,15.4784,0
1698.0,14.0,38,85.6,185.6512,46.0,99.7,0.0,0.39,0.71,0.08,0.24,0.9222,12.883,1
1684.0,-14.0,38,35.9,59.5954,42.0,34.0,0.0,0.39,0.71,0.05,0.21,0.9576,14.6014,0
1382.0,17.0,73,122.7,258.8342,74.5,133.8,127.2,0.48,0.78,0.12,0.19,0.9391,11.3074,0
1365.0,-17.0,73,107.0,242.4502,93.9,110.3,107.6,0.41,0.7,0.14,0.15,0.9337,11.5667,0
1431.0,24.0,35,66.8,167.1006,27.5,82.6,0.0,0.2,0.63,0.03,0.29,0.949,13.9742,0
1407.0,-24.0,35,15.3,26.9987,29.8,10.3,0.0,0.63,0.86,0.0,0.09,0.9608,13.4676,1
1582.0,329.0,30,103.4,195.2582,125.5,92.4,0.0,0.27,0.7,0.13,0.37,0.9452,13.3841,0
1253.0,-329.0,30,36.0,65.6716,54.1,28.2,0.0,0.43,0.67,0.03,0.23,0.9191,14.6772,1
1995.0,53.0,63,76.0,129.7394,63.1,49.0,116.9,0.35,0.63,0.08,0.27,0.9556,13.4328,0
1942.0,-53.0,63,82.4,160.0538,83.2,32.0,145.2,0.41,0.73,0.13,0.13,0.9712,12.9739,1
1449.0,-53.0,32,68.7,174.4444,26.0,88.1,0.0,0.19,0.41,0.03,0.22,0.9601,14.164,0
1502.0,53.0,32,11.0,16.4464,20.4,7.3,0.0,0.56,0.91,0.0,0.09,0.9637,14.7395,1
1281.0,-120.0,64,83.6,156.6951,114.3,54.2,107.7,0.45,0.72,0.11,0.27,0.8947,10.9984,0
1401.0,120.0,64,61.9,167.161,66.3,45.2,80.4,0.5,0.86,0.08,0.11,0.9243,13.2873,0
1434.0,-480.0,56,17.2,43.2591,6.6,23.1,12.9,0.38,0.62,0.02,0.04,0.9693,14.8428,0
1914.0,480.0,55,32.8,50.1411,12.3,43.8,23.7,0.33,0.56,0.02,0.18,0.887,11.5684,0
1901.0,-16.0,57,85.6,159.32,41.3,42.8,187.1,0.4,0.75,0.11,0.28,0.9331,11.1257,1
1917.0,16.0,57,40.6,69.8076,13.0,17.0,93.8,0.46,0.79,0.05,0.19,0.9435,13.28,0
1722.0,51.0,36,22.8,32.3553,29.7,20.1,0.0,0.64,0.89,0.0,0.14,0.9613,15.4938,1
1671.0,-51.0,35,67.4,171.2685,46.7,74.5,0.0,0.34,0.63,0.06,0.17,0.9563,12.1809,1
2239.0,268.0,57,87.0,202.0076,15.2,65.6,167.1,0.46,0.75,0.12,0.12,0.9472,11.2861,0
1971.0,-268.0,57,81.5,236.2715,35.1,41.4,171.6,0.6,0.81,0.09,0.07,0.955,13.1535,1
1518.0,73.0,29,30.4,27.9829,27.6,31.9,0.0,0.38,0.76,0.0,0.24,0.9673,16.1123,0
1445.0,-73.0,28,93.4,205.6722,71.8,103.6,0.0,0.39,0.57,0.11,0.21,0.8937,13.7509,1
1414.0,39.0,70,44.1,129.8129,6.1,44.6,56.2,0.53,0.84,0.04,0.13,0.9667,12.6583,1
1375.0,-39.0,69,84.2,207.9051,18.1,49.5,138.8,0.41,0.78,0.09,0.2,0.9599,11.8944,0
1960.0,14.0,27,39.0,68.6348,35.5,41.0,0.0,0.59,0.81,0.07,0.22,0.9617,15.5331,1
1946.0,-14.0,26,61.5,194.5372,38.0,74.0,0.0,0.5,0.65,0.04,0.19,0.9494,14.1288,0
1525.0,-79.0,19,15.4,23.533,19.9,10.3,0.0,0.47,0.84,0.0,0.16,0.9583,14.7625,1
1604.0,79.0,18,89.7,238.1823,26.9,152.4,0.0,0.17,0.56,0.11,0.11,0.9482,15.0808,0
1292.0,-13.0,40,64.7,160.4057,15.7,81.0,0.0,0.42,0.75,0.05,0.25,0.9406,13.0123,0
1305.0,13.0,40,16.1,33.0044,11.1,18.2,0.0,0.57,0.72,0.0,0.05,0.9618,14.684,1
1912.0,-22.0,36,20.2,26.2574,31.1,16.1,0.0,0.36,0.69,0.0,0.17,0.9495,14.726,0
1934.0,22.0,36,18.3,38.7467,35.9,12.4,0.0,0.5,0.81,0.0,0.08,0.9588,11.6889,1
1404.0,-80.0,67,75.5,186.9059,67.9,34.6,123.7,0.4,0.67,0.09,0.19,0.9353,10.7469,0
1484.0,80.0,67,47.3,176.4426,56.1,21.1,72.5,0.49,0.73,0.04,0.09,0.9544,13.2226,0
1957.0,133.0,30,25.4,43.4128,9.9,33.2,0.0,0.57,0.83,0.0,0.23,0.966,15.9679,0
1824.0,-133.0,29,86.7,214.3091,22.8,115.4,0.0,0.38,0.69,0.1,0.14,0.9584,15.4208,1
1921.0,-18.0,33,43.1,80.6287,12.5,56.4,0.0,0.42,0.61,0.06,0.15,0.9715,14.7105,0
1939.0,18.0,32,63.7,192.0703,8.0,85.5,0.0,0.47,0.72,0.09,0.06,0.9299,14.5547,1
1609.0,-52.0,34,60.3,87.5229,28.8,73.4,0.0,0.24,0.47,0.15,0.21,0.9498,14.4012,0
1661.0,52.0,33,59.5,91.3455,44.9,64.9,0.0,0.55,0.7,0.15,0.15,0.9492,14.1938,1
1990.0,94.0,58,73.8,188.0166,24.0,47.4,145.3,0.36,0.71,0.09,0.17,0.9441,12.5298,0
1896.0,-94.0,58,85.0,237.3379,27.3,27.8,202.5,0.47,0.78,0.09,0.1,0.9585,12.7,0
1814.0,-1.0,49,64.7,155.8297,61.6,71.9,44.3,0.37,0.71,0.08,0.18,0.8703,10.8957,1
1815.0,1.0,49,57.9,199.8709,23.1,54.2,100.2,0.59,0.82,0.04,0.12,0.9241,14.6006,1
1855.0,-141.0,54,24.5,30.0583,18.0,28.7,20.4,0.44,0.8,0.0,0.2,0.9451,11.9261,0
1996.0,141.0,54,9.9,20.3114,15.1,12.0,2.5,0.69,0.98,0.0,0.04,0.9679,14.6001,1
1936.0,4.0,27,29.1,47.445,30.4,28.4,0.0,0.56,0.89,0.0,0.22,0.9649,15.6783,1
1932.0,-4.0,26,61.2,117.7395,25.8,80.0,0.0,0.38,0.69,0.08,0.23,0.9586,14.3937,0
1515.0,-94.0,44,69.4,133.7979,23.1,36.1,434.8,0.41,0.64,0.11,0.18,0.9661,13.9869,0
1609.0,94.0,44,86.7,158.721,13.9,40.4,495.2,0.45,0.73,0.16,0.16,0.9795,11.9081,1
1939.0,26.0,69,93.0,239.3556,15.0,100.5,112.3,0.42,0.7,0.1,0.16,0.9317,11.1949,0
1913.0,-26.0,69,86.0,238.0895,12.8,42.0,151.9,0.33,0.65,0.09,0.16,0.9741,13.9623,1
1097.0,-57.0,22,112.4,227.3761,96.1,126.0,0.0,0.32,0.45,0.09,0.27,0.9104,13.0402,1
1154.0,57.0,22,22.2,31.4864,32.3,15.2,0.0,0.64,0.73,0.0,0.09,0.9529,15.3921,1
830.0,-453.0,46,42.6,69.1477,9.1,52.4,49.2,0.41,0.67,0.02,0.26,0.9275,14.5479,1
1283.0,453.0,46,22.3,59.9276,14.3,28.8,4.6,0.63,0.89,0.02,0.11,0.9703,14.9295,1
1807.0,14.0,36,45.0,60.2025,60.2,39.2,0.0,0.44,0.75,0.03,0.33,0.9615,15.8414,1
1793.0,-14.0,35,96.4,169.1776,73.2,104.5,0.0,0.23,0.51,0.06,0.43,0.9486,13.1805,0
1633.0,-257.0,39,42.5,93.9081,61.9,35.9,0.0,0.41,0.74,0.05,0.15,0.97,15.9304,1
1890.0,257.0,38,79.6,180.3652,73.4,81.6,0.0,0.39,0.68,0.08,0.29,0.9736,14.5666,0
1828.0,56.0,42,115.0,232.7007,31.4,150.5,0.0,0.5,0.76,0.17,0.24,0.8032,10.3532,0
1772.0,-56.0,42,125.5,273.0044,19.0,170.0,0.0,0.48,0.74,0.17,0.14,0.9743,15.7323,1
1879.0,14.0,37,82.9,167.7517,20.9,105.9,0.0,0.16,0.57,0.08,0.32,0.9653,14.7903,0
1865.0,-14.0,37,28.4,52.8643,18.4,31.6,0.0,0.49,0.84,0.03,0.14,0.9717,16.0029,1
1861.0,6.0,50,19.9,28.8109,31.2,19.5,9.7,0.44,0.8,0.0,0.12,0.9659,14.7216,0
1855.0,-6.0,49,56.9,150.8752,36.3,43.2,116.7,0.39,0.65,0.04,0.2,0.8968,12.0449,1
1813.0,-58.0,29,22.7,32.0857,31.4,18.2,0.0,0.48,0.83,0.0,0.1,0.9544,14.5394,1
1871.0,58.0,28,85.3,214.9619,12.4,119.8,0.0,0.46,0.61,0.07,0.18,0.9106,11.839,0
1674.0,-132.0,55,28.2,41.7061,11.9,28.2,39.2,0.42,0.69,0.02,0.11,0.9399,13.0264,0
1806.0,132.0,55,8.2,24.7532,10.3,9.7,4.2,0.64,0.95,0.0,0.04,0.9502,13.9182,1
2020.0,47.0,21,48.8,67.469,61.4,37.4,0.0,0.33,0.62,0.1,0.24,0.9615,15.6837,0
1973.0,-47.0,20,82.5,222.1153,55.2,104.9,0.0,0.4,0.65,0.05,0.25,0.9606,14.9553,1
1902.0,1.0,51,59.5,199.8165,5.4,98.4,2.5,0.45,0.69,0.06,0.08,0.9473,14.5325,0
1901.0,-1.0,50,93.0,240.3619,6.6,112.6,110.2,0.42,0.7,0.1,0.16,0.9188,11.6218,0
1393.0,-13.0,61,68.3,147.1672,109.8,39.9,89.0,0.43,0.67,0.07,0.25,0.9007,12.1601,0
1406.0,13.0,61,42.5,81.3256,115.1,26.1,35.0,0.59,0.77,0.03,0.21,0.9641,13.9474,0
1688.0,10.0,32,60.9,178.3908,37.7,71.4,0.0,0.47,0.75,0.06,0.16,0.9021,13.2487,0
1678.0,-10.0,32,11.1,24.9003,33.8,2.2,0.0,0.78,0.94,0.0,0.06,0.964,15.6564,1
1809.0,13.0,17,29.4,44.5829,33.7,23.3,0.0,0.65,0.82,0.0,0.24,0.9556,15.8853,0
1796.0,-13.0,16,140.2,297.1963,127.2,156.9,0.0,0.38,0.75,0.19,0.06,0.8886,12.3182,1
1651.0,49.0,35,109.8,241.4886,48.3,134.4,0.0,0.37,0.57,0.11,0.23,0.9272,11.9824,0
1602.0,-49.0,35,140.1,316.1025,15.3,183.3,0.0,0.4,0.71,0.11,0.2,0.9333,14.889,0
1931.0,29.0,28,86.5,206.4528,88.5,85.4,0.0,0.29,0.64,0.14,0.04,0.9307,14.1915,0
1902.0,-29.0,28,24.3,52.7293,39.7,17.1,0.0,0.36,0.86,0.04,0.04,0.9664,16.2601,1
1402.0,-6.0,14,94.1,263.528,131.7,0.0,0.0,0.57,0.86,0.07,0.14,0.955,15.8282,0
1408.0,6.0,13,244.7,347.4016,218.7,303.2,0.0,0.08,0.54,0.31,0.31,0.9696,10.3015,0
1400.0,13.0,36,68.3,151.6991,25.1,84.9,0.0,0.42,0.75,0.11,0.17,0.967,15.4379,0
1387.0,-13.0,35,110.7,209.2792,13.2,144.4,0.0,0.34,0.49,0.17,0.2,0.9713,14.8154,0
1813.0,2.0,46,86.9,206.8138,29.9,54.3,344.7,0.35,0.63,0.09,0.2,0.9384,13.3082,0
1811.0,-2.0,46,46.4,147.7693,38.3,24.7,149.7,0.43,0.74,0.02,0.22,0.9643,12.0909,1
1964.0,-29.0,62,40.4,132.2932,35.0,17.0,74.6,0.42,0.77,0.05,0.08,0.9699,14.8943,1
1993.0,29.0,61,73.6,188.8152,16.2,42.7,139.3,0.38,0.77,0.08,0.18,0.9753,11.9596,0
2149.0,253.0,51,39.2,141.1592,12.3,24.4,104.1,0.49,0.78,0.02,0.14,0.9738,15.5081,1
1896.0,-253.0,50,70.4,196.6819,16.8,34.1,213.3,0.36,0.62,0.04,0.2,0.8924,13.0148,0
1651.0,47.0,42,65.2,155.5287,45.0,76.2,0.5,0.29,0.55,0.05,0.36,0.9034,12.6622,0
1604.0,-47.0,42,39.9,154.7566,47.9,41.5,0.0,0.55,0.81,0.02,0.07,0.9556,15.218,1
1507.0,-47.0,34,9.2,15.7393,6.6,10.2,0.0,0.53,0.88,0.0,0.03,0.9686,15.6549,1
1554.0,47.0,33,74.2,178.6365,18.7,95.0,0.0,0.3,0.61,0.06,0.18,0.8999,13.0314,0
1659.0,-9.0,14,169.7,280.3754,74.7,407.2,0.0,0.5,0.5,0.29,0.14,0.9454,13.1323,0
1668.0,9.0,14,24.3,47.0669,16.6,38.2,0.0,0.71,1.0,0.0,0.14,0.9552,14.6682,1
928.0,-652.0,27,98.6,207.9664,39.8,133.1,0.0,0.41,0.59,0.15,0.19,0.8879,12.5381,0
1580.0,652.0,26,130.7,262.8129,55.8,170.4,0.0,0.27,0.58,0.12,0.38,0.96,14.7048,0
2014.0,30.0,96,35.8,70.0927,18.0,35.5,39.1,0.49,0.76,0.04,0.14,0.9274,10.6126,0
1984.0,-30.0,96,61.0,202.7085,19.1,40.1,78.6,0.51,0.77,0.06,0.08,0.9668,12.7705,1
1547.0,0.0,51,38.2,105.7285,43.2,49.2,3.6,0.55,0.73,0.02,0.14,0.9411,13.6373,1
1547.0,0.0,50,65.5,157.5143,32.1,48.5,139.1,0.28,0.58,0.06,0.24,0.9515,12.1135,0
1742.0,-16.0,86,46.4,151.5278,11.2,35.4,61.2,0.43,0.81,0.02,0.13,0.9525,10.0609,0
1758.0,16.0,86,21.0,46.7523,8.7,15.4,26.9,0.37,0.67,0.01,0.07,0.9783,13.8787,1
1998.0,13.0,35,18.0,23.4213,14.6,19.3,0.0,0.57,0.74,0.0,0.14,0.9657,15.8294,1
1985.0,-13.0,34,67.3,174.4973,22.6,83.4,0.0,0.24,0.59,0.12,0.09,0.9316,14.241,0
2027.0,169.0,46,70.0,165.124,42.9,51.9,205.5,0.46,0.72,0.15,0.09,0.9515,12.5116,0
1858.0,-169.0,46,28.2,68.6474,12.2,38.1,6.1,0.54,0.85,0.04,0.09,0.9242,14.0195,0
1923.0,-21.0,60,18.6,32.6902,16.6,20.6,16.6,0.43,0.67,0.0,0.1,0.9599,13.9082,0
1944.0,21.0,59,65.3,191.6568,9.8,38.5,130.4,0.42,0.76,0.05,0.17,0.8641,11.2186,0
1899.0,23.0,42,49.4,113.0783,14.5,64.4,0.0,0.29,0.5,0.02,0.26,0.9696,14.6445,0
1876.0,-23.0,42,28.9,74.2244,19.4,34.6,0.0,0.52,0.81,0.02,0.12,0.9699,15.3814,0
1643.0,52.0,27,8.8,14.6952,8.7,8.8,0.0,0.74,0.96,0.0,0.0,0.9614,14.9321,1
1591.0,-52.0,26,65.0,193.3781,24.9,86.2,0.0,0.27,0.58,0.04,0.19,0.9245,14.5963,0
1677.0,14.0,56,37.6,51.6677,20.0,34.7,54.1,0.39,0.71,0.04,0.25,0.9251,11.777,0
1663.0,-14.0,56,31.1,134.3136,14.4,17.3,64.2,0.45,0.82,0.02,0.04,0.9529,13.628,0
1992.0,16.0,66,47.7,127.0446,28.8,28.9,76.6,0.45,0.79,0.03,0.18,0.8985,10.8096,0
1976.0,-16.0,66,61.7,210.2619,42.8,7.1,128.7,0.53,0.79,0.06,0.08,0.9675,13.7985,1
1794.0,10.0,56,72.0,158.6841,13.7,54.0,142.1,0.5,0.71,0.12,0.14,0.8717,11.9458,0
1784.0,-10.0,56,35.0,60.6999,33.8,39.4,28.0,0.5,0.8,0.04,0.14,0.9419,13.0395,0
1635.0,-8.0,73,68.4,157.9878,35.7,58.4,87.5,0.4,0.62,0.07,0.19,0.9069,10.549,0
1643.0,8.0,73,93.4,245.3791,21.4,31.1,167.5,0.53,0.79,0.1,0.11,0.9644,14.6709,1
1486.0,24.0,40,75.2,167.8954,21.1,93.3,0.0,0.3,0.62,0.1,0.23,0.9086,13.4947,0
1462.0,-24.0,40,33.0,82.6474,6.6,42.0,0.0,0.5,0.8,0.07,0.05,0.9633,14.881,1
1545.0,-47.0,24,170.7,286.9424,22.6,276.5,0.0,0.08,0.42,0.21,0.25,0.9611,15.6188,0
1592.0,47.0,24,106.4,263.5129,14.4,161.5,0.0,0.33,0.75,0.12,0.08,0.9612,15.1662,1
1608.0,-23.0,34,36.1,78.8859,28.0,39.5,0.0,0.53,0.85,0.06,0.09,0.9642,14.8154,1
1631.0,23.0,33,90.0,187.6336,20.4,116.1,0.0,0.24,0.48,0.12,0.21,0.9507,13.1839,0
1954.0,11.0,31,66.2,182.1082,16.2,90.0,0.0,0.35,0.71,0.06,0.13,0.9272,14.1286,0
1943.0,-11.0,31,17.3,26.1705,40.8,7.7,0.0,0.58,0.81,0.0,0.13,0.9553,14.943,1
1864.0,-5.0,23,73.7,207.7596,30.9,106.6,0.0,0.43,0.83,0.09,0.13,0.9523,14.7098,0
1869.0,5.0,23,30.8,45.7989,30.0,31.3,0.0,0.57,0.78,0.0,0.26,0.9572,14.5867,1
1888.0,-50.0,65,30.8,69.0935,75.7,31.1,12.6,0.45,0.68,0.03,0.14,0.9538,12.7027,1
1938.0,50.0,64,53.3,141.3522,63.8,28.8,78.8,0.34,0.61,0.05,0.17,0.9541,13.6501,0
1426.0,8.0,61,60.7,177.6969,23.7,33.3,117.4,0.34,0.62,0.03,0.23,0.9759,12.0576,0
1418.0,-8.0,61,38.4,131.897,68.9,7.9,67.6,0.61,0.89,0.02,0.13,0.9611,11.7436,1
1671.0,-26.0,51,53.5,144.0105,7.4,30.5,158.3,0.41,0.67,0.04,0.16,0.9421,12.6884,0
1697.0,26.0,51,13.8,27.8607,5.0,15.1,17.4,0.59,0.94,0.0,0.12,0.9538,13.3679,1
1871.0,-17.0,38,85.8,180.8859,84.0,86.5,0.0,0.34,0.74,0.08,0.29,0.931,13.3263,0
1888.0,17.0,38,44.9,104.7305,80.8,33.8,0.0,0.66,0.79,0.08,0.13,0.9308,13.2601,1
1942.0,-104.0,39,116.2,264.0852,48.0,139.7,0.0,0.28,0.62,0.1,0.23,0.9125,12.827,0
2046.0,104.0,39,18.4,33.4505,30.9,14.7,0.0,0.41,0.82,0.0,0.1,0.9602,14.4318,0
1882.0,3.0,50,17.7,24.8989,31.5,17.7,4.0,0.56,0.8,0.0,0.06,0.9506,14.4831,1
1879.0,-3.0,49,51.2,145.9036,57.4,24.0,127.1,0.45,0.73,0.04,0.18,0.9616,12.5302,1
1907.0,-48.0,50,39.5,68.3906,52.9,45.7,7.6,0.42,0.7,0.06,0.16,0.9552,13.4073,0
1955.0,48.0,49,92.6,219.3376,53.4,60.7,223.4,0.43,0.67,0.1,0.2,0.9074,12.2849,0
1823.0,-43.0,24,51.3,97.9643,82.0,29.4,0.0,0.62,0.75,0.08,0.17,0.9677,14.353,1
1866.0,43.0,23,115.3,208.2327,105.9,121.4,0.0,0.26,0.7,0.13,0.3,0.9156,13.0003,0
1670.0,21.0,17,43.4,35.0071,36.0,53.9,0.0,0.24,0.53,0.0,0.41,0.9584,15.4182,0
1649.0,-21.0,16,65.6,113.3161,30.1,111.1,0.0,0.06,0.5,0.12,0.19,0.9531,14.6791,0
1430.0,-42.0,59,13.4,28.8432,38.7,10.9,3.9,0.39,0.66,0.0,0.07,0.9658,13.2506,1
1472.0,42.0,59,10.6,25.0914,38.8,7.4,2.8,0.41,0.59,0.0,0.03,0.9614,12.9891,0
1822.0,6.0,56,37.0,134.8539,37.3,18.8,70.9,0.41,0.66,0.02,0.14,0.9696,15.3495,1
1816.0,-6.0,55,65.8,195.2772,31.2,42.6,128.8,0.36,0.75,0.07,0.09,0.9033,11.3234,1
1856.0,4.0,38,89.3,152.6964,23.8,112.6,0.0,0.58,0.76,0.18,0.13,0.836,11.1955,0
1852.0,-4.0,38,91.7,169.6369,10.1,117.1,0.0,0.42,0.68,0.18,0.05,0.965,15.1218,0
1819.0,-7.0,50,69.5,143.7853,40.4,56.3,138.4,0.42,0.64,0.02,0.42,0.8871,12.144,0
1826.0,7.0,50,67.6,199.0052,31.2,59.2,120.3,0.48,0.76,0.08,0.14,0.9694,15.5816,1
1291.0,-11.0,45,67.4,167.2519,34.2,56.3,200.2,0.49,0.62,0.09,0.24,0.9562,13.9195,1
1302.0,11.0,44,95.7,196.795,27.4,82.4,298.4,0.32,0.59,0.11,0.16,0.9658,13.7488,0
1998.0,-7.0,25,160.8,282.4688,26.2,250.6,0.0,0.4,0.64,0.28,0.12,0.9259,12.4155,0
2005.0,7.0,25,112.2,275.5676,15.3,166.6,0.0,0.52,0.84,0.12,0.08,0.9672,15.5525,0
1903.0,58.0,14,9.9,13.7274,12.3,3.8,0.0,0.5,0.86,0.0,0.0,0.9566,15.6938,0
1845.0,-58.0,13,117.8,276.9552,19.3,339.2,0.0,0.31,0.62,0.15,0.15,0.9559,14.9583,0
1711.0,-18.0,48,33.2,51.0261,31.5,33.4,34.8,0.54,0.79,0.02,0.21,0.887,11.8234,1
1729.0,18.0,48,39.1,145.2988,15.8,19.0,129.3,0.52,0.81,0.02,0.1,0.9162,12.4522,0
1343.0,29.0,33,121.2,200.448,30.4,160.6,0.0,0.3,0.52,0.21,0.21,0.9688,15.3374,0
1314.0,-29.0,33,66.0,115.4606,25.6,81.1,0.0,0.36,0.67,0.09,0.3,0.9683,15.7467,0
1539.0,10.0,37,71.7,172.6805,33.4,85.9,0.0,0.43,0.76,0.08,0.22,0.9109,12.8617,0
1529.0,-10.0,37,28.5,38.9299,23.8,30.0,0.0,0.43,0.78,0.0,0.24,0.9637,14.7104,0
1846.0,31.0,35,85.9,169.6448,56.8,97.6,0.0,0.29,0.46,0.09,0.4,0.9437,14.0754,0
1815.0,-31.0,35,60.7,85.9,48.4,64.9,0.0,0.43,0.69,0.11,0.26,0.96,14.8428,0
1883.0,-17.0,50,33.6,50.8178,10.7,39.8,37.9,0.38,0.62,0.02,0.22,0.9632,14.0745,0
1900.0,17.0,49,36.8,99.7605,10.1,48.9,24.5,0.49,0.65,0.02,0.1,0.9638,13.8049,0
1380.0,-53.0,19,41.4,42.7814,23.8,60.9,0.0,0.32,0.63,0.0,0.32,0.9633,15.5534,0
1433.0,53.0,18,63.2,116.986,24.9,101.6,0.0,0.28,0.56,0.11,0.11,0.9525,13.888,0
1400.0,33.0,12,37.2,32.714,41.5,16.0,0.0,0.33,0.83,0.0,0.25,0.9526,14.8709,0
1367.0,-33.0,11,95.4,165.9966,37.4,356.0,0.0,0.45,0.55,0.09,0.36,0.9603,15.6381,0
1427.0,-87.0,63,65.7,155.1766,64.0,71.4,59.0,0.48,0.75,0.06,0.22,0.9256,12.1125,0
1514.0,87.0,63,104.5,202.1698,17.0,84.4,162.5,0.38,0.6,0.14,0.22,0.9622,13.5188,0
1907.0,-25.0,34,19.3,26.9418,15.8,20.8,0.0,0.47,0.71,0.0,0.15,0.9647,16.2104,0
1932.0,25.0,33,31.8,97.9044,16.1,37.7,0.0,0.58,0.76,0.03,0.09,0.9287,14.0308,0
2208.0,26.0,19,52.9,115.8066,13.8,96.4,0.0,0.58,0.74,0.05,0.21,0.9585,15.5033,0
2182.0,-26.0,18,136.1,257.5127,23.2,249.0,0.0,0.28,0.56,0.22,0.22,0.905,13.4944,0
785.0,-222.0,49,144.1,225.2586,20.8,130.8,325.3,0.24,0.47,0.22,0.31,0.9435,13.8271,0
1007.0,222.0,49,105.6,166.9074,15.9,113.6,162.5,0.22,0.43,0.14,0.33,0.9689,15.3436,0
1513.0,-59.0,30,64.6,82.9377,49.3,72.2,0.0,0.33,0.57,0.03,0.47,0.9607,15.0081,0
1572.0,59.0,30,40.0,69.0072,24.8,46.5,0.0,0.5,0.7,0.03,0.23,0.9614,13.8963,0
1068.0,-29.0,12,109.2,170.4289,88.4,213.5,0.0,0.5,0.75,0.17,0.25,0.9466,14.2502,0
1097.0,29.0,12,102.4,158.294,111.6,75.0,0.0,0.5,0.5,0.17,0.25,0.9374,14.0615,0
1093.0,-16.0,16,46.6,74.1575,38.9,59.3,0.0,0.38,0.69,0.06,0.19,0.9646,16.0118,0
1109.0,16.0,15,139.3,260.4681,38.4,290.5,0.0,0.33,0.53,0.2,0.2,0.8253,12.9366,0
973.0,70.0,22,61.6,102.1444,57.2,65.3,0.0,0.27,0.64,0.14,0.23,0.9555,13.874,0
903.0,-70.0,22,106.3,157.1428,59.2,138.9,0.0,0.32,0.64,0.18,0.36,0.9474,12.3195,0
2004.0,8.0,31,30.3,49.8226,41.6,25.0,0.0,0.52,0.74,0.03,0.16,0.9613,15.4505,0
1996.0,-8.0,30,46.5,82.7409,45.4,47.0,0.0,0.37,0.6,0.03,0.23,0.9172,13.4887,0
1931.0,33.0,37,81.4,171.4127,20.0,104.1,0.0,0.27,0.68,0.08,0.38,0.9705,16.19,0
1898.0,-33.0,37,93.6,167.0115,43.2,109.8,0.0,0.16,0.59,0.05,0.49,0.9376,15.0732,0
1490.0,-1.0,17,130.6,250.1494,82.4,199.6,0.0,0.47,0.65,0.18,0.18,0.9503,13.6402,0
1491.0,1.0,17,69.5,110.0086,85.6,51.5,0.0,0.41,0.65,0.12,0.18,0.9499,14.3773,0
1994.0,38.0,7,52.9,65.5475,52.9,0.0,0.0,0.14,0.86,0.0,0.29,0.952,14.8303,0
1956.0,-38.0,6,133.8,230.5128,133.8,0.0,0.0,0.17,0.5,0.17,0.33,0.9509,14.6551,0
1406.0,-19.0,14,82.8,195.1024,26.9,222.5,0.0,0.29,0.64,0.07,0.29,0.9646,16.1333,0
1425.0,19.0,14,72.1,70.753,56.6,100.2,0.0,0.21,0.43,0.07,0.43,0.9507,14.1975,0
1397.0,31.0,36,112.7,236.7116,21.5,147.8,0.0,0.36,0.58,0.17,0.22,0.9439,15.2613,0
1366.0,-31.0,36,78.7,117.7456,33.1,93.9,0.0,0.28,0.53,0.11,0.31,0.9617,14.516,0
1544.0,7.0,44,105.2,222.0736,16.3,148.5,3.2,0.39,0.59,0.14,0.16,0.9695,14.652,0
1537.0,-7.0,43,131.1,252.117,24.1,179.5,9.0,0.28,0.6,0.21,0.12,0.9387,13.0971,0
1550.0,-25.0,41,57.5,157.5194,38.6,65.7,0.0,0.39,0.76,0.05,0.24,0.9687,15.4751,0
1575.0,25.0,40,107.0,231.5939,22.1,102.7,1000.0,0.4,0.68,0.15,0.23,0.9293,14.0085,0
1291.0,-23.0,33,65.6,173.2449,26.3,82.7,0.0,0.36,0.79,0.03,0.3,0.9635,15.8837,0
1314.0,23.0,32,113.6,251.0654,21.8,149.6,0.0,0.25,0.62,0.09,0.22,0.9593,13.6458,0
1669.0,51.0,55,52.0,62.4319,17.2,53.3,72.5,0.33,0.65,0.05,0.31,0.9606,14.1251,0
1618.0,-51.0,55,35.4,69.6301,26.3,53.4,6.8,0.51,0.75,0.04,0.16,0.9625,13.0673,0
2136.0,-23.0,14,77.4,115.78,71.2,92.8,0.0,0.14,0.57,0.07,0.5,0.9427,14.5547,0
2159.0,23.0,14,23.4,26.2553,24.4,21.6,0.0,0.5,0.64,0.0,0.21,0.9584,15.1741,0
1541.0,99.0,36,39.8,53.5461,25.8,45.2,0.0,0.42,0.72,0.0,0.25,0.9599,15.0743,0
1442.0,-99.0,35,80.5,172.931,15.4,103.0,0.0,0.26,0.6,0.09,0.29,0.9601,14.9116,0
2183.0,96.0,31,31.5,34.3956,23.5,35.3,0.0,0.42,0.65,0.0,0.19,0.9592,14.69,0
2087.0,-96.0,30,94.3,206.6306,22.8,124.9,0.0,0.23,0.53,0.1,0.2,0.9593,14.921,0
1470.0,-4.0,35,40.0,58.0008,30.0,44.0,0.0,0.4,0.71,0.06,0.17,0.9386,14.3387,0
1474.0,4.0,34,50.2,107.91,23.2,59.9,0.0,0.44,0.79,0.03,0.24,0.9634,15.7628,0
1594.0,59.0,33,53.8,106.9325,19.9,68.5,0.0,0.36,0.76,0.09,0.09,0.9611,14.5891,0
1535.0,-59.0,32,84.2,187.9278,32.1,104.7,0.0,0.38,0.5,0.12,0.19,0.96,15.3513,0
1502.0,-53.0,22,81.0,91.4937,59.5,99.0,0.0,0.18,0.55,0.18,0.36,0.912,13.7228,0
1555.0,53.0,22,45.5,65.9435,20.3,62.8,0.0,0.45,0.82,0.09,0.14,0.9575,15.5161,0
1992.0,-138.0,37,77.5,172.9302,23.2,97.7,0.0,0.38,0.7,0.08,0.35,0.8645,12.7131,0
2130.0,138.0,37,36.6,47.7315,36.4,36.7,0.0,0.43,0.62,0.03,0.3,0.9717,15.6417,0
1408.0,-40.0,37,147.4,275.5507,94.4,167.0,0.0,0.32,0.54,0.19,0.19,0.9661,15.6672,0
1448.0,40.0,36,175.7,317.4949,92.7,203.4,0.0,0.22,0.47,0.19,0.28,0.9067,12.9981,0
2062.0,13.0,43,32.5,54.4362,9.0,40.2,34.3,0.53,0.72,0.05,0.19,0.9698,14.6474,0
2049.0,-13.0,43,39.7,55.3528,7.6,51.0,27.2,0.35,0.81,0.05,0.3,0.9625,13.1538,0
2014.0,146.0,30,125.9,212.2052,70.1,153.8,0.0,0.23,0.53,0.17,0.3,0.9552,13.425,0
1868.0,-146.0,29,115.8,237.4538,87.1,128.8,0.0,0.24,0.45,0.14,0.21,0.9541,14.7039,0
1818.0,15.0,29,51.0,74.8541,36.0,58.9,0.0,0.34,0.72,0.07,0.17,0.9659,15.8272,0
1803.0,-15.0,29,62.3,88.9828,31.7,76.1,0.0,0.38,0.55,0.1,0.24,0.9599,14.6029,0
1834.0,11.0,76,78.8,160.9719,15.4,106.5,73.4,0.37,0.62,0.12,0.12,0.961,12.2866,0
1823.0,-11.0,76,44.0,79.5054,7.7,74.3,28.3,0.38,0.68,0.08,0.13,0.964,13.9876,0
1617.0,5.0,53,36.1,66.7308,25.6,47.8,17.4,0.43,0.62,0.04,0.13,0.956,13.0577,0
1612.0,-5.0,52,35.1,73.9033,15.1,52.6,8.4,0.4,0.85,0.04,0.15,0.9335,12.1975,0
1551.0,-82.0,8,56.2,83.4348,56.2,0.0,0.0,0.5,0.75,0.12,0.25,0.9488,15.0671,0
1633.0,82.0,7,135.4,265.0521,135.4,0.0,0.0,0.29,0.71,0.14,0.14,0.8122,12.0891,0
1788.0,-38.0,59,117.4,239.0569,26.4,107.2,181.6,0.41,0.73,0.14,0.24,0.9521,11.5679,0
1826.0,38.0,59,90.5,196.0443,40.4,88.3,116.4,0.39,0.69,0.12,0.27,0.9444,14.2227,0
1225.0,-147.0,19,25.7,36.1249,18.7,33.4,0.0,0.53,0.84,0.0,0.16,0.9591,14.9781,0
1372.0,147.0,18,76.4,128.4149,12.4,140.4,0.0,0.06,0.67,0.11,0.22,0.9629,15.0619,0
1284.0,4.0,32,71.0,181.3835,7.0,100.0,0.0,0.41,0.72,0.06,0.25,0.9602,14.751,0
1280.0,-4.0,32,116.5,209.6827,13.4,156.8,0.0,0.19,0.53,0.19,0.22,0.9662,13.7643,0
2065.0,43.0,34,52.3,66.2597,10.5,69.8,0.0,0.38,0.82,0.03,0.29,0.9703,15.1952,0
2022.0,-43.0,34,60.7,81.9507,14.6,77.3,0.0,0.32,0.71,0.06,0.32,0.9369,13.7556,0
1559.0,-20.0,28,52.2,70.3334,43.1,57.3,0.0,0.32,0.5,0.07,0.25,0.9681,14.6655,0
1579.0,20.0,28,20.2,30.0137,7.6,26.2,0.0,0.39,0.82,0.0,0.11,0.9532,14.9323,0
1483.0,-59.0,47,56.8,149.5076,24.5,79.9,3.9,0.36,0.66,0.04,0.19,0.9466,14.4285,0
1542.0,59.0,47,93.6,211.7937,77.2,83.0,152.1,0.3,0.6,0.11,0.19,0.9448,11.7189,0
893.0,-110.0,51,82.8,145.8907,54.7,91.6,84.5,0.39,0.65,0.12,0.33,0.9422,13.532,0
1003.0,110.0,50,89.7,117.3253,89.0,73.7,134.0,0.28,0.62,0.14,0.32,0.9343,12.6994,0
1819.0,-43.0,51,84.1,168.8495,88.4,64.7,133.2,0.2,0.57,0.08,0.27,0.9614,13.5324,0
1862.0,43.0,50,74.2,149.8334,44.3,68.6,114.0,0.26,0.54,0.06,0.3,0.962,13.7974,0
1758.0,-24.0,13,110.4,106.6681,62.8,269.0,0.0,0.23,0.38,0.23,0.38,0.9602,15.7991,0
1782.0,24.0,13,48.5,66.0525,62.4,17.2,0.0,0.38,0.54,0.08,0.38,0.9478,14.8557,0
2129.0,-45.0,48,98.0,154.05,44.9,113.3,107.1,0.23,0.54,0.12,0.29,0.9658,12.8011,0
2174.0,45.0,48,89.1,133.7531,28.7,84.7,164.3,0.21,0.54,0.12,0.38,0.9669,15.4334,0
1826.0,54.0,24,29.7,30.4752,31.4,28.5,0.0,0.42,0.62,0.0,0.17,0.9622,14.9696,0
1772.0,-54.0,23,39.9,70.8567,11.1,58.4,0.0,0.39,0.7,0.04,0.09,0.9619,15.4264,0
1002.0,40.0,11,55.0,112.4784,59.7,8.0,0.0,0.36,0.64,0.09,0.09,0.9595,15.0847,0
962.0,-40.0,10,104.1,239.1998,28.9,781.0,0.0,0.3,0.5,0.1,0.3,0.9566,14.7708,0
1460.0,63.0,48,61.9,83.3251,27.3,83.5,24.2,0.27,0.42,0.06,0.33,0.9358,12.1893,0
1397.0,-63.0,48,48.6,153.4637,17.3,71.8,2.4,0.4,0.71,0.04,0.1,0.9453,15.3823,0
1401.0,18.0,46,34.1,53.99,33.6,33.9,36.0,0.54,0.78,0.02,0.24,0.9528,13.407,0
1383.0,-18.0,45,54.9,70.2863,47.3,50.8,86.5,0.4,0.62,0.04,0.29,0.955,12.1059,0
1729.0,-33.0,28,31.6,49.5306,34.0,30.3,0.0,0.5,0.75,0.0,0.18,0.9637,15.6205,0
1762.0,33.0,27,25.7,24.9963,30.8,23.2,0.0,0.3,0.63,0.0,0.22,0.9568,15.3545,0
2195.0,-47.0,49,29.0,75.6476,10.9,43.6,0.2,0.49,0.82,0.04,0.1,0.9601,13.7213,0
2242.0,47.0,48,31.1,58.7636,21.4,43.3,0.0,0.44,0.65,0.02,0.17,0.9696,13.8694,0
2385.0,-26.0,52,40.6,60.1251,19.7,44.3,48.8,0.44,0.75,0.02,0.29,0.9716,14.324,0
2411.0,26.0,52,53.1,59.7933,27.8,41.6,97.3,0.35,0.62,0.04,0.37,0.964,12.5502,0
1765.0,-7.0,31,79.1,215.463,21.9,106.3,0.0,0.52,0.77,0.1,0.13,0.9005,14.279,0
1772.0,7.0,30,130.4,243.879,40.7,168.9,0.0,0.3,0.63,0.1,0.4,0.9279,14.0021,0
1949.0,-53.0,35,19.9,35.6972,7.0,25.1,0.0,0.46,0.74,0.0,0.09,0.9547,14.5701,0
2002.0,53.0,34,16.1,29.3445,3.2,20.8,0.0,0.56,0.79,0.0,0.12,0.9608,13.8603,0
1518.0,-365.0,46,55.6,150.2353,29.0,42.2,167.3,0.41,0.67,0.04,0.17,0.919,12.1923,0
1883.0,365.0,46,18.1,29.4388,13.1,23.7,0.1,0.52,0.83,0.0,0.13,0.9494,13.983,0
2054.0,2.0,46,46.4,147.5291,21.0,25.0,195.8,0.46,0.63,0.02,0.15,0.9343,13.1547,0
2052.0,-2.0,46,31.6,46.7783,23.3,27.0,61.6,0.41,0.76,0.02,0.24,0.9401,13.0696,0
1849.0,49.0,47,40.9,63.5277,14.1,55.0,18.4,0.28,0.53,0.04,0.26,0.9673,14.8975,0
1800.0,-49.0,46,41.4,53.2175,14.6,57.6,6.4,0.17,0.57,0.02,0.3,0.9657,15.4271,0
1791.0,36.0,58,57.0,108.7727,28.0,74.3,44.2,0.36,0.71,0.07,0.21,0.9529,13.9845,0
1755.0,-36.0,57,71.8,86.8122,51.8,87.8,55.1,0.39,0.63,0.11,0.3,0.9465,12.0133,0
1296.0,-100.0,30,42.0,71.9264,21.2,52.4,0.0,0.37,0.57,0.03,0.2,0.9643,15.2586,0
1396.0,100.0,30,42.7,85.0692,12.7,55.6,0.0,0.4,0.73,0.03,0.23,0.9569,14.3922,0
1489.0,-15.0,35,40.4,47.1744,40.4,40.4,0.0,0.26,0.49,0.0,0.26,0.9631,15.3106,0
1504.0,15.0,34,33.5,44.3999,33.4,33.6,0.0,0.35,0.62,0.0,0.21,0.9564,14.5303,0
1508.0,15.0,37,57.3,75.7947,37.2,64.8,0.0,0.35,0.62,0.05,0.35,0.9654,13.7435,0
1493.0,-15.0,37,39.8,40.9565,31.4,42.5,0.0,0.35,0.62,0.0,0.32,0.9643,15.3259,0
903.0,-221.0,25,189.5,250.3624,78.6,263.5,0.0,0.32,0.48,0.32,0.24,0.9553,14.1845,0
1124.0,221.0,24,126.1,215.0028,92.4,146.3,0.0,0.38,0.58,0.17,0.21,0.9603,15.2344,0
1206.0,52.0,37,23.8,28.1657,31.8,20.9,0.0,0.3,0.51,0.0,0.14,0.9583,15.6209,0
1154.0,-52.0,36,82.1,188.6815,142.9,61.8,0.0,0.36,0.44,0.11,0.22,0.871,10.9379,0
2005.0,-3.0,25,90.8,197.7251,33.7,128.9,0.0,0.32,0.56,0.08,0.32,0.97,15.0509,0
2008.0,3.0,25,20.5,29.2263,25.0,18.0,0.0,0.48,0.84,0.0,0.12,0.9651,14.6855,0
2331.0,19.0,36,38.8,59.454,22.4,45.2,0.0,0.31,0.67,0.03,0.28,0.9629,15.805,0
2312.0,-19.0,35,55.8,100.1871,19.1,68.5,0.0,0.37,0.69,0.09,0.2,0.9607,14.3871,0
2217.0,-4.0,40,108.0,214.5376,36.2,132.0,0.0,0.2,0.62,0.12,0.28,0.9639,15.1728,0
2221.0,4.0,39,113.4,236.3426,49.6,132.6,0.0,0.31,0.54,0.15,0.21,0.9606,14.4897,0
1793.0,66.0,35,43.6,63.007,34.6,47.2,0.0,0.51,0.66,0.0,0.29,0.9514,14.3018,0
1727.0,-66.0,35,28.8,35.5487,21.4,31.3,0.0,0.51,0.77,0.0,0.23,0.9465,14.449,0
1698.0,144.0,33,47.4,58.415,35.8,52.5,0.0,0.33,0.64,0.0,0.3,0.9562,14.9454,0
1554.0,-144.0,32,51.7,100.0292,50.8,52.0,0.0,0.44,0.69,0.06,0.22,0.9634,14.1663,0
810.0,99.0,20,53.3,62.9738,71.3,35.3,0.0,0.2,0.5,0.05,0.3,0.9585,14.786,0
711.0,-99.0,20,102.4,132.7385,121.8,86.5,0.0,0.25,0.5,0.25,0.25,0.9504,13.7981,0
1604.0,11.0,40,43.4,71.487,41.9,43.9,0.0,0.3,0.55,0.03,0.25,0.9625,14.7326,0
1593.0,-11.0,40,32.2,34.0164,41.9,28.5,57.0,0.28,0.53,0.0,0.25,0.9666,14.6354,0
1528.0,-5.0,53,111.1,236.0681,22.4,155.6,76.8,0.3,0.51,0.13,0.26,0.9213,11.7889,0
1533.0,5.0,53,106.3,242.8893,19.8,131.5,107.8,0.3,0.7,0.15,0.13,0.9338,13.1446,0
660.0,-72.0,47,90.7,213.6372,107.4,106.3,0.3,0.4,0.62,0.11,0.21,0.8711,10.347,0
732.0,72.0,47,31.3,71.5445,61.6,30.6,0.1,0.28,0.51,0.04,0.17,0.9682,14.8391,0
1714.0,41.0,42,46.7,60.3264,44.5,47.6,44.5,0.29,0.6,0.02,0.29,0.9619,14.1211,0
1673.0,-41.0,41,27.3,27.2098,26.2,27.8,24.5,0.32,0.63,0.0,0.15,0.9563,14.6416,0
1280.0,-41.0,30,141.6,220.0017,25.2,199.8,0.0,0.43,0.57,0.27,0.23,0.9626,15.1044,0
1321.0,41.0,30,107.5,148.33,13.8,147.6,0.0,0.33,0.7,0.13,0.33,0.9636,15.0594,0
1428.0,49.0,15,44.5,103.8638,66.5,0.4,0.0,0.73,1.0,0.13,0.0,0.9465,13.5613,0
1379.0,-49.0,14,142.3,280.208,97.4,223.0,0.0,0.5,0.57,0.21,0.14,0.959,12.7439,0
1491.0,111.0,35,93.3,231.7662,42.6,113.6,0.0,0.4,0.74,0.06,0.26,0.9622,14.7719,0
1380.0,-111.0,35,114.8,237.3238,22.1,146.8,0.0,0.26,0.63,0.11,0.31,0.9313,12.9814,0
894.0,18.0,18,144.3,258.2265,89.8,212.5,0.0,0.22,0.5,0.22,0.22,0.9564,14.7552,0
876.0,-18.0,18,60.6,75.4408,45.7,75.6,0.0,0.39,0.56,0.06,0.39,0.9063,15.0052,0
1890.0,6.0,19,97.8,236.411,25.4,178.3,0.0,0.32,0.63,0.11,0.16,0.9495,13.8722,0
1884.0,-6.0,19,9.3,11.8409,7.8,10.6,0.0,0.58,0.84,0.0,0.0,0.9613,15.8955,0
1198.0,-43.0,6,41.8,52.0439,41.8,0.0,0.0,0.17,0.33,0.0,0.33,0.9522,14.9446,0
1241.0,43.0,6,73.2,53.4132,73.2,0.0,0.0,0.17,0.33,0.0,0.67,0.9524,14.7311,0
1870.0,-42.0,35,58.0,89.6656,67.2,54.3,0.0,0.31,0.66,0.03,0.37,0.9684,14.4623,0
1912.0,42.0,35,35.3,45.6243,46.8,31.3,0.0,0.49,0.74,0.0,0.31,0.9322,14.5103,0
1864.0,9.0,34,73.1,176.9595,53.8,81.2,0.0,0.41,0.56,0.06,0.26,0.9615,14.9646,0
1855.0,-9.0,34,92.4,193.6665,66.9,101.6,0.0,0.26,0.59,0.12,0.21,0.9637,14.8724,0
1729.0,12.0,49,96.1,202.0663,21.5,111.4,128.1,0.24,0.59,0.08,0.29,0.9532,13.2722,0
1717.0,-12.0,48,100.8,245.7079,58.6,69.0,248.9,0.44,0.73,0.1,0.17,0.958,11.5883,0
1109.0,23.0,23,103.2,139.5615,106.1,100.9,0.0,0.22,0.57,0.17,0.35,0.9645,16.5678,0
1086.0,-23.0,23,110.9,160.2923,154.3,83.0,0.0,0.3,0.48,0.22,0.26,0.9571,14.1941,0
1553.0,32.0,32,84.9,130.8437,53.9,99.0,0.0,0.22,0.56,0.12,0.28,0.9604,15.5763,0
1521.0,-32.0,31,66.8,87.7106,32.7,80.8,0.0,0.26,0.58,0.06,0.35,0.9632,15.3732,0
2391.0,9.0,35,34.7,57.6754,5.9,46.2,0.0,0.49,0.77,0.06,0.14,0.9358,14.7979,0
2382.0,-9.0,34,73.8,175.8317,8.8,97.2,0.0,0.24,0.44,0.06,0.21,0.927,14.3,0
1004.0,-105.0,39,72.9,167.7969,48.5,81.4,0.0,0.36,0.62,0.08,0.21,0.9218,12.2174,0
1109.0,105.0,39,28.1,37.9074,17.6,31.2,0.0,0.36,0.64,0.0,0.21,0.9587,13.9149,0
1213.0,-41.0,3,22.3,31.77,22.3,0.0,0.0,0.0,0.67,0.0,0.33,0.9567,13.9826,0
1254.0,41.0,2,2.0,2.8284,2.0,0.0,0.0,0.5,1.0,0.0,0.0,0.9611,13.662,0
1026.0,-28.0,14,73.3,124.1162,22.6,200.0,0.0,0.21,0.5,0.14,0.07,0.9595,14.9559,0
1054.0,28.0,14,18.9,20.5669,15.2,25.6,0.0,0.29,0.64,0.0,0.14,0.9646,15.7161,0
1426.0,37.0,38,58.0,85.5922,30.3,67.9,0.0,0.37,0.66,0.05,0.34,0.9702,13.0612,0
1389.0,-37.0,38,40.6,80.335,14.2,48.7,0.0,0.34,0.76,0.05,0.16,0.9629,15.2376,0
1754.0,-61.0,22,28.8,25.0104,18.1,37.7,0.0,0.36,0.82,0.0,0.23,0.9636,15.2416,0
1815.0,61.0,21,89.3,219.9298,49.3,119.2,0.0,0.29,0.57,0.1,0.29,0.9552,15.4429,0
1824.0,-48.0,32,100.8,247.4366,11.5,141.4,0.0,0.41,0.69,0.12,0.12,0.9542,14.4249,0
1872.0,48.0,32,20.6,23.8623,16.1,22.3,0.0,0.41,0.69,0.0,0.09,0.9695,15.0683,0
1911.0,-51.0,31,26.4,34.0437,30.1,24.6,0.0,0.39,0.68,0.0,0.23,0.956,14.0716,0
1962.0,51.0,31,24.5,39.6383,19.0,26.8,0.0,0.42,0.77,0.0,0.16,0.958,14.7082,0
1596.0,-2.0,19,44.2,63.7349,11.5,80.4,0.0,0.37,0.63,0.05,0.21,0.9621,15.9411,0
1598.0,2.0,18,77.0,134.3634,16.4,137.6,0.0,0.28,0.67,0.11,0.22,0.9599,14.8177,0
1341.0,-20.0,61,69.6,201.9345,105.8,106.2,0.1,0.2,0.38,0.08,0.11,0.9668,16.1773,0
1361.0,20.0,60,71.4,174.2021,150.0,97.8,0.0,0.22,0.48,0.13,0.07,0.8746,9.0663,0
986.0,-107.0,41,141.2,224.8164,133.4,148.4,2.0,0.32,0.44,0.12,0.44,0.9533,12.7116,0
1093.0,107.0,41,83.4,166.7141,65.4,94.3,0.0,0.37,0.54,0.1,0.32,0.9664,15.5539,0
1409.0,13.0,22,61.1,62.3197,47.0,72.9,0.0,0.41,0.64,0.05,0.41,0.9584,15.6794,0
1396.0,-13.0,21,85.0,96.8698,69.8,96.5,0.0,0.24,0.43,0.14,0.38,0.964,15.3391,0
1618.0,37.0,21,92.0,123.9984,81.1,101.9,0.0,0.24,0.57,0.05,0.48,0.9483,15.041,0
1581.0,-37.0,20,110.1,156.8767,77.8,136.5,0.0,0.3,0.55,0.15,0.45,0.9459,13.7819,0
3022.0,253.0,49,64.4,102.1645,17.9,87.3,39.7,0.29,0.43,0.1,0.18,0.957,13.993,0
2769.0,-253.0,48,73.7,162.2215,18.7,96.7,52.0,0.19,0.5,0.08,0.19,0.9509,14.4436,0
1625.0,-11.0,27,84.1,126.4982,39.0,110.6,0.0,0.3,0.44,0.07,0.33,0.9662,14.9192,0
1636.0,11.0,27,54.7,82.967,33.2,65.4,0.0,0.3,0.7,0.07,0.19,0.9615,15.013,0
867.0,6.0,18,46.1,46.6991,41.3,52.1,0.0,0.44,0.83,0.0,0.33,0.9514,14.5486,0
861.0,-6.0,17,78.3,71.0385,61.9,96.8,0.0,0.18,0.59,0.06,0.47,0.9594,15.4609,0
2126.0,24.0,47,53.4,75.2133,19.6,59.6,75.3,0.43,0.77,0.06,0.28,0.9667,14.3776,0
2102.0,-24.0,46,53.3,92.8717,11.9,66.7,49.4,0.39,0.72,0.07,0.2,0.9682,15.1729,0
863.0,62.0,25,85.2,210.7269,14.8,132.1,0.0,0.52,0.64,0.12,0.12,0.9217,13.0803,0
801.0,-62.0,24,206.8,325.9145,72.6,287.4,0.0,0.17,0.46,0.29,0.33,0.9517,14.3359,0
1821.0,-37.0,40,59.1,82.0301,59.9,58.8,0.0,0.38,0.68,0.07,0.33,0.9566,14.9843,0
1858.0,37.0,39,60.7,90.1218,8.4,76.4,0.0,0.33,0.72,0.1,0.23,0.9633,13.1211,0
1448.0,-4.0,31,28.8,34.6962,16.5,34.7,0.0,0.29,0.68,0.0,0.19,0.9636,14.8927,0
1452.0,4.0,31,58.5,109.521,11.8,77.6,0.0,0.29,0.52,0.1,0.19,0.9655,14.927,0
1327.0,16.0,17,74.1,78.06,40.6,122.0,0.0,0.29,0.59,0.06,0.47,0.9552,15.2737,0
1311.0,-16.0,16,61.2,66.933,61.1,61.3,0.0,0.31,0.62,0.06,0.25,0.9366,13.8957,0
1974.0,-79.0,54,61.3,107.6038,26.3,86.4,32.6,0.48,0.76,0.06,0.33,0.9463,13.1606,0
2053.0,79.0,53,102.7,189.3903,38.2,81.9,188.6,0.34,0.7,0.21,0.17,0.9155,12.1444,0
1207.0,-16.0,25,24.3,37.0838,11.7,32.7,0.0,0.56,0.88,0.0,0.12,0.9605,15.1105,0
1223.0,16.0,24,53.1,75.3423,58.9,49.7,0.0,0.21,0.58,0.04,0.29,0.9618,13.3871,0
2071.0,55.0,64,74.0,193.8351,26.7,66.3,103.3,0.27,0.66,0.06,0.23,0.9727,13.7834,0
2016.0,-55.0,63,74.2,145.6353,20.8,84.1,81.8,0.32,0.63,0.13,0.14,0.9645,11.6611,0
1985.0,17.0,32,65.8,98.4373,38.3,78.3,0.0,0.38,0.62,0.16,0.19,0.9704,15.2944,0
1968.0,-17.0,32,79.7,88.556,43.0,94.0,0.0,0.22,0.53,0.06,0.47,0.9608,15.0519,0
2312.0,57.0,12,14.2,24.1553,17.1,0.0,0.0,0.75,0.83,0.0,0.08,0.9546,15.2226,0
2255.0,-57.0,11,153.4,300.1261,76.2,500.5,0.0,0.09,0.27,0.18,0.09,0.9184,12.8016,0
1639.0,11.0,11,68.6,148.1825,68.5,70.0,0.0,0.55,0.64,0.09,0.27,0.9496,15.0284,0
1628.0,-11.0,11,71.4,148.7234,82.0,23.5,0.0,0.09,0.73,0.09,0.09,0.9563,15.5484,0
1988.0,10.0,37,44.9,104.8568,8.1,58.5,0.0,0.32,0.7,0.05,0.14,0.938,15.0081,0
1978.0,-10.0,37,24.6,32.0369,7.0,30.2,0.0,0.46,0.65,0.0,0.19,0.9362,14.1731,0
1560.0,-37.0,23,18.4,24.1112,11.3,23.9,0.0,0.52,0.78,0.0,0.09,0.9583,15.6529,0
1597.0,37.0,23,47.3,82.1952,32.9,56.6,0.0,0.43,0.61,0.04,0.22,0.964,12.5777,0
2288.0,-56.0,24,44.9,52.8108,22.5,60.9,0.0,0.29,0.62,0.0,0.38,0.9621,15.1251,0
2344.0,56.0,24,17.0,26.9807,28.3,10.1,0.0,0.58,0.75,0.0,0.17,0.9579,14.8686,0
2235.0,-18.0,23,35.7,72.2072,9.9,55.5,0.0,0.43,0.83,0.04,0.13,0.9595,15.1406,0
2253.0,18.0,22,65.5,104.8031,15.6,100.2,0.0,0.23,0.59,0.09,0.23,0.9121,13.5531,0
1903.0,27.0,21,67.5,124.4928,34.6,97.5,0.0,0.33,0.62,0.1,0.24,0.9123,14.5177,0
1876.0,-27.0,21,27.0,48.9592,22.3,30.5,0.0,0.43,0.81,0.0,0.14,0.9644,15.9966,0
1818.0,-21.0,9,70.9,86.2097,70.9,0.0,0.0,0.22,0.44,0.11,0.22,0.9541,14.8557,0
1839.0,21.0,9,118.7,78.508,118.7,0.0,0.0,0.0,0.22,0.11,0.89,0.9574,14.9052,0
1456.0,-3.0,42,71.2,96.1061,73.6,53.2,330.0,0.33,0.6,0.1,0.36,0.9443,13.7585,0
1459.0,3.0,42,46.7,78.7055,50.7,36.2,139.7,0.45,0.67,0.05,0.26,0.9137,12.5777,0
2462.0,-105.0,45,76.1,160.905,54.3,54.2,250.8,0.29,0.56,0.07,0.29,0.954,14.2637,0
2567.0,105.0,44,63.2,103.5005,27.1,80.2,26.0,0.3,0.64,0.07,0.34,0.9602,13.686,0
1704.0,-10.0,14,50.8,138.447,13.2,144.8,0.0,0.36,0.57,0.07,0.0,0.9623,15.4966,0
1714.0,10.0,14,14.0,31.5107,3.2,33.4,0.0,0.57,0.93,0.0,0.07,0.9616,14.9367,0
1701.0,698.0,22,105.6,136.4564,39.0,161.2,0.0,0.27,0.55,0.18,0.32,0.96,15.9046,0
1003.0,-698.0,21,104.2,150.1626,38.3,153.7,0.0,0.29,0.67,0.19,0.29,0.968,16.2825,0
1786.0,5.0,19,34.8,47.4415,32.8,37.1,0.0,0.37,0.79,0.0,0.26,0.9586,15.876,0
1781.0,-5.0,18,78.9,129.8055,24.7,133.2,0.0,0.33,0.67,0.11,0.28,0.9565,14.7032,0
1811.0,-131.0,36,77.3,102.6897,65.0,82.0,0.0,0.31,0.64,0.08,0.42,0.9543,13.9224,0
1942.0,131.0,36,55.9,64.9795,69.6,51.4,0.0,0.44,0.72,0.03,0.39,0.9648,14.3427,0
1559.0,26.0,92,94.6,194.843,87.9,152.1,62.7,0.25,0.48,0.12,0.22,0.9706,12.646,0
1533.0,-26.0,91,106.4,216.8206,30.7,167.6,84.2,0.27,0.54,0.14,0.23,0.9841,11.5148,0
1836.0,19.0,52,74.9,101.706,68.9,81.3,64.1,0.21,0.44,0.15,0.23,0.9172,12.6363,0
1817.0,-19.0,52,70.5,159.6021,81.4,62.9,80.4,0.4,0.73,0.12,0.15,0.9508,13.9857,0
2515.0,-16.0,37,64.1,170.0364,12.3,83.2,0.0,0.49,0.68,0.08,0.22,0.8817,13.1649,0
2531.0,16.0,37,21.1,43.202,5.9,26.0,0.0,0.59,0.84,0.03,0.14,0.9639,14.8689,0
2267.0,-1.0,63,26.4,65.206,19.5,24.0,32.5,0.43,0.75,0.02,0.1,0.9349,13.2794,0
2268.0,1.0,63,21.2,55.4347,12.1,15.5,31.7,0.56,0.78,0.02,0.06,0.9749,13.0938,0
1489.0,95.0,40,68.8,167.7027,32.9,80.7,0.0,0.23,0.55,0.05,0.23,0.8821,11.165,0
1394.0,-95.0,40,43.9,160.3632,45.4,44.9,0.0,0.4,0.72,0.03,0.12,0.9581,13.7961,0
2062.0,27.0,28,164.7,349.1889,10.0,250.6,0.0,0.46,0.79,0.14,0.18,0.9295,14.2401,0
2035.0,-27.0,28,182.1,343.5128,18.1,259.8,0.0,0.39,0.61,0.18,0.25,0.9592,14.9658,0
1652.0,3.0,28,57.8,62.4927,23.0,77.2,0.0,0.32,0.54,0.07,0.36,0.9623,14.9403,0
1649.0,-3.0,28,33.4,47.1885,24.4,37.6,0.0,0.39,0.82,0.0,0.25,0.8923,11.3669,0
1489.0,19.0,40,69.2,97.1435,35.9,80.4,0.0,0.2,0.53,0.07,0.38,0.9589,15.101,0
1470.0,-19.0,39,98.9,201.8152,18.8,123.0,0.0,0.18,0.46,0.1,0.28,0.9344,13.8106,0
801.0,-26.0,22,142.0,234.1073,78.9,194.7,0.0,0.23,0.5,0.18,0.36,0.9631,13.8938,0
827.0,26.0,22,63.3,87.5689,89.3,45.2,0.0,0.36,0.82,0.09,0.23,0.9529,14.9668,0
1478.0,89.0,63,68.9,108.7217,24.6,85.3,66.7,0.41,0.62,0.13,0.19,0.9671,13.6275,0
1389.0,-89.0,62,77.3,153.7832,24.7,81.8,92.1,0.35,0.63,0.08,0.29,0.9545,12.6722,0
2002.0,37.0,52,52.0,81.0195,19.9,45.8,94.2,0.38,0.67,0.1,0.19,0.9723,12.7673,0
1965.0,-37.0,52,48.1,88.8992,24.0,47.2,66.9,0.37,0.63,0.06,0.21,0.9616,13.3538,0
1697.0,83.0,38,78.3,111.7496,28.5,96.1,0.0,0.16,0.58,0.08,0.34,0.9719,15.4279,0
1614.0,-83.0,37,74.0,118.632,46.1,83.0,0.0,0.27,0.68,0.11,0.22,0.9613,14.535,0
2362.0,-16.0,61,52.2,152.6474,27.7,43.6,76.1,0.39,0.67,0.05,0.16,0.9683,13.7944,0
2378.0,16.0,60,77.2,217.4035,17.4,58.4,129.5,0.38,0.67,0.05,0.22,0.9332,11.0789,0
2158.0,111.0,38,60.4,167.8119,21.2,74.4,0.0,0.47,0.74,0.05,0.18,0.9625,15.2422,0
2047.0,-111.0,37,79.2,193.5914,23.3,97.1,0.0,0.35,0.84,0.11,0.14,0.8582,12.6245,0
2242.0,-25.0,32,57.3,88.6913,9.0,79.2,0.0,0.5,0.66,0.09,0.31,0.9607,14.1277,0
2267.0,25.0,31,30.3,46.9875,5.0,40.7,0.0,0.45,0.77,0.03,0.19,0.9685,16.2402,0
917.0,-116.0,28,92.9,154.5815,77.0,101.7,0.0,0.21,0.46,0.11,0.32,0.9576,15.1789,0
1033.0,116.0,27,93.4,142.8671,90.1,95.1,0.0,0.26,0.59,0.15,0.33,0.9634,15.3421,0
1008.0,0.0,6,10.3,22.9492,10.3,0.0,0.0,0.5,1.0,0.0,0.17,0.9537,14.6242,0
1008.0,0.0,5,107.6,175.0094,107.6,0.0,0.0,0.2,0.4,0.2,0.2,0.9606,12.2324,0
1705.0,-61.0,39,89.8,267.2959,10.4,117.2,0.0,0.54,0.82,0.08,0.1,0.9618,15.0663,0
1766.0,61.0,38,82.6,226.8953,12.1,104.5,0.0,0.26,0.61,0.08,0.18,0.9632,13.5043,0
1267.0,36.0,38,72.6,89.7036,57.6,77.9,0.0,0.21,0.47,0.13,0.29,0.9609,15.549,0
1231.0,-36.0,37,48.8,86.3203,16.9,59.0,0.0,0.41,0.62,0.05,0.24,0.9651,15.5068,0
1797.0,-86.0,42,95.8,175.7232,32.0,121.9,23.0,0.19,0.43,0.1,0.26,0.9676,13.2364,0
1883.0,86.0,42,94.7,150.93,33.4,116.4,61.3,0.21,0.52,0.14,0.24,0.9565,14.3152,0
1247.0,12.0,47,86.5,244.0525,6.1,33.2,429.4,0.53,0.77,0.06,0.15,0.9626,15.3922,0
1235.0,-12.0,46,66.0,149.435,10.6,57.2,174.9,0.2,0.48,0.04,0.28,0.957,13.0976,0
1490.0,-20.0,27,90.4,211.8997,27.1,127.6,0.0,0.19,0.52,0.07,0.33,0.926,14.7569,0
1510.0,20.0,27,59.0,99.1617,20.3,78.4,0.0,0.22,0.56,0.07,0.22,0.9603,14.8798,0
1917.0,38.0,19,26.4,29.3017,14.2,40.0,0.0,0.42,0.53,0.0,0.26,0.9628,15.5249,0
1879.0,-38.0,19,29.7,43.5342,18.0,40.2,0.0,0.32,0.53,0.0,0.16,0.9591,14.9573,0
2177.0,68.0,44,36.2,60.7275,3.2,40.6,85.5,0.52,0.77,0.02,0.14,0.9644,15.1458,0
2109.0,-68.0,44,45.9,67.0356,11.0,39.0,149.8,0.27,0.59,0.09,0.14,0.9674,14.322,0
1624.0,3.0,78,45.4,78.2905,11.6,77.9,28.6,0.33,0.6,0.03,0.26,0.9754,12.6252,0
1621.0,-3.0,77,47.2,106.6516,3.2,65.1,43.5,0.4,0.71,0.05,0.19,0.9663,12.9738,0
1016.0,-111.0,28,86.3,191.8234,37.8,113.2,0.0,0.39,0.61,0.11,0.29,0.9498,14.8793,0
1127.0,111.0,27,116.5,231.1369,35.4,157.1,0.0,0.3,0.67,0.15,0.26,0.916,12.0645,0
1620.0,-21.0,48,34.6,32.6663,23.9,40.8,25.1,0.27,0.48,0.0,0.25,0.9668,14.8841,0
1641.0,21.0,48,47.0,61.8086,17.1,48.1,73.3,0.23,0.52,0.04,0.29,0.941,13.299,0
1879.0,8.0,25,88.6,201.9901,70.0,101.1,0.0,0.4,0.6,0.08,0.28,0.9506,14.0018,0
1871.0,-8.0,24,44.0,94.3128,52.7,38.9,0.0,0.46,0.75,0.04,0.17,0.9605,14.9126,0
1641.0,23.0,22,90.6,209.577,37.0,135.2,0.0,0.41,0.68,0.05,0.36,0.9145,14.0251,0
1618.0,-23.0,21,87.2,89.069,106.3,72.9,0.0,0.24,0.52,0.1,0.48,0.9492,13.8668,0
928.0,42.0,24,129.5,211.205,57.3,181.1,0.0,0.17,0.54,0.21,0.29,0.9634,15.3152,0
886.0,-42.0,24,164.3,248.06,38.6,239.7,0.0,0.33,0.5,0.25,0.29,0.9609,14.3049,0
922.0,30.0,22,117.0,224.7688,53.0,170.2,0.0,0.5,0.77,0.18,0.14,0.9466,13.9209,0
892.0,-30.0,21,142.4,240.6409,56.8,206.7,0.0,0.38,0.52,0.24,0.19,0.8971,13.6364,0
1831.0,41.0,24,55.4,64.2243,52.6,57.4,0.0,0.25,0.58,0.08,0.33,0.9553,14.9157,0
1790.0,-41.0,23,108.1,213.7552,37.2,153.7,0.0,0.35,0.61,0.09,0.43,0.9475,14.2981,0
1685.0,-6.0,19,71.8,112.6393,18.7,130.8,0.0,0.26,0.58,0.16,0.11,0.9605,15.889,0
1691.0,6.0,18,27.6,46.3518,23.4,31.8,0.0,0.44,0.72,0.0,0.17,0.957,15.4364,0
2025.0,-20.0,43,66.5,123.5555,32.3,63.3,212.3,0.33,0.6,0.09,0.23,0.9612,13.6237,0
2045.0,20.0,42,64.4,104.9644,26.8,78.1,41.0,0.33,0.6,0.12,0.14,0.9608,12.9767,0
1533.0,25.0,37,65.9,93.0651,71.4,63.9,0.0,0.32,0.7,0.08,0.3,0.9707,14.5838,0
1508.0,-25.0,37,81.5,105.7134,58.2,89.0,0.0,0.32,0.51,0.08,0.43,0.9641,13.464,0
1927.0,58.0,50,37.5,77.0948,91.7,30.5,4.3,0.44,0.82,0.06,0.1,0.9533,13.0594,0
1869.0,-58.0,49,51.2,92.9091,70.7,50.3,36.2,0.43,0.78,0.1,0.16,0.9054,11.5969,0
1843.0,15.0,20,112.2,225.2962,29.3,195.1,0.0,0.1,0.35,0.1,0.35,0.9514,14.4825,0
1828.0,-15.0,20,42.9,74.5738,28.7,54.5,0.0,0.35,0.55,0.05,0.2,0.958,15.4412,0
2007.0,11.0,36,61.9,171.2332,24.7,76.2,0.0,0.5,0.67,0.06,0.17,0.9614,15.4637,0
1996.0,-11.0,35,59.6,116.5217,25.1,71.6,0.0,0.4,0.69,0.06,0.2,0.9422,12.261,0
1077.0,5.0,56,62.6,92.1619,61.2,74.6,40.8,0.3,0.61,0.09,0.27,0.9702,13.5477,0
1072.0,-5.0,56,49.3,76.8567,80.7,49.8,31.9,0.39,0.64,0.05,0.21,0.9687,12.6243,0
1480.0,-59.0,20,170.1,303.9042,101.6,238.5,0.0,0.15,0.4,0.15,0.4,0.9652,15.3197,0
1539.0,59.0,20,90.3,223.4634,70.6,106.5,0.0,0.4,0.7,0.1,0.2,0.9664,15.9287,0
1356.0,16.0,52,84.4,234.3023,64.7,56.6,170.2,0.42,0.67,0.1,0.12,0.958,14.6518,0
1340.0,-16.0,51,76.7,194.848,90.4,69.9,83.4,0.2,0.61,0.06,0.25,0.9654,10.8731,0
1388.0,54.0,26,27.2,27.6029,28.5,26.4,0.0,0.38,0.69,0.0,0.12,0.9599,15.4253,0
1334.0,-54.0,26,45.7,58.3423,24.6,56.9,0.0,0.27,0.54,0.04,0.31,0.9541,14.5036,0
1869.0,15.0,14,19.4,42.8461,24.5,6.5,0.0,0.86,0.93,0.0,0.14,0.9605,15.9021,0
1854.0,-15.0,13,143.8,279.2012,37.4,383.2,0.0,0.31,0.62,0.23,0.15,0.9363,12.6125,0
1440.0,-23.0,44,89.1,172.962,82.5,99.0,31.2,0.32,0.52,0.16,0.23,0.9689,15.3304,0
1463.0,23.0,43,101.1,174.7504,70.4,121.4,17.5,0.3,0.65,0.19,0.21,0.9406,12.9154,0
1432.0,-26.0,27,105.1,216.5228,34.2,146.9,0.0,0.44,0.7,0.15,0.22,0.9191,14.3331,0
1458.0,26.0,27,36.7,62.64,58.0,26.0,0.0,0.48,0.78,0.04,0.15,0.9667,14.6134,0
1168.0,-32.0,37,92.7,184.3805,107.2,87.3,0.0,0.49,0.76,0.11,0.3,0.9627,15.2456,0
1200.0,32.0,36,115.2,195.0809,63.1,132.6,0.0,0.36,0.75,0.14,0.36,0.9579,12.3677,0
1892.0,14.0,55,73.0,158.9648,19.8,61.0,132.5,0.33,0.58,0.09,0.2,0.9691,14.8796,0
1878.0,-14.0,54,111.3,235.7765,25.9,71.4,242.3,0.37,0.63,0.15,0.2,0.9383,12.8575,0
1339.0,-27.0,51,54.5,67.0147,6.3,72.4,49.5,0.27,0.55,0.04,0.33,0.9609,13.2963,0
1366.0,27.0,50,61.8,144.8338,6.7,48.5,143.2,0.34,0.66,0.02,0.28,0.9169,14.5105,0
1623.0,57.0,32,88.2,117.9554,81.4,91.3,0.0,0.34,0.44,0.12,0.31,0.958,15.7415,0
1566.0,-57.0,32,66.3,94.9894,50.1,72.6,0.0,0.41,0.62,0.09,0.22,0.9489,14.4628,0
1659.0,-36.0,35,54.3,86.5321,13.6,70.6,0.0,0.26,0.51,0.03,0.34,0.9455,13.6547,0
1695.0,36.0,35,40.5,76.4358,12.1,50.3,0.0,0.37,0.71,0.06,0.11,0.9664,15.3212,0
1834.0,52.0,23,69.8,99.1719,31.0,99.7,0.0,0.43,0.78,0.13,0.26,0.9677,14.7729,0
1782.0,-52.0,23,56.2,111.1693,52.2,58.7,0.0,0.52,0.74,0.04,0.22,0.96,15.9765,0
1521.0,117.0,27,30.7,51.817,41.4,24.4,0.0,0.59,0.78,0.04,0.11,0.9605,14.6637,0
1404.0,-117.0,27,59.2,87.046,75.7,50.9,0.0,0.41,0.59,0.07,0.3,0.9636,15.2293,0
1201.0,123.0,13,69.4,95.7423,61.8,94.7,0.0,0.46,0.69,0.08,0.38,0.9546,15.2608,0
1078.0,-123.0,12,124.1,122.3255,129.8,107.0,0.0,0.08,0.25,0.17,0.5,0.9531,14.2947,0
1442.0,-42.0,45,38.9,71.8941,16.1,51.1,11.2,0.47,0.71,0.04,0.16,0.9618,14.922,0
1484.0,42.0,44,50.7,75.9709,23.6,54.9,74.0,0.39,0.64,0.07,0.18,0.9727,12.7005,0
1610.0,-9.0,9,36.8,60.0308,36.8,0.0,0.0,0.44,0.67,0.0,0.33,0.9565,14.8445,0
1619.0,9.0,8,174.6,340.3322,174.6,0.0,0.0,0.12,0.38,0.25,0.38,0.9435,14.3588,0
1525.0,-13.0,11,28.1,18.1409,24.3,66.0,0.0,0.45,0.55,0.0,0.18,0.9553,15.5254,0
1538.0,13.0,10,69.4,151.2997,22.1,495.0,0.0,0.2,0.5,0.1,0.1,0.9572,14.8232,0
1790.0,-8.0,9,40.2,49.8116,40.2,0.0,0.0,0.44,0.67,0.0,0.33,0.9477,15.0504,0
1798.0,8.0,8,172.6,342.0117,172.6,0.0,0.0,0.12,0.38,0.25,0.12,0.9495,13.2583,0
1869.0,-6.0,17,50.4,57.209,37.6,68.6,0.0,0.35,0.65,0.0,0.29,0.9638,14.9247,0
1875.0,6.0,16,108.4,130.185,94.6,126.3,0.0,0.31,0.5,0.19,0.44,0.9015,12.957,0
1953.0,-30.0,21,59.5,76.3751,36.4,80.5,0.0,0.38,0.62,0.05,0.29,0.9581,14.042,0
1983.0,30.0,20,45.5,64.9668,36.2,53.0,0.0,0.4,0.65,0.05,0.2,0.9653,15.3081,0
1556.0,80.0,33,57.3,110.7228,15.9,75.3,0.0,0.33,0.67,0.09,0.18,0.9349,14.8247,0
1476.0,-80.0,33,80.2,168.9126,7.8,107.3,0.0,0.3,0.67,0.06,0.3,0.9703,14.4084,0
2119.0,-87.0,26,73.7,106.5975,42.3,93.3,0.0,0.27,0.58,0.08,0.27,0.9231,13.8021,0
2206.0,87.0,26,21.4,52.8433,31.0,16.4,0.0,0.65,0.77,0.04,0.04,0.9612,15.9141,0
1350.0,-5.0,30,52.8,61.1379,86.1,36.1,0.0,0.43,0.67,0.03,0.4,0.9559,15.3624,0
1355.0,5.0,29,100.2,204.4948,78.2,110.2,0.0,0.45,0.72,0.14,0.24,0.9204,13.476,0
1575.0,-8.0,26,74.2,195.3631,12.4,112.8,0.0,0.27,0.73,0.04,0.27,0.964,15.3398,0
1583.0,8.0,26,18.8,31.7994,15.3,20.6,0.0,0.38,0.69,0.0,0.12,0.9602,14.0334,0
1411.0,17.0,34,43.1,46.4334,29.0,48.9,0.0,0.24,0.41,0.0,0.38,0.9617,14.2652,0
1394.0,-17.0,34,28.7,36.6642,20.0,31.9,0.0,0.24,0.59,0.0,0.21,0.9643,15.4835,0
1085.0,153.0,49,60.4,97.859,27.5,43.8,152.4,0.24,0.51,0.08,0.22,0.9728,14.442,0
932.0,-153.0,48,72.3,142.0938,19.2,26.4,278.2,0.44,0.67,0.1,0.15,0.965,14.1439,0
1742.0,-1.0,27,24.6,36.4664,52.0,8.4,0.0,0.48,0.81,0.0,0.15,0.9508,14.08,0
1743.0,1.0,26,38.7,44.4144,29.1,43.7,0.0,0.27,0.54,0.0,0.27,0.9528,15.038,0
1365.0,59.0,9,39.4,63.7027,39.4,0.0,0.0,0.44,0.78,0.0,0.22,0.9443,14.5848,0
1306.0,-59.0,8,48.2,75.8076,48.2,0.0,0.0,0.38,0.75,0.12,0.25,0.949,14.5128,0
1291.0,18.0,34,166.7,314.4804,28.6,224.2,0.0,0.29,0.65,0.18,0.32,0.9651,14.6031,0
1273.0,-18.0,34,158.1,315.6842,60.4,193.2,0.0,0.26,0.62,0.12,0.29,0.8993,11.935,0
2294.0,58.0,35,50.7,75.3555,7.0,68.2,0.0,0.43,0.66,0.06,0.23,0.9646,15.4316,0
2236.0,-58.0,34,52.6,169.6997,7.6,68.8,0.0,0.44,0.68,0.03,0.18,0.9571,14.8558,0
1875.0,-177.0,26,64.0,68.4853,25.7,87.9,0.0,0.19,0.58,0.04,0.42,0.9589,15.6908,0
2052.0,177.0,26,68.8,78.168,23.4,92.8,0.0,0.27,0.42,0.08,0.42,0.9179,14.8118,0
1724.0,43.0,41,60.4,130.7992,99.0,49.5,0.0,0.49,0.88,0.1,0.12,0.9639,14.06,0
1681.0,-43.0,40,101.4,198.9797,65.8,82.1,1000.0,0.28,0.57,0.12,0.28,0.9638,15.0683,0
2221.0,11.0,34,32.3,35.6622,17.8,38.3,0.0,0.32,0.68,0.0,0.21,0.954,15.1431,0
2210.0,-11.0,33,48.0,101.7913,17.2,59.5,0.0,0.45,0.79,0.03,0.27,0.9604,14.9166,0
1857.0,28.0,17,102.5,241.7509,51.9,174.9,0.0,0.29,0.59,0.12,0.18,0.9607,15.9326,0
1829.0,-28.0,17,69.8,141.8082,20.1,125.6,0.0,0.29,0.88,0.12,0.12,0.9516,14.3751,0
1957.0,42.0,27,65.3,95.1625,28.5,86.9,0.0,0.3,0.63,0.07,0.37,0.9599,15.045,0
1915.0,-42.0,27,49.6,98.8664,27.2,60.8,0.0,0.37,0.74,0.07,0.11,0.9564,15.4558,0
2211.0,-18.0,26,91.1,198.7108,19.0,136.1,0.0,0.35,0.73,0.12,0.27,0.9577,15.4576,0
2229.0,18.0,26,19.9,30.9714,23.8,17.8,0.0,0.62,0.73,0.0,0.15,0.9629,15.4918,0
909.0,131.0,44,104.1,225.2283,75.0,118.4,69.8,0.32,0.52,0.11,0.25,0.9642,15.0728,0
778.0,-131.0,43,131.8,220.1533,89.1,145.9,121.5,0.19,0.33,0.16,0.4,0.946,13.5899,0
1420.0,16.0,35,62.6,111.2713,39.8,71.7,0.0,0.37,0.6,0.11,0.2,0.9345,14.275,0
1404.0,-16.0,34,127.9,199.0164,32.4,162.2,0.0,0.18,0.44,0.15,0.5,0.9529,14.3122,0
2419.0,-26.0,36,41.0,51.915,30.6,45.0,0.0,0.36,0.64,0.0,0.28,0.9603,15.2425,0
2445.0,26.0,35,56.7,71.4461,23.3,68.3,0.0,0.23,0.6,0.06,0.37,0.9551,14.6004,0
1163.0,-49.0,21,59.3,72.4432,40.1,76.7,0.0,0.33,0.62,0.1,0.24,0.9601,15.4834,0
1212.0,49.0,20,120.5,241.7013,35.7,190.0,0.0,0.2,0.55,0.15,0.2,0.9617,14.3429,0
2101.0,-41.0,44,61.0,165.2393,15.3,48.6,268.8,0.41,0.73,0.05,0.16,0.9186,14.6467,0
2142.0,41.0,44,62.2,161.455,32.0,39.5,252.2,0.36,0.75,0.05,0.2,0.9723,13.2986,0
1864.0,-8.0,24,72.8,106.11,50.4,88.7,0.0,0.42,0.54,0.12,0.25,0.905,14.3149,0
1872.0,8.0,23,36.4,44.9745,27.7,42.0,0.0,0.52,0.83,0.0,0.3,0.9628,16.0191,0
1641.0,58.0,22,20.0,29.2502,22.8,17.8,0.0,0.5,0.82,0.0,0.09,0.9533,14.9044,0
1583.0,-58.0,21,40.5,64.4093,27.6,50.2,0.0,0.33,0.62,0.05,0.14,0.952,14.5639,0
2373.0,-5.0,31,108.5,209.3272,116.6,104.6,0.0,0.32,0.58,0.13,0.26,0.8468,12.1025,0
2378.0,5.0,31,54.0,101.4556,89.3,39.5,0.0,0.35,0.52,0.1,0.16,0.9565,14.8277,0
1707.0,-18.0,44,28.2,37.2584,25.4,23.7,68.2,0.39,0.55,0.0,0.14,0.9651,15.3137,0
1725.0,18.0,43,26.0,33.3438,33.1,21.5,44.0,0.26,0.53,0.0,0.19,0.9594,14.6712,0
1675.0,15.0,23,120.4,230.1491,27.9,191.6,0.0,0.17,0.52,0.17,0.22,0.9598,15.8502,0
1660.0,-15.0,23,60.3,106.9369,25.9,82.4,0.0,0.43,0.65,0.13,0.09,0.9617,15.1398,0
1459.0,26.0,18,32.6,50.7639,27.1,39.4,0.0,0.39,0.56,0.06,0.11,0.9586,15.7619,0
1433.0,-26.0,17,63.2,124.1222,47.8,80.6,0.0,0.24,0.41,0.06,0.18,0.9561,14.9951,0
1220.0,-8.0,31,94.3,211.0283,40.8,119.8,0.0,0.29,0.55,0.06,0.32,0.9361,13.585,0
1228.0,8.0,31,35.6,49.012,24.9,40.0,0.0,0.45,0.68,0.03,0.13,0.9547,14.6699,0
1906.0,45.0,41,40.9,57.1842,66.4,33.5,6.0,0.46,0.73,0.02,0.22,0.9351,13.1008,0
1861.0,-45.0,41,33.3,31.3393,25.6,37.5,5.0,0.39,0.8,0.0,0.27,0.9553,13.0927,0
784.0,-47.0,47,71.5,94.2005,51.7,82.0,55.1,0.3,0.57,0.04,0.36,0.9483,13.3472,0
831.0,47.0,46,80.3,165.5338,44.9,70.9,166.6,0.35,0.57,0.11,0.24,0.9597,14.4818,0
1651.0,-48.0,36,44.8,73.088,31.6,49.9,0.0,0.33,0.67,0.06,0.22,0.9744,15.919,0
1699.0,48.0,35,93.0,179.5402,81.3,97.1,0.0,0.26,0.57,0.09,0.34,0.9691,11.9247,0
1518.0,-12.0,29,66.7,103.3898,90.3,54.2,0.0,0.24,0.55,0.03,0.48,0.9632,14.9808,0
1530.0,12.0,29,33.3,36.5798,40.3,30.1,0.0,0.28,0.76,0.0,0.28,0.9625,14.6645,0
1019.0,134.0,29,69.5,145.9578,31.5,89.5,0.0,0.45,0.52,0.1,0.07,0.9224,13.6325,0
885.0,-134.0,29,38.2,54.0064,21.6,45.8,0.0,0.48,0.76,0.03,0.21,0.9577,13.6013,0
1950.0,51.0,12,13.9,21.1121,16.2,2.5,0.0,0.42,0.75,0.0,0.08,0.9545,15.3361,0
1899.0,-51.0,11,113.1,296.9432,27.1,500.0,0.0,0.36,0.55,0.09,0.18,0.9499,14.5747,0
1658.0,-36.0,10,37.6,59.0051,37.6,0.0,0.0,0.6,0.8,0.0,0.2,0.9572,15.2877,0
1694.0,36.0,9,80.3,151.3597,80.3,0.0,0.0,0.22,0.78,0.11,0.22,0.9433,13.3385,0
1536.0,17.0,36,82.0,178.9978,25.4,103.8,0.0,0.22,0.5,0.08,0.22,0.9344,14.56,0
1519.0,-17.0,36,39.2,90.9728,18.0,46.3,0.0,0.44,0.72,0.03,0.19,0.9652,13.5196,0
1655.0,-18.0,60,48.0,65.0663,21.3,72.8,24.2,0.4,0.67,0.02,0.3,0.9358,13.047,0
1673.0,18.0,59,89.1,149.6963,35.2,79.9,127.3,0.37,0.64,0.08,0.36,0.9195,11.509,0
1704.0,0.0,16,46.3,56.0841,27.4,77.8,0.0,0.38,0.81,0.06,0.25,0.9651,15.595,0
1704.0,0.0,15,130.4,283.2888,24.8,288.8,0.0,0.2,0.53,0.13,0.13,0.9481,14.0086,0
1403.0,47.0,62,98.5,228.4529,15.6,62.4,185.4,0.34,0.61,0.11,0.16,0.9495,12.232,0
1356.0,-47.0,62,73.0,200.0392,7.7,41.6,139.7,0.55,0.77,0.08,0.06,0.958,12.7617,0
2023.0,-48.0,39,101.2,173.2626,28.5,126.2,0.0,0.38,0.64,0.15,0.26,0.9188,13.5628,0
2071.0,48.0,39,96.2,186.537,12.9,121.2,0.0,0.46,0.77,0.15,0.21,0.9611,13.9943,0
1034.0,-119.0,7,135.3,173.498,135.3,0.0,0.0,0.14,0.57,0.14,0.43,0.9547,14.9778,0
1153.0,119.0,7,69.6,140.2556,69.6,0.0,0.0,0.57,0.57,0.14,0.14,0.954,14.7027,0
1974.0,5.0,40,54.2,159.4207,19.6,65.7,0.0,0.3,0.7,0.05,0.2,0.965,14.456,0
1969.0,-5.0,40,27.1,41.1785,13.7,32.1,0.0,0.28,0.85,0.0,0.2,0.9649,14.795,0
1212.0,22.0,49,64.9,100.0233,52.4,64.9,78.8,0.39,0.65,0.06,0.31,0.9575,13.4181,0
1190.0,-22.0,48,74.6,102.2814,44.1,78.4,92.4,0.23,0.52,0.1,0.31,0.97,13.1672,0
1334.0,16.0,32,141.2,169.2961,144.7,139.5,0.0,0.31,0.62,0.25,0.34,0.9604,12.8451,0
1318.0,-16.0,32,93.0,132.9466,106.3,87.8,0.0,0.38,0.75,0.16,0.25,0.9575,15.5923,0
1579.0,62.0,18,45.9,60.6192,10.0,90.8,0.0,0.28,0.72,0.06,0.28,0.9624,15.1088,0
1517.0,-62.0,18,14.1,17.2384,20.0,8.2,0.0,0.44,0.78,0.0,0.06,0.9611,14.9082,0
1211.0,-53.0,32,56.2,66.002,32.8,66.9,0.0,0.25,0.59,0.06,0.38,0.9311,13.8725,0
1264.0,53.0,32,24.7,26.0722,13.9,29.0,0.0,0.47,0.59,0.0,0.19,0.9657,15.2044,0
1201.0,-70.0,52,73.7,153.1953,42.6,105.4,20.2,0.29,0.48,0.1,0.23,0.9672,14.729,0
1271.0,70.0,51,92.3,161.765,21.1,130.3,50.5,0.2,0.45,0.12,0.35,0.971,13.5879,0
1086.0,32.0,31,39.1,51.6783,31.6,42.7,0.0,0.45,0.68,0.03,0.19,0.964,15.1219,0
1054.0,-32.0,30,51.0,59.0053,21.0,63.9,0.0,0.3,0.6,0.0,0.3,0.9714,15.5195,0
1074.0,-39.0,16,72.5,113.229,32.2,139.7,0.0,0.38,0.62,0.12,0.31,0.9563,14.9365,0
1113.0,39.0,16,23.7,28.537,17.9,31.1,0.0,0.69,0.75,0.0,0.12,0.9553,14.5632,0
1546.0,0.0,45,49.4,65.3252,14.4,61.7,45.2,0.36,0.58,0.04,0.29,0.9582,14.3771,0
1546.0,0.0,45,55.0,72.1432,11.3,62.2,84.7,0.29,0.58,0.04,0.33,0.9587,14.6932,0
1657.0,149.0,28,121.0,234.4067,24.9,174.4,0.0,0.36,0.61,0.11,0.21,0.9659,15.5433,0
1508.0,-149.0,27,166.9,309.3824,29.3,235.7,0.0,0.3,0.78,0.22,0.11,0.9257,13.5495,0
1830.0,8.0,45,38.4,42.2894,25.9,45.3,22.4,0.29,0.67,0.0,0.29,0.9559,13.9718,0
1822.0,-8.0,45,47.2,78.3601,24.1,56.0,37.8,0.31,0.64,0.02,0.29,0.9415,12.4357,0
1581.0,4.0,32,80.0,103.0363,68.8,85.0,0.0,0.38,0.69,0.19,0.28,0.9649,14.9173,0
1577.0,-4.0,31,100.6,193.6121,94.6,103.1,0.0,0.39,0.68,0.16,0.26,0.9367,13.3201,0
1548.0,-36.0,26,44.0,64.3114,47.9,41.5,0.0,0.46,0.69,0.04,0.19,0.9629,15.3817,0
1584.0,36.0,25,83.6,199.7411,36.2,110.2,0.0,0.4,0.52,0.08,0.28,0.9329,15.2745,0
1673.0,-42.0,24,40.2,48.7074,26.2,50.1,0.0,0.42,0.58,0.0,0.38,0.9569,15.0122,0
1715.0,42.0,23,54.9,93.8596,10.1,83.7,0.0,0.35,0.61,0.09,0.17,0.9607,15.9786,0
1685.0,42.0,66,65.5,147.1942,18.3,42.5,110.2,0.36,0.58,0.06,0.2,0.894,11.6234,0
1643.0,-42.0,66,30.0,91.1898,21.4,23.5,40.0,0.32,0.59,0.02,0.12,0.9667,13.9719,0
1285.0,-36.0,70,141.0,299.622,21.1,182.8,139.2,0.17,0.37,0.16,0.19,0.9635,15.7334,0
1321.0,36.0,69,139.4,280.3229,90.2,215.8,77.7,0.25,0.59,0.17,0.23,0.8791,7.9964,0
1417.0,84.0,35,82.4,115.6969,58.1,92.2,0.0,0.29,0.49,0.14,0.23,0.9233,13.1379,0
1333.0,-84.0,35,62.6,92.4946,36.9,71.5,0.0,0.43,0.69,0.14,0.23,0.9619,14.4309,0
1998.0,6.0,60,49.8,91.3717,28.1,37.2,79.7,0.47,0.77,0.05,0.23,0.9686,11.2378,0
1992.0,-6.0,59,47.9,99.4468,11.3,16.6,111.3,0.49,0.81,0.08,0.1,0.9498,13.0748,0
1368.0,9.0,34,31.9,37.3485,28.6,33.3,0.0,0.44,0.62,0.0,0.21,0.9585,15.1826,0
1359.0,-9.0,33,73.8,174.5656,33.2,89.0,0.0,0.27,0.52,0.06,0.3,0.9469,13.3215,0
2255.0,-46.0,26,38.1,41.8906,29.1,43.8,0.0,0.42,0.65,0.0,0.27,0.966,15.6383,0
2301.0,46.0,25,58.7,87.8606,21.8,79.4,0.0,0.2,0.52,0.08,0.24,0.9635,15.5721,0
2041.0,-1.0,49,59.8,168.04,17.8,57.5,114.0,0.51,0.78,0.06,0.16,0.918,13.8153,0
2042.0,1.0,48,78.0,176.9808,10.0,84.3,124.9,0.33,0.6,0.1,0.17,0.9295,10.3658,0
1148.0,73.0,29,90.1,94.2709,61.9,104.9,0.0,0.24,0.59,0.1,0.45,0.9608,14.9005,0
1075.0,-73.0,29,71.4,122.6323,69.3,72.3,0.0,0.41,0.69,0.1,0.17,0.9553,12.6431,0
961.0,-169.0,17,69.9,97.5691,64.8,77.1,0.0,0.29,0.59,0.06,0.35,0.9538,14.169,0
1130.0,169.0,16,105.2,128.1028,65.1,156.9,0.0,0.25,0.56,0.19,0.38,0.9501,15.1436,0
1438.0,-12.0,36,57.4,81.6197,37.9,64.8,0.0,0.42,0.69,0.08,0.28,0.9375,11.5101,0
1450.0,12.0,36,34.0,74.1629,30.0,35.3,0.0,0.61,0.81,0.03,0.14,0.9699,16.0655,0
1853.0,-5.0,38,92.7,204.8851,18.8,119.1,0.0,0.39,0.58,0.11,0.16,0.9618,15.4062,0
1858.0,5.0,37,81.6,153.1276,10.3,104.5,0.0,0.32,0.59,0.14,0.14,0.934,14.1518,0
1726.0,41.0,26,35.0,59.2567,29.4,38.5,0.0,0.58,0.85,0.04,0.19,0.9623,15.4982,0
1685.0,-41.0,25,102.5,214.8422,30.7,142.9,0.0,0.44,0.64,0.12,0.32,0.8793,12.026,0
2077.0,12.0,22,17.0,20.0464,15.1,18.5,0.0,0.5,0.73,0.0,0.09,0.9557,14.9752,0
2065.0,-12.0,21,22.8,25.4217,17.9,26.5,0.0,0.38,0.52,0.0,0.1,0.959,14.9055,0
1770.0,-94.0,30,54.2,71.6619,28.1,67.3,0.0,0.3,0.57,0.03,0.33,0.9642,15.5638,0
1864.0,94.0,30,39.1,65.0092,17.4,48.4,0.0,0.43,0.77,0.03,0.27,0.9541,14.4235,0
1596.0,-29.0,29,47.4,76.8419,38.6,52.1,0.0,0.48,0.69,0.03,0.31,0.958,15.5691,0
1625.0,29.0,28,31.0,33.6562,34.1,29.5,0.0,0.21,0.57,0.0,0.29,0.9548,14.4638,0
1967.0,0.0,44,42.8,76.4901,18.9,52.2,31.8,0.34,0.59,0.05,0.14,0.9691,14.8231,0
1967.0,0.0,44,32.6,51.9012,12.1,39.0,30.8,0.27,0.59,0.05,0.14,0.9598,14.9493,0
2103.0,158.0,46,53.8,149.193,18.7,40.9,177.0,0.5,0.78,0.02,0.22,0.9726,15.1964,0
1945.0,-158.0,45,48.5,53.2117,29.7,48.6,76.0,0.29,0.56,0.02,0.36,0.9561,14.3999,0
1405.0,-1.0,25,54.1,87.0586,34.2,67.4,0.0,0.24,0.6,0.08,0.24,0.9665,15.0,0
1406.0,1.0,24,70.4,117.6605,27.6,96.1,0.0,0.25,0.54,0.04,0.42,0.9649,15.7634,0
2082.0,-4.0,24,97.8,139.5586,41.5,138.0,0.0,0.12,0.5,0.17,0.33,0.9626,15.6857,0
2086.0,4.0,23,63.5,79.0195,20.8,90.9,0.0,0.3,0.57,0.13,0.26,0.9607,14.0964,0
1392.0,-16.0,51,64.2,120.9199,21.9,68.4,91.1,0.39,0.55,0.06,0.31,0.9573,13.8547,0
1408.0,16.0,50,78.4,162.5062,24.7,73.4,135.9,0.34,0.7,0.1,0.26,0.9474,12.7016,0
2255.0,50.0,25,45.5,74.851,3.6,73.4,0.0,0.56,0.8,0.08,0.2,0.9577,15.4923,0
2205.0,-50.0,24,53.0,85.5382,6.1,81.1,0.0,0.42,0.67,0.12,0.21,0.9562,15.3349,0
1088.0,10.0,43,100.0,132.0817,42.8,111.2,178.3,0.23,0.51,0.16,0.3,0.9361,12.8715,0
1078.0,-10.0,43,82.3,144.0445,14.9,106.7,50.8,0.33,0.6,0.14,0.23,0.93,14.244,0
2260.0,248.0,17,97.1,242.7905,48.5,166.6,0.0,0.35,0.71,0.12,0.18,0.963,14.8916,0
2012.0,-248.0,16,138.6,337.1591,23.6,286.4,0.0,0.31,0.75,0.12,0.12,0.8404,11.2183,0
1993.0,-156.0,22,75.5,214.5122,15.6,125.4,0.0,0.36,0.68,0.09,0.18,0.9631,15.9263,0
2149.0,156.0,21,108.7,222.8615,30.2,167.5,0.0,0.24,0.52,0.14,0.24,0.9108,13.3775,0
1637.0,15.0,35,52.4,58.5959,24.9,63.4,0.0,0.29,0.49,0.03,0.29,0.961,14.3081,0
1622.0,-15.0,35,28.4,73.3317,13.8,33.4,0.0,0.54,0.83,0.03,0.11,0.9066,13.4775,0
1693.0,-32.0,73,78.7,148.6665,21.7,66.5,107.1,0.36,0.66,0.1,0.25,0.9634,11.1603,0
1725.0,32.0,73,84.1,206.8973,27.8,48.1,130.8,0.45,0.68,0.1,0.14,0.9664,14.004,0
2284.0,28.0,50,105.5,210.3635,40.0,85.0,232.2,0.32,0.56,0.14,0.24,0.937,13.3835,0
2256.0,-28.0,49,110.2,179.7004,68.6,80.4,237.1,0.14,0.57,0.18,0.31,0.9465,14.0353,0
1168.0,-7.0,54,74.1,126.6877,37.1,56.2,138.9,0.41,0.65,0.07,0.3,0.9733,13.5579,0
1175.0,7.0,54,56.1,91.216,26.4,57.4,71.1,0.37,0.7,0.06,0.26,0.9273,13.94,0
1508.0,-25.0,40,42.2,40.1283,38.8,43.4,0.0,0.4,0.7,0.0,0.35,0.9304,12.2219,0
1533.0,25.0,40,14.6,18.2081,24.6,12.1,0.0,0.45,0.82,0.0,0.05,0.9483,14.2294,0
2267.0,29.0,30,62.3,86.5206,23.5,81.8,0.0,0.27,0.63,0.07,0.2,0.9187,12.8832,0
2238.0,-29.0,30,39.6,63.0881,26.1,45.4,0.0,0.63,0.7,0.03,0.23,0.9607,15.4092,0
1802.0,59.0,25,60.7,68.4687,62.4,59.6,0.0,0.28,0.52,0.08,0.28,0.9662,15.7425,0
1743.0,-59.0,24,73.5,108.5185,46.4,89.7,0.0,0.29,0.58,0.08,0.38,0.963,15.3697,0
1973.0,-139.0,62,138.7,256.1079,39.0,66.1,282.9,0.39,0.66,0.21,0.21,0.922,10.225,0
2112.0,139.0,62,99.9,216.88,29.1,68.0,169.1,0.31,0.66,0.13,0.23,0.9321,12.3178,0
2310.0,5.0,46,43.2,62.67,28.6,49.5,35.7,0.41,0.63,0.02,0.28,0.9603,14.0343,0
2305.0,-5.0,46,50.6,88.3892,11.3,55.5,79.7,0.26,0.63,0.04,0.28,0.9634,14.2109,0
1727.0,13.0,21,62.4,102.2485,31.7,90.4,0.0,0.43,0.67,0.05,0.29,0.9526,13.7429,0
1714.0,-13.0,20,35.0,52.9826,16.9,49.8,0.0,0.5,0.7,0.0,0.25,0.944,14.9134,0
1016.0,121.0,27,38.0,53.0566,25.1,45.6,0.0,0.48,0.67,0.0,0.22,0.9518,14.4019,0
895.0,-121.0,26,72.7,200.1215,19.7,100.8,0.0,0.38,0.62,0.12,0.08,0.951,14.1206,0
1354.0,6.0,44,51.4,99.6787,43.6,54.9,44.8,0.34,0.57,0.07,0.25,0.9297,12.2211,0
1348.0,-6.0,44,35.6,53.533,29.1,37.8,34.0,0.5,0.7,0.02,0.23,0.9515,14.1525,0
1772.0,-35.0,32,34.0,64.9389,49.7,26.8,0.0,0.56,0.78,0.03,0.16,0.96,15.3312,0
1807.0,35.0,31,86.9,190.8381,104.4,79.8,0.0,0.29,0.55,0.1,0.29,0.9169,12.7975,0
1273.0,-1.0,19,69.3,124.3744,25.1,118.3,0.0,0.42,0.68,0.11,0.21,0.9495,14.3858,0
1274.0,1.0,19,40.3,54.1037,38.0,42.3,0.0,0.42,0.79,0.05,0.21,0.9592,15.1744,0
1246.0,60.0,38,62.7,96.4265,60.1,63.6,0.0,0.26,0.42,0.08,0.26,0.9162,11.2029,0
1186.0,-60.0,38,36.4,58.5896,15.8,42.9,0.0,0.39,0.61,0.03,0.16,0.9577,15.4683,0
1776.0,7.0,74,50.5,90.9837,36.0,62.7,44.0,0.42,0.7,0.05,0.2,0.9591,13.6214,0
1769.0,-7.0,73,42.6,80.0086,29.9,44.0,44.8,0.49,0.74,0.05,0.21,0.9064,10.5693,0
1287.0,37.0,34,35.9,41.8173,42.2,33.3,0.0,0.26,0.62,0.0,0.24,0.9556,14.2353,0
1250.0,-37.0,33,56.9,78.6362,86.1,46.0,0.0,0.3,0.64,0.12,0.24,0.9549,13.1398,0
1562.0,-97.0,37,95.3,163.3743,37.9,116.6,0.0,0.27,0.57,0.11,0.32,0.9554,13.7897,0
1659.0,97.0,37,79.2,105.8087,18.6,98.6,0.0,0.38,0.57,0.11,0.35,0.948,13.9387,0
1821.0,207.0,28,87.6,192.3682,129.9,64.1,0.0,0.39,0.68,0.07,0.32,0.9635,16.0456,0
1614.0,-207.0,27,122.1,206.8256,184.3,90.9,0.0,0.3,0.67,0.19,0.33,0.9629,12.3112,0
2056.0,10.0,25,34.9,36.2847,48.8,25.7,0.0,0.4,0.68,0.0,0.32,0.9598,15.3012,0
2046.0,-10.0,24,91.2,204.6516,38.9,122.7,0.0,0.25,0.62,0.12,0.25,0.9646,15.6145,0
2092.0,-40.0,47,18.8,58.8719,12.5,25.1,0.7,0.55,0.77,0.02,0.04,0.9439,12.9222,0
2132.0,40.0,47,18.1,55.1706,4.1,27.1,0.2,0.49,0.81,0.02,0.0,0.9384,13.1478,0
1159.0,31.0,27,127.4,217.271,110.8,137.1,0.0,0.15,0.41,0.15,0.33,0.9542,14.6936,0
1128.0,-31.0,27,39.2,86.314,62.8,27.4,0.0,0.44,0.63,0.04,0.07,0.9542,14.7307,0
1535.0,-23.0,30,22.1,25.8096,26.9,19.6,0.0,0.4,0.6,0.0,0.07,0.9526,14.7901,0
1558.0,23.0,29,35.2,65.5786,30.1,37.5,0.0,0.28,0.62,0.07,0.07,0.9591,13.5501,0
1886.0,-16.0,41,49.6,60.6045,30.5,56.9,21.0,0.39,0.59,0.05,0.24,0.9658,15.9836,0
1902.0,16.0,40,54.0,70.3992,47.8,57.7,0.0,0.25,0.7,0.05,0.3,0.9649,12.8237,0
2137.0,19.0,33,40.2,57.1162,41.0,39.8,0.0,0.33,0.7,0.03,0.24,0.9628,14.8537,0
2118.0,-19.0,32,64.9,90.8796,55.3,68.7,0.0,0.34,0.62,0.09,0.31,0.9229,11.3263,0
2008.0,85.0,30,102.0,202.7432,85.8,110.2,0.0,0.47,0.67,0.13,0.27,0.9682,16.2881,0
1923.0,-85.0,30,119.5,206.9601,48.2,150.0,0.0,0.33,0.6,0.13,0.43,0.9352,10.684,0
1859.0,-155.0,57,94.9,194.966,27.6,43.3,225.6,0.37,0.61,0.11,0.35,0.9652,13.6523,0
2014.0,155.0,57,52.8,137.6921,23.1,37.5,93.3,0.37,0.67,0.04,0.21,0.9493,13.4138,0
927.0,4.0,28,55.4,65.5745,31.9,68.4,0.0,0.32,0.5,0.04,0.39,0.9582,15.4986,0
923.0,-4.0,28,31.3,39.9482,14.9,39.1,0.0,0.39,0.61,0.0,0.29,0.9565,14.1844,0
1714.0,13.0,32,75.5,132.1121,15.6,102.8,0.0,0.34,0.53,0.09,0.28,0.9685,15.3075,0
1701.0,-13.0,31,60.3,111.0958,17.4,77.8,0.0,0.29,0.58,0.06,0.29,0.9556,14.7066,0
1409.0,-2.0,60,43.1,46.3253,45.0,46.2,37.6,0.18,0.47,0.02,0.27,0.9712,13.6386,0
1411.0,2.0,60,34.7,53.9939,30.1,41.2,27.4,0.43,0.63,0.02,0.2,0.9571,13.8078,0
1313.0,209.0,25,40.5,49.8265,32.1,46.1,0.0,0.4,0.6,0.0,0.32,0.9564,15.2009,0
1104.0,-209.0,24,124.7,211.2677,82.4,150.1,0.0,0.25,0.38,0.17,0.33,0.8725,13.045,0
1525.0,62.0,14,12.1,23.028,5.2,29.5,0.0,0.57,0.79,0.0,0.07,0.9572,15.7363,0
1463.0,-62.0,13,58.7,191.1049,7.7,173.5,0.0,0.62,0.77,0.08,0.0,0.9464,14.1983,0
1671.0,22.0,38,54.2,75.4181,103.9,36.4,0.0,0.29,0.66,0.03,0.32,0.9513,14.2938,0
1649.0,-22.0,37,66.3,85.7528,126.3,47.0,0.0,0.32,0.51,0.05,0.38,0.9465,11.9398,0
2368.0,13.0,27,62.1,110.8576,22.6,85.4,0.0,0.37,0.67,0.07,0.3,0.9626,15.9741,0
2355.0,-13.0,26,129.7,257.2205,12.9,191.6,0.0,0.27,0.58,0.15,0.27,0.9515,14.3835,0
1909.0,9.0,63,41.0,79.1646,13.3,59.3,29.1,0.43,0.71,0.05,0.22,0.958,13.9141,0
1900.0,-9.0,62,39.4,68.228,21.1,52.4,29.5,0.39,0.66,0.03,0.21,0.9539,12.8538,0
948.0,70.0,19,96.7,227.0154,40.1,159.6,0.0,0.47,0.58,0.11,0.26,0.9603,15.4946,0
878.0,-70.0,18,215.9,296.1643,69.4,362.3,0.0,0.06,0.28,0.22,0.5,0.9582,14.1509,0
1794.0,0.0,47,43.2,85.058,9.1,49.2,66.3,0.47,0.81,0.06,0.15,0.9372,13.3577,0
1794.0,0.0,46,51.4,90.0694,4.2,60.0,75.1,0.3,0.57,0.09,0.13,0.9445,12.979,0
2508.0,113.0,43,33.3,58.1559,15.0,39.8,28.7,0.33,0.67,0.02,0.14,0.9681,15.4897,0
2395.0,-113.0,42,61.6,163.1543,4.7,51.4,333.7,0.45,0.64,0.1,0.12,0.9106,12.5314,0
1612.0,55.0,35,66.6,95.328,18.4,85.8,0.0,0.29,0.69,0.14,0.2,0.9636,16.3449,0
1557.0,-55.0,34,91.2,108.7047,37.1,110.7,0.0,0.24,0.5,0.12,0.38,0.9634,12.9865,0
2329.0,-50.0,32,62.3,83.6739,29.2,77.4,0.0,0.41,0.62,0.06,0.34,0.9657,15.2248,0
2379.0,50.0,32,29.1,48.0781,30.0,28.7,0.0,0.38,0.78,0.03,0.16,0.9709,15.5424,0
725.0,90.0,7,158.9,196.3886,158.9,0.0,0.0,0.14,0.29,0.14,0.57,0.9511,15.3815,0
635.0,-90.0,6,34.8,56.1228,34.8,0.0,0.0,0.67,0.67,0.0,0.33,0.951,12.4004,0
1843.0,-23.0,48,56.2,79.8449,13.4,71.8,51.0,0.25,0.65,0.08,0.23,0.8944,11.3042,0
1866.0,23.0,48,43.2,148.6223,18.0,30.3,111.6,0.44,0.73,0.04,0.08,0.941,13.8729,0
1800.0,32.0,5,25.8,34.0397,25.8,0.0,0.0,0.6,0.8,0.0,0.2,0.9555,15.0145,0
1768.0,-32.0,4,253.8,497.5261,253.8,0.0,0.0,0.5,0.75,0.25,0.0,0.9551,14.2894,0
1037.0,-24.0,13,101.9,80.7067,93.9,128.7,0.0,0.08,0.23,0.23,0.38,0.9496,14.7007,0
1061.0,24.0,13,47.2,71.928,62.3,13.0,0.0,0.31,0.77,0.0,0.23,0.9585,15.3682,0
1534.0,-45.0,33,73.2,176.2365,13.9,99.0,0.0,0.24,0.48,0.06,0.27,0.9662,14.808,0
1579.0,45.0,32,67.2,132.3853,10.4,89.3,0.0,0.34,0.66,0.09,0.16,0.9651,15.6378,0
1334.0,1.0,27,36.1,44.7964,27.5,41.2,0.0,0.48,0.81,0.0,0.33,0.9473,14.5589,0
1333.0,-1.0,26,54.3,63.0611,36.3,63.8,0.0,0.31,0.58,0.04,0.31,0.9582,14.4541,0
1593.0,-197.0,49,21.9,32.5974,8.7,32.7,0.7,0.51,0.82,0.0,0.18,0.9421,11.5928,0
1790.0,197.0,49,28.4,70.0205,2.9,45.3,0.6,0.57,0.88,0.02,0.14,0.9237,11.1548,0
1532.0,30.0,31,90.9,180.9105,25.5,122.0,0.0,0.39,0.71,0.1,0.29,0.9327,15.4702,0
1502.0,-30.0,30,129.1,210.244,43.4,165.8,0.0,0.37,0.57,0.23,0.23,0.9353,14.1324,0
1465.0,20.0,34,74.0,177.0254,46.2,85.6,0.0,0.5,0.82,0.06,0.32,0.9568,13.2477,0
1445.0,-20.0,33,91.0,176.933,43.7,108.8,0.0,0.33,0.64,0.06,0.52,0.9571,14.0193,0
1971.0,-15.0,68,56.4,140.351,17.2,53.4,73.7,0.46,0.66,0.06,0.21,0.9534,12.7681,0
1986.0,15.0,68,27.2,50.6187,13.9,49.5,8.4,0.49,0.75,0.03,0.15,0.9588,13.6689,0
1995.0,12.0,34,77.7,174.0485,49.2,89.5,0.0,0.26,0.68,0.06,0.35,0.95,14.5365,0
1983.0,-12.0,33,142.5,259.4374,30.0,184.7,0.0,0.21,0.45,0.18,0.33,0.9479,13.5709,0
1947.0,-8.0,31,76.7,95.4921,25.0,101.4,0.0,0.23,0.45,0.06,0.42,0.9544,14.8356,0
1955.0,8.0,31,87.7,182.4477,26.0,112.9,0.0,0.32,0.45,0.06,0.32,0.959,15.2903,0
2138.0,119.0,40,130.6,222.1984,24.2,166.1,0.0,0.3,0.57,0.2,0.28,0.9673,14.9276,0
2019.0,-119.0,40,83.0,179.661,26.0,102.9,0.0,0.38,0.72,0.12,0.2,0.9698,15.1575,0
2124.0,24.0,12,25.8,38.7975,31.0,0.0,0.0,0.5,0.83,0.0,0.17,0.9586,15.3336,0
2100.0,-24.0,12,84.1,116.3705,37.7,223.3,0.0,0.33,0.5,0.17,0.17,0.8757,13.3481,0
1617.0,-11.0,42,47.5,53.2945,33.0,55.2,5.0,0.43,0.6,0.02,0.4,0.9669,14.6688,0
1628.0,11.0,42,29.5,33.5343,13.3,35.7,15.7,0.33,0.64,0.0,0.21,0.967,13.9432,0
1831.0,2.0,48,55.3,76.5376,13.8,71.0,48.2,0.42,0.58,0.04,0.29,0.9621,15.0122,0
1829.0,-2.0,48,42.0,52.4753,25.6,52.7,23.1,0.33,0.67,0.02,0.33,0.966,14.7612,0
1138.0,-8.0,38,66.9,163.5822,41.2,76.1,0.0,0.39,0.66,0.05,0.29,0.9561,13.9467,0
1146.0,8.0,37,86.7,162.6743,70.8,91.9,0.0,0.19,0.38,0.05,0.49,0.9413,12.6772,0
2048.0,27.0,37,83.5,174.1919,57.1,93.3,0.0,0.51,0.73,0.14,0.27,0.9678,15.5701,0
2021.0,-27.0,36,98.5,172.6032,40.0,118.0,0.0,0.31,0.58,0.08,0.44,0.9758,14.2275,0
954.0,290.0,20,203.4,198.1986,214.8,192.1,0.0,0.2,0.4,0.45,0.2,0.9578,14.5913,0
664.0,-290.0,19,180.1,165.9457,167.7,191.3,0.0,0.16,0.42,0.37,0.32,0.9488,14.3181,0
1759.0,-6.0,43,34.9,63.3616,20.9,42.7,2.7,0.44,0.79,0.05,0.14,0.9387,12.6408,0
1765.0,6.0,43,36.4,70.1065,30.3,43.0,0.8,0.51,0.65,0.07,0.12,0.9263,13.0087,0
1369.0,27.0,34,104.4,186.9996,46.5,128.5,0.0,0.26,0.59,0.12,0.44,0.9535,12.8018,0
1342.0,-27.0,33,61.3,123.1463,45.4,67.2,0.0,0.33,0.64,0.06,0.3,0.9654,15.4343,0
2209.0,-14.0,45,60.5,110.5669,21.7,81.8,10.2,0.31,0.64,0.02,0.31,0.9127,12.5298,0
2223.0,14.0,45,41.1,57.1778,25.0,52.7,7.3,0.36,0.58,0.02,0.24,0.9668,14.4614,0
1382.0,63.0,47,49.9,69.2955,23.9,47.0,99.3,0.28,0.62,0.06,0.23,0.9445,14.2108,0
1319.0,-63.0,47,34.0,42.8133,33.2,30.5,48.2,0.4,0.66,0.0,0.21,0.9647,15.4319,0
1773.0,18.0,27,17.4,27.7989,6.9,23.5,0.0,0.48,0.85,0.0,0.07,0.9643,15.6021,0
1755.0,-18.0,26,47.7,58.1555,22.0,61.3,0.0,0.31,0.58,0.0,0.35,0.9595,15.0262,0
1626.0,29.0,36,108.5,253.5134,34.3,137.0,0.0,0.31,0.58,0.11,0.14,0.9279,12.6758,0
1597.0,-29.0,36,65.6,172.2155,19.8,80.9,0.0,0.31,0.53,0.06,0.25,0.9627,15.0326,0
1053.0,60.0,46,64.4,79.49,31.7,62.1,130.8,0.24,0.5,0.11,0.26,0.9394,13.6835,0
993.0,-60.0,45,67.2,90.0325,33.8,73.0,88.5,0.27,0.64,0.18,0.16,0.9459,12.5079,0
2115.0,-90.0,50,53.6,150.2611,32.1,27.0,154.7,0.44,0.68,0.06,0.14,0.9662,14.5893,0
2205.0,90.0,49,57.9,152.6511,10.4,46.0,136.5,0.43,0.76,0.04,0.18,0.9411,13.8897,0
873.0,142.0,3,16.7,17.6163,16.7,0.0,0.0,0.67,1.0,0.0,0.0,0.9564,14.4482,0
731.0,-142.0,2,202.5,152.028,202.5,0.0,0.0,0.0,0.0,0.5,0.5,0.9737,13.0103,0
1841.0,473.0,37,92.4,186.6346,26.2,117.0,0.0,0.22,0.59,0.14,0.24,0.9381,14.7893,0
1368.0,-473.0,37,68.6,122.8575,23.4,83.1,0.0,0.46,0.76,0.11,0.16,0.965,15.4752,0
2097.0,56.0,63,56.7,86.1865,12.8,41.8,95.2,0.41,0.83,0.08,0.24,0.9732,13.71,0
2041.0,-56.0,63,37.7,70.7367,14.9,42.9,39.7,0.49,0.76,0.05,0.17,0.961,13.3758,0
1562.0,-123.0,37,86.9,169.1101,22.8,110.6,0.0,0.38,0.65,0.11,0.27,0.9631,14.1709,0
1685.0,123.0,37,65.8,107.9048,19.1,80.8,0.0,0.41,0.65,0.11,0.16,0.9717,13.9297,0
2003.0,71.0,16,50.0,78.053,14.7,108.8,0.0,0.25,0.56,0.12,0.06,0.9579,15.2084,0
1932.0,-71.0,15,118.4,258.4185,20.7,265.0,0.0,0.33,0.47,0.2,0.13,0.9443,14.0365,0
1849.0,13.0,21,51.0,64.5616,18.0,81.0,0.0,0.14,0.57,0.05,0.29,0.9533,14.8707,0
1836.0,-13.0,21,41.9,73.4699,21.4,57.2,0.0,0.38,0.81,0.1,0.19,0.9553,14.7466,0
1401.0,-2.0,27,57.2,85.8193,7.6,86.4,0.0,0.48,0.67,0.04,0.33,0.9586,14.8627,0
1403.0,2.0,26,119.0,204.4541,13.9,174.6,0.0,0.23,0.46,0.19,0.23,0.9639,14.4926,0
1657.0,13.0,29,90.1,219.2575,22.1,125.8,0.0,0.38,0.55,0.07,0.24,0.9268,14.3551,0
1644.0,-13.0,29,29.8,35.1592,23.3,32.7,0.0,0.28,0.66,0.0,0.24,0.9585,14.0237,0
1305.0,23.0,34,123.6,251.1319,18.3,167.5,0.0,0.29,0.56,0.18,0.12,0.9493,13.2426,0
1282.0,-23.0,33,117.3,254.2294,16.0,155.3,0.0,0.39,0.58,0.15,0.12,0.9594,14.5885,0
1285.0,67.0,31,108.9,182.6208,22.2,150.2,0.0,0.23,0.55,0.13,0.26,0.9632,16.0203,0
1218.0,-67.0,30,99.0,169.8028,57.0,117.0,0.0,0.23,0.43,0.13,0.3,0.961,13.9023,0
1914.0,42.0,42,42.3,58.8949,14.6,53.1,18.5,0.38,0.57,0.02,0.17,0.949,14.839,0
1872.0,-42.0,42,25.0,47.3943,19.8,29.0,0.0,0.52,0.79,0.02,0.12,0.965,14.1899,0
1686.0,22.0,35,50.1,64.3069,52.9,49.0,0.0,0.4,0.6,0.03,0.29,0.9595,15.1515,0
1664.0,-22.0,35,38.3,48.6342,68.9,27.7,0.0,0.43,0.66,0.03,0.23,0.9621,14.8726,0
1346.0,51.0,51,94.3,114.1681,34.7,136.9,32.1,0.2,0.49,0.14,0.35,0.9642,14.948,0
1295.0,-51.0,50,81.3,126.048,13.7,126.0,15.0,0.3,0.66,0.14,0.24,0.9642,12.335,0
1650.0,-26.0,39,73.5,134.8182,26.8,89.6,0.0,0.41,0.67,0.1,0.28,0.9557,14.1194,0
1676.0,26.0,38,54.9,78.3651,35.1,61.0,0.0,0.32,0.55,0.05,0.32,0.9473,12.9803,0
1838.0,-36.0,36,61.8,165.92,22.7,76.8,0.0,0.25,0.61,0.03,0.22,0.966,15.0722,0
1874.0,36.0,36,29.1,51.3159,15.8,33.6,0.0,0.42,0.72,0.03,0.14,0.9563,14.1674,0
2180.0,21.0,25,88.0,113.071,25.5,129.7,0.0,0.24,0.56,0.08,0.48,0.9603,15.3778,0
2159.0,-21.0,24,48.2,66.1239,21.1,64.5,0.0,0.38,0.62,0.04,0.25,0.9626,14.9104,0
1436.0,49.0,38,147.0,266.5485,31.9,188.1,0.0,0.16,0.34,0.18,0.32,0.9678,13.7909,0
1387.0,-49.0,38,104.6,270.9213,36.1,125.8,0.0,0.42,0.74,0.11,0.13,0.9656,15.3664,0
2193.0,117.0,26,56.0,68.0435,68.0,48.5,0.0,0.19,0.46,0.04,0.27,0.968,15.5908,0
2076.0,-117.0,26,29.2,41.974,20.3,33.8,0.0,0.38,0.69,0.0,0.12,0.9633,14.9024,0
1473.0,3.0,25,36.6,100.645,16.2,50.2,0.0,0.16,0.6,0.04,0.12,0.9611,14.7058,0
1470.0,-3.0,25,13.2,21.8645,12.3,13.6,0.0,0.36,0.6,0.0,0.12,0.9602,14.6773,0
2173.0,30.0,27,71.0,126.3059,20.7,100.5,0.0,0.3,0.56,0.11,0.22,0.959,14.3108,0
2143.0,-30.0,27,40.0,41.3284,30.6,44.8,0.0,0.26,0.59,0.0,0.37,0.9594,15.6289,0
1705.0,-57.0,39,65.5,115.5362,22.0,80.6,0.0,0.46,0.64,0.1,0.23,0.9454,14.3557,0
1762.0,57.0,39,61.7,99.38,19.4,74.4,0.0,0.26,0.72,0.08,0.26,0.9691,14.1055,0
1574.0,4.0,50,34.8,52.3067,33.5,37.7,27.4,0.36,0.56,0.02,0.16,0.9639,14.6185,0
1570.0,-4.0,49,64.3,156.0278,24.7,54.3,130.1,0.31,0.57,0.06,0.24,0.9486,13.29,0
2222.0,30.0,24,64.5,103.6872,12.8,101.5,0.0,0.46,0.58,0.04,0.33,0.9614,15.8975,0
2192.0,-30.0,23,30.0,38.9569,13.3,40.7,0.0,0.39,0.61,0.0,0.22,0.9618,15.5341,0
1272.0,-5.0,11,12.9,18.9074,14.2,0.0,0.0,0.55,0.82,0.0,0.09,0.9539,15.0297,0
1277.0,5.0,10,70.9,148.791,25.0,484.0,0.0,0.4,0.5,0.1,0.1,0.9539,15.0406,0
1699.0,85.0,53,59.5,191.0179,19.2,65.2,77.5,0.36,0.6,0.04,0.19,0.9612,15.336,0
1614.0,-85.0,52,59.9,148.0849,22.0,96.7,1.0,0.27,0.62,0.06,0.25,0.9537,11.1456,0
916.0,-85.0,26,84.5,193.6967,51.7,105.0,0.0,0.46,0.69,0.04,0.27,0.956,14.7151,0
1001.0,85.0,26,136.0,266.6569,44.6,184.4,0.0,0.23,0.46,0.19,0.19,0.9594,13.6792,0
1585.0,3.0,31,61.5,107.6132,112.7,37.1,0.0,0.48,0.77,0.1,0.19,0.9589,14.5053,0
1582.0,-3.0,30,124.4,211.2336,72.9,146.5,0.0,0.3,0.47,0.13,0.37,0.9011,12.0686,0
1343.0,-28.0,34,87.0,189.0205,35.7,108.4,0.0,0.44,0.59,0.06,0.29,0.9619,14.1437,0
1371.0,28.0,34,30.4,38.6343,17.6,35.0,0.0,0.38,0.62,0.0,0.21,0.968,15.3936,0
1491.0,82.0,18,134.7,249.5174,33.9,260.6,0.0,0.11,0.5,0.17,0.22,0.9601,15.4107,0
1409.0,-82.0,17,40.9,52.8239,24.7,59.1,0.0,0.53,0.76,0.0,0.35,0.961,15.7619,0
1942.0,12.0,34,40.5,48.3173,40.7,40.4,0.0,0.32,0.62,0.0,0.29,0.9602,15.2775,0
1930.0,-12.0,33,103.7,187.8815,55.8,121.7,0.0,0.18,0.39,0.15,0.33,0.966,13.5502,0
1891.0,7.0,17,86.8,240.2645,32.6,164.3,0.0,0.59,0.82,0.06,0.24,0.9579,14.4851,0
1884.0,-7.0,16,126.3,247.7183,41.7,235.1,0.0,0.19,0.62,0.19,0.25,0.9542,14.6323,0
2002.0,21.0,30,64.0,195.5705,16.8,87.5,0.0,0.43,0.8,0.07,0.1,0.9652,15.7638,0
1981.0,-21.0,29,93.4,253.9078,17.4,127.6,0.0,0.48,0.76,0.07,0.1,0.9245,9.811,0
1925.0,73.0,26,93.8,268.0582,11.0,145.6,0.0,0.58,0.77,0.08,0.12,0.9648,15.8147,0
1852.0,-73.0,25,163.1,327.9942,20.4,243.4,0.0,0.24,0.44,0.16,0.16,0.9585,13.8043,0
2467.0,-36.0,36,33.0,60.0678,10.5,41.6,0.0,0.42,0.78,0.06,0.17,0.9605,14.4421,0
2503.0,36.0,36,17.3,33.7195,4.6,21.5,0.0,0.53,0.83,0.0,0.11,0.9545,14.0188,0
1569.0,100.0,36,72.8,117.2371,25.3,91.1,0.0,0.39,0.56,0.08,0.33,0.9366,14.2537,0
1469.0,-100.0,35,77.6,193.8372,15.8,99.0,0.0,0.49,0.63,0.09,0.17,0.9654,14.2027,0
1747.0,-109.0,22,143.0,179.9679,52.5,218.3,0.0,0.09,0.5,0.23,0.5,0.9627,13.6659,0
1856.0,109.0,21,119.7,133.395,41.4,178.4,0.0,0.29,0.48,0.29,0.24,0.9621,15.3848,0
1673.0,-5.0,43,88.8,173.9424,19.1,111.9,89.7,0.3,0.63,0.09,0.33,0.9663,15.1189,0
1678.0,5.0,42,88.9,160.4216,24.8,106.9,101.0,0.29,0.64,0.05,0.45,0.9689,14.9628,0
1809.0,-393.0,54,73.7,195.748,31.5,121.7,1.0,0.37,0.67,0.07,0.19,0.8274,9.3733,0
2202.0,393.0,54,34.1,137.5008,5.3,59.5,0.8,0.35,0.63,0.02,0.11,0.9637,15.038,0
1918.0,-2.0,62,24.8,32.7508,18.9,29.0,21.7,0.37,0.68,0.0,0.19,0.9656,13.1063,0
1920.0,2.0,62,41.6,53.4632,18.6,47.7,42.7,0.34,0.58,0.02,0.32,0.9757,13.2153,0
1789.0,50.0,14,56.6,115.5307,20.8,146.0,0.0,0.64,0.86,0.07,0.21,0.9573,14.5569,0
1739.0,-50.0,13,84.5,132.0275,39.7,185.2,0.0,0.31,0.69,0.08,0.31,0.9541,14.4494,0
1093.0,-210.0,27,62.3,75.7603,61.5,62.8,0.0,0.33,0.59,0.07,0.26,0.9508,14.3269,0
1303.0,210.0,27,56.9,68.1338,58.2,56.2,0.0,0.26,0.41,0.04,0.3,0.9573,14.8326,0
1653.0,-24.0,16,36.6,53.3265,31.6,45.0,0.0,0.25,0.62,0.0,0.25,0.9429,14.1412,0
1677.0,24.0,16,22.6,27.7654,29.2,14.1,0.0,0.31,0.56,0.0,0.12,0.9462,13.9227,0
1848.0,-34.0,37,81.4,118.3379,17.3,105.1,0.0,0.3,0.46,0.16,0.3,0.9213,13.4583,0
1882.0,34.0,36,61.7,92.2849,28.8,72.7,0.0,0.28,0.5,0.08,0.22,0.9651,14.8249,0
965.0,-66.0,41,104.6,225.6254,123.7,101.7,0.0,0.44,0.61,0.12,0.24,0.7919,10.3209,0
1031.0,66.0,41,96.9,231.1417,99.0,102.8,0.0,0.39,0.61,0.17,0.1,0.9725,15.7498,0
1166.0,118.0,18,34.0,39.6366,27.0,42.8,0.0,0.5,0.72,0.0,0.28,0.9583,15.1938,0
1048.0,-118.0,17,72.2,131.9385,42.4,105.6,0.0,0.47,0.71,0.18,0.0,0.9308,13.6436,0
1139.0,57.0,26,40.0,59.3751,45.7,36.4,0.0,0.27,0.77,0.04,0.23,0.9509,14.7292,0
1082.0,-57.0,25,60.1,86.0684,39.1,71.9,0.0,0.28,0.52,0.12,0.32,0.9646,14.508,0
1186.0,39.0,25,76.0,87.0177,88.5,67.7,0.0,0.28,0.48,0.12,0.32,0.9589,14.7012,0
1147.0,-39.0,25,73.9,104.768,51.0,86.8,0.0,0.32,0.64,0.12,0.32,0.9142,14.2582,0
1953.0,-27.0,40,38.5,74.2225,9.2,48.2,0.0,0.4,0.88,0.05,0.17,0.9432,13.4835,0
1980.0,27.0,40,38.8,58.8509,10.8,48.5,0.0,0.4,0.8,0.03,0.25,0.9583,13.4096,0
1412.0,-17.0,24,82.8,110.9276,73.0,89.9,0.0,0.29,0.62,0.12,0.33,0.9694,15.3645,0
1429.0,17.0,23,51.3,87.2074,32.8,63.2,0.0,0.35,0.65,0.09,0.17,0.9566,15.6172,0
1926.0,73.0,31,15.6,24.0771,2.1,22.1,0.0,0.58,0.77,0.0,0.1,0.9678,15.6416,0
1853.0,-73.0,30,66.4,186.6826,10.4,90.3,0.0,0.37,0.63,0.1,0.1,0.9217,12.7224,0
1838.0,84.0,27,90.4,194.2208,22.8,130.2,0.0,0.37,0.7,0.07,0.22,0.9661,15.8914,0
1754.0,-84.0,26,87.4,196.5635,51.2,106.6,0.0,0.42,0.62,0.04,0.35,0.9632,13.6102,0
1782.0,27.0,31,51.1,63.4392,54.7,49.3,0.0,0.39,0.68,0.03,0.39,0.9578,15.3667,0
1755.0,-27.0,30,114.9,186.1931,65.3,136.1,0.0,0.23,0.4,0.13,0.47,0.9305,13.3619,0
2028.0,84.0,27,43.2,123.3008,17.0,58.6,0.0,0.48,0.78,0.04,0.15,0.9533,14.7716,0
1944.0,-84.0,27,14.2,24.9003,10.2,16.2,0.0,0.44,0.78,0.0,0.07,0.9522,14.19,0
1342.0,22.0,33,170.7,279.6951,57.6,219.9,0.0,0.36,0.64,0.27,0.21,0.9319,12.9868,0
1320.0,-22.0,32,166.4,244.0123,91.2,195.8,0.0,0.31,0.5,0.28,0.22,0.9626,15.1244,0
1070.0,36.0,57,78.2,119.4218,75.6,87.8,62.9,0.25,0.56,0.11,0.26,0.9361,13.5303,0
1034.0,-36.0,57,109.7,199.3495,82.0,102.7,135.1,0.37,0.61,0.19,0.21,0.9735,11.7837,0
1837.0,63.0,28,35.9,62.2752,17.3,46.2,0.0,0.61,0.68,0.04,0.21,0.9674,16.2674,0
1774.0,-63.0,27,97.6,199.1119,21.2,135.7,0.0,0.22,0.56,0.15,0.19,0.9596,14.6647,0
1878.0,-51.0,23,102.2,122.8964,62.2,132.9,0.0,0.22,0.52,0.13,0.43,0.9583,15.0738,0
1929.0,51.0,22,131.9,198.8989,69.6,175.0,0.0,0.18,0.59,0.14,0.5,0.9593,15.2735,0
2102.0,-51.0,48,31.8,43.212,31.0,26.4,53.1,0.35,0.62,0.02,0.19,0.9656,13.9277,0
2153.0,51.0,48,22.4,38.2399,20.4,26.4,10.9,0.29,0.67,0.02,0.12,0.9591,13.0094,0
1436.0,-47.0,21,78.6,117.865,29.3,123.4,0.0,0.19,0.38,0.05,0.43,0.955,14.9785,0
1483.0,47.0,20,51.9,41.2825,41.8,60.1,0.0,0.25,0.45,0.0,0.5,0.9604,15.4115,0
802.0,-56.0,44,151.0,231.936,207.1,152.4,0.0,0.45,0.59,0.25,0.25,0.9606,14.7216,0
858.0,56.0,43,197.1,282.0501,306.0,156.0,260.8,0.16,0.33,0.3,0.3,0.9087,12.4374,0
1748.0,48.0,20,26.2,31.1751,14.7,37.8,0.0,0.5,0.55,0.0,0.2,0.9609,16.1281,0
1700.0,-48.0,19,39.3,118.198,6.0,69.2,0.0,0.32,0.74,0.05,0.0,0.9581,15.6268,0
1908.0,-1.0,18,97.4,178.9454,50.5,156.1,0.0,0.33,0.61,0.11,0.33,0.9667,16.581,0
1909.0,1.0,17,132.4,208.3863,48.7,226.5,0.0,0.29,0.47,0.18,0.24,0.9515,14.9308,0
1063.0,-17.0,25,182.8,294.8833,95.3,241.1,0.0,0.28,0.56,0.24,0.2,0.9138,14.0345,0
1080.0,17.0,25,107.3,223.9275,127.7,95.8,0.0,0.36,0.68,0.16,0.2,0.9542,15.3026,0
2264.0,209.0,36,27.3,55.9651,21.2,29.6,0.0,0.36,0.69,0.03,0.11,0.9591,14.8196,0
2055.0,-209.0,35,46.9,85.7321,22.0,55.5,0.0,0.23,0.69,0.06,0.14,0.957,14.752,0
1193.0,19.0,32,183.3,298.8727,102.1,220.2,0.0,0.44,0.62,0.25,0.25,0.9287,14.1481,0
1174.0,-19.0,32,140.1,250.2078,88.8,160.1,0.0,0.41,0.66,0.25,0.22,0.9553,15.6907,0
1422.0,37.0,16,121.9,268.342,20.3,291.2,0.0,0.38,0.56,0.12,0.19,0.9601,15.6402,0
1385.0,-37.0,16,28.9,39.8422,11.2,51.7,0.0,0.5,0.69,0.0,0.19,0.9642,14.5743,0
1464.0,-23.0,22,95.0,141.6866,51.5,131.3,0.0,0.36,0.64,0.14,0.32,0.9559,15.5687,0
1487.0,23.0,22,72.3,95.3031,43.6,92.2,0.0,0.18,0.59,0.09,0.36,0.9571,14.5326,0
1624.0,93.0,34,103.9,239.8245,95.0,107.6,0.0,0.29,0.56,0.15,0.24,0.9594,15.3353,0
1531.0,-93.0,33,160.0,294.4669,88.7,186.8,0.0,0.39,0.64,0.18,0.27,0.7788,10.167,0
1349.0,11.0,58,59.0,87.3476,53.6,83.2,21.8,0.36,0.59,0.05,0.34,0.9582,14.0632,0
1338.0,-11.0,58,64.1,92.0107,48.1,54.8,86.5,0.31,0.52,0.05,0.36,0.9582,12.9374,0
1779.0,14.0,35,61.4,131.1237,25.3,75.9,0.0,0.2,0.63,0.06,0.26,0.9558,13.9675,0
1765.0,-14.0,34,44.2,130.2028,25.2,51.0,0.0,0.38,0.68,0.03,0.09,0.9495,14.6179,0
2049.0,-1.0,29,62.0,101.4574,33.6,77.0,0.0,0.31,0.69,0.1,0.28,0.9654,15.5674,0
2050.0,1.0,28,55.3,73.4816,23.0,70.6,0.0,0.32,0.54,0.07,0.25,0.9237,14.7423,0
1682.0,-44.0,30,51.8,95.5563,23.6,65.8,0.0,0.37,0.67,0.1,0.13,0.9614,15.2183,0
1726.0,44.0,29,110.8,228.657,64.0,131.8,0.0,0.28,0.69,0.17,0.17,0.9637,15.1253,0
1667.0,-28.0,47,57.8,152.7038,20.1,37.7,197.7,0.51,0.81,0.04,0.15,0.9336,12.7032,0
1695.0,28.0,47,30.8,55.8711,27.7,29.4,39.6,0.47,0.79,0.04,0.17,0.9727,14.5801,0
1047.0,48.0,9,158.4,323.5078,158.4,0.0,0.0,0.33,0.44,0.11,0.33,0.8443,13.2035,0
999.0,-48.0,9,17.9,28.0065,17.9,0.0,0.0,0.33,0.89,0.0,0.11,0.9549,14.6908,0
1599.0,82.0,20,21.2,34.4836,26.5,15.9,0.0,0.5,0.85,0.0,0.05,0.9602,15.6778,0
1517.0,-82.0,19,75.3,104.9708,9.2,134.7,0.0,0.21,0.53,0.16,0.21,0.9415,13.4041,0
1515.0,21.0,28,25.8,31.3358,22.2,27.8,0.0,0.43,0.79,0.0,0.18,0.9466,14.6535,0
1494.0,-21.0,28,12.1,19.7059,14.3,11.1,0.0,0.61,0.75,0.0,0.04,0.952,14.4522,0
1600.0,12.0,40,89.9,185.2493,25.1,111.5,0.0,0.4,0.65,0.07,0.3,0.9414,14.6375,0
1588.0,-12.0,40,103.8,198.6607,11.8,132.1,84.0,0.35,0.62,0.17,0.23,0.9639,14.1889,0
2267.0,6.0,39,43.5,93.3358,74.5,32.8,0.0,0.31,0.59,0.03,0.21,0.9183,12.8074,0
2261.0,-6.0,39,18.5,23.6119,14.6,19.6,0.0,0.46,0.69,0.0,0.13,0.9521,15.0409,0
2150.0,32.0,29,32.3,50.6403,17.8,39.9,0.0,0.38,0.72,0.03,0.24,0.9578,15.5478,0
2118.0,-32.0,28,120.9,270.8023,83.6,138.5,0.0,0.29,0.54,0.14,0.14,0.9139,13.5409,0
1634.0,-86.0,26,150.8,273.1582,43.6,217.9,0.0,0.31,0.58,0.15,0.31,0.9587,13.6344,0
1720.0,86.0,26,108.2,207.1228,59.9,133.8,0.0,0.35,0.5,0.15,0.23,0.9535,13.4316,0
1432.0,-42.0,25,40.8,110.8962,13.9,58.8,0.0,0.32,0.68,0.04,0.08,0.9564,14.5374,0
1474.0,42.0,24,15.0,15.0232,13.6,15.8,0.0,0.38,0.67,0.0,0.04,0.9588,14.4197,0
1789.0,-69.0,45,59.8,63.4776,57.2,62.6,48.6,0.31,0.53,0.02,0.42,0.9582,14.1396,0
1858.0,69.0,45,43.2,60.4814,42.0,46.1,30.2,0.49,0.64,0.02,0.29,0.9691,15.2505,0
1427.0,-104.0,22,71.3,86.729,95.4,51.2,0.0,0.14,0.55,0.09,0.41,0.9567,14.9971,0
1531.0,104.0,22,22.5,31.1796,28.3,18.4,0.0,0.45,0.82,0.0,0.14,0.9639,15.8354,0
1283.0,54.0,40,69.0,80.3596,53.0,74.4,0.0,0.23,0.47,0.1,0.38,0.9183,13.6494,0
1229.0,-54.0,40,44.0,52.632,47.3,44.4,0.0,0.38,0.62,0.03,0.3,0.9691,15.2593,0
1941.0,16.0,58,82.9,193.0439,33.8,64.8,140.5,0.43,0.67,0.1,0.17,0.9415,11.3516,0
1925.0,-16.0,58,68.9,185.1009,39.3,43.6,122.9,0.31,0.59,0.05,0.16,0.9492,13.9265,0
1340.0,26.0,36,74.9,118.4152,34.8,90.4,0.0,0.31,0.56,0.06,0.39,0.9488,13.6524,0
1314.0,-26.0,36,88.5,113.7392,40.4,104.5,0.0,0.28,0.47,0.14,0.33,0.9546,14.4951,0
1489.0,137.0,17,29.5,45.599,43.5,9.4,0.0,0.59,0.76,0.0,0.18,0.9612,15.4152,0
1352.0,-137.0,16,94.9,248.4096,47.7,155.6,0.0,0.25,0.62,0.12,0.12,0.9619,13.9257,0
1869.0,4.0,62,115.7,254.5615,27.3,44.4,253.1,0.35,0.61,0.1,0.31,0.9657,13.6773,0
1865.0,-4.0,61,128.1,245.883,21.2,58.0,267.4,0.36,0.57,0.15,0.25,0.9602,13.232,0
1938.0,-6.0,1,0.0,0.0,0.0,0.0,0.0,0.0,1.0,0.0,0.0,0.9837,13.0103,0
1944.0,6.0,1,5.0,0.0,5.0,0.0,0.0,1.0,1.0,0.0,0.0,0.9837,13.0103,0
1722.0,97.0,44,61.3,109.7167,22.5,67.2,114.2,0.45,0.73,0.07,0.25,0.9414,13.2636,0
1625.0,-97.0,43,61.9,99.7279,25.1,80.8,3.0,0.4,0.63,0.12,0.21,0.955,13.5337,0
1890.0,-445.0,71,49.5,94.7387,17.8,58.3,51.2,0.37,0.65,0.06,0.18,0.9561,12.5922,0
2335.0,445.0,70,51.6,94.8839,18.1,51.2,61.6,0.29,0.57,0.06,0.19,0.9634,14.335,0
1792.0,-24.0,31,40.0,66.3699,7.0,55.7,0.0,0.45,0.81,0.06,0.16,0.9667,15.4128,0
1816.0,24.0,31,12.2,16.4852,7.3,14.2,0.0,0.65,0.9,0.0,0.03,0.9624,14.6711,0
1175.0,-8.0,33,152.2,201.4366,21.4,209.1,0.0,0.21,0.64,0.3,0.18,0.9523,14.0911,0
1183.0,8.0,32,160.3,183.0874,19.8,215.3,0.0,0.22,0.44,0.31,0.28,0.9614,14.8675,0
1944.0,61.0,56,72.1,170.4197,22.8,50.4,143.4,0.39,0.71,0.05,0.27,0.9418,12.776,0
1883.0,-61.0,56,79.1,192.9966,10.2,42.6,180.2,0.48,0.71,0.07,0.16,0.9491,13.5348,0
1299.0,32.0,36,130.6,177.8108,28.5,169.9,0.0,0.08,0.28,0.19,0.36,0.9604,15.9712,0
1267.0,-32.0,35,145.3,216.8532,60.8,174.5,0.0,0.17,0.37,0.2,0.4,0.9602,12.9854,0
1846.0,-6.0,22,29.8,33.2618,12.6,44.2,0.0,0.45,0.68,0.0,0.18,0.9557,14.8099,0
1852.0,6.0,21,47.0,62.0206,14.1,71.8,0.0,0.14,0.57,0.05,0.19,0.9523,15.3117,0
1713.0,-9.0,32,30.2,36.0636,25.3,32.5,0.0,0.38,0.66,0.0,0.25,0.963,15.7032,0
1722.0,9.0,32,47.4,79.1042,14.4,60.3,0.0,0.47,0.59,0.03,0.28,0.97,14.5883,0
2127.0,-27.0,38,60.8,118.0475,30.5,71.6,0.0,0.26,0.5,0.05,0.29,0.9603,14.7377,0
2154.0,27.0,37,34.5,42.0837,35.6,34.1,0.0,0.24,0.59,0.0,0.19,0.9602,14.2514,0
1395.0,-35.0,27,118.6,136.451,29.2,171.2,0.0,0.22,0.41,0.22,0.33,0.9553,14.8944,0
1430.0,35.0,26,105.6,106.0977,41.0,139.8,0.0,0.15,0.38,0.15,0.42,0.9559,15.1798,0
819.0,-22.0,23,101.1,255.0082,112.5,92.3,0.0,0.13,0.52,0.09,0.22,0.9654,15.7222,0
841.0,22.0,22,113.5,218.9887,195.2,57.0,0.0,0.41,0.68,0.14,0.23,0.8908,11.5729,0
1885.0,94.0,39,103.7,243.4555,29.4,129.4,0.0,0.31,0.59,0.08,0.26,0.9364,13.2943,0
1791.0,-94.0,38,83.2,178.1924,33.8,98.5,0.0,0.37,0.53,0.11,0.21,0.9506,14.1538,0
2131.0,17.0,33,47.7,63.6775,44.0,49.3,0.0,0.42,0.67,0.03,0.3,0.9688,14.3113,0
2114.0,-17.0,33,52.5,63.1512,65.6,47.7,0.0,0.45,0.7,0.06,0.24,0.9597,14.602,0
1131.0,-3.0,23,135.9,219.6704,47.1,204.2,0.0,0.22,0.52,0.26,0.26,0.9523,12.9291,0
1134.0,3.0,23,92.1,213.1409,27.9,133.4,0.0,0.57,0.7,0.13,0.22,0.9159,14.4362,0
1847.0,-8.0,49,106.6,238.8811,75.1,148.8,1.0,0.37,0.63,0.1,0.29,0.8386,10.0932,0
1855.0,8.0,49,39.7,145.4631,44.4,51.2,0.6,0.39,0.73,0.02,0.14,0.9642,15.8339,0
2146.0,-7.0,32,130.7,193.6689,93.4,147.6,0.0,0.12,0.41,0.19,0.5,0.9592,14.7995,0
2153.0,7.0,32,106.2,131.4766,72.3,119.4,0.0,0.16,0.38,0.22,0.25,0.9563,14.9878,0
527.0,-13.0,46,137.3,275.5196,164.3,155.7,0.3,0.3,0.61,0.15,0.26,0.8089,9.869,0
540.0,13.0,46,87.6,223.0641,131.2,61.6,142.9,0.26,0.41,0.07,0.22,0.9545,16.144,0
1739.0,-103.0,50,53.1,61.2339,34.6,54.4,67.6,0.28,0.52,0.04,0.3,0.9518,14.3985,0
1842.0,103.0,50,30.7,38.3805,30.2,32.3,26.8,0.3,0.62,0.0,0.18,0.9708,15.2951,0
807.0,-87.0,54,121.8,267.4964,56.8,83.0,251.5,0.26,0.7,0.15,0.19,0.9205,9.4529,0
894.0,87.0,54,53.8,144.8073,15.1,52.1,80.3,0.41,0.65,0.06,0.22,0.9743,15.0388,0
1796.0,-13.0,58,75.7,106.8139,45.5,109.7,35.8,0.48,0.71,0.12,0.31,0.9543,13.3878,0
1809.0,13.0,57,80.5,136.0809,24.6,119.5,43.6,0.39,0.65,0.12,0.19,0.9175,12.2544,0
2392.0,289.0,15,16.9,26.6444,11.5,27.8,0.0,0.27,0.73,0.0,0.07,0.9546,15.4885,0
2103.0,-289.0,14,60.3,141.9195,12.3,146.6,0.0,0.29,0.57,0.07,0.14,0.9608,14.6861,0
1308.0,23.0,22,67.9,74.4759,80.0,57.8,0.0,0.32,0.64,0.09,0.32,0.9529,15.3259,0
1285.0,-23.0,21,70.0,67.5984,57.4,79.5,0.0,0.19,0.52,0.0,0.48,0.9588,15.1665,0
1771.0,-23.0,45,44.0,76.8789,13.7,52.2,55.6,0.38,0.69,0.07,0.13,0.9545,14.8337,0
1794.0,23.0,45,34.4,60.9346,15.0,46.5,3.3,0.51,0.76,0.04,0.16,0.9522,13.1565,0
1321.0,101.0,30,124.3,255.6087,16.8,178.0,0.0,0.23,0.53,0.13,0.17,0.9337,15.1978,0
1220.0,-101.0,29,101.5,185.6236,35.2,131.3,0.0,0.21,0.38,0.1,0.34,0.9488,14.0414,0
1804.0,59.0,69,39.3,76.729,37.1,58.7,20.0,0.45,0.7,0.04,0.17,0.9493,12.8626,0
1745.0,-59.0,68,38.0,76.3152,16.7,58.8,23.2,0.44,0.84,0.03,0.21,0.9456,12.9783,0
1327.0,-82.0,32,123.0,174.1658,43.8,159.0,0.0,0.31,0.5,0.25,0.22,0.9652,15.4302,0
1409.0,82.0,32,113.8,141.356,60.4,134.7,0.0,0.28,0.5,0.19,0.34,0.96,14.3485,0
1658.0,-27.0,54,31.1,37.3852,13.5,35.6,33.9,0.35,0.61,0.0,0.24,0.9684,15.6771,0
1685.0,27.0,53,39.7,61.1177,15.6,46.3,41.1,0.32,0.58,0.02,0.28,0.9157,11.7019,0
1900.0,10.0,32,57.3,99.5886,36.3,66.8,0.0,0.22,0.59,0.06,0.25,0.9651,16.0065,0
1890.0,-10.0,32,73.0,130.0313,56.0,79.7,0.0,0.16,0.38,0.03,0.41,0.9571,14.7682,0
1810.0,-27.0,75,99.3,203.8057,24.0,169.6,60.5,0.36,0.72,0.12,0.25,0.8899,9.8964,0
1837.0,27.0,75,91.8,228.2344,19.1,104.3,99.5,0.37,0.65,0.12,0.15,0.9714,15.7236,0
1670.0,-14.0,70,184.1,324.0941,64.5,62.7,345.5,0.27,0.54,0.19,0.26,0.9771,14.8398,0
1684.0,14.0,69,164.3,296.5955,54.1,71.7,290.0,0.36,0.71,0.17,0.28,0.9371,9.9201,0
1718.0,-274.0,58,31.8,60.5802,22.5,25.8,47.0,0.36,0.67,0.02,0.17,0.9546,13.7051,0
1992.0,274.0,57,39.1,80.8894,19.0,38.2,50.6,0.37,0.67,0.04,0.16,0.9421,11.2996,0
1470.0,-57.0,29,122.0,306.5069,9.1,181.4,0.0,0.48,0.79,0.14,0.03,0.9618,15.0142,0
1527.0,57.0,28,173.4,347.2166,9.2,251.2,0.0,0.21,0.5,0.18,0.18,0.9523,14.0537,0
1034.0,-22.0,22,104.9,213.698,30.2,167.2,0.0,0.27,0.64,0.09,0.27,0.9657,16.4184,0
1056.0,22.0,21,169.9,233.0582,52.4,257.9,0.0,0.29,0.33,0.24,0.38,0.9585,14.1033,0
1476.0,22.0,33,58.5,94.3574,22.7,74.0,0.0,0.39,0.64,0.06,0.21,0.9602,14.3118,0
1454.0,-22.0,32,84.4,190.2538,65.7,91.8,0.0,0.41,0.72,0.12,0.22,0.9673,14.3352,0
1174.0,-17.0,7,150.1,374.9633,150.1,0.0,0.0,0.57,1.0,0.14,0.0,0.9534,15.7224,0
1191.0,17.0,6,253.3,375.92,253.3,0.0,0.0,0.17,0.33,0.33,0.33,0.7317,10.0058,0
1754.0,-46.0,53,75.5,131.8796,36.4,81.1,92.8,0.34,0.53,0.09,0.32,0.9633,13.8797,0
1800.0,46.0,53,84.8,167.668,69.4,81.0,102.9,0.26,0.66,0.11,0.19,0.9654,13.2629,0
1945.0,15.0,26,58.3,95.8802,5.9,91.1,0.0,0.42,0.77,0.08,0.19,0.9615,14.6847,0
1930.0,-15.0,26,66.4,140.6844,3.1,99.9,0.0,0.5,0.81,0.12,0.15,0.9655,15.7436,0
1491.0,28.0,24,159.9,328.4498,30.8,252.1,0.0,0.54,0.79,0.17,0.21,0.9248,14.308,0
1463.0,-28.0,24,86.8,201.4353,51.4,108.0,0.0,0.33,0.67,0.04,0.33,0.9584,15.4079,0
2112.0,-44.0,19,21.4,25.6845,11.1,32.8,0.0,0.47,0.68,0.0,0.16,0.9602,15.7045,0
2156.0,44.0,19,17.3,21.7584,13.2,20.9,0.0,0.26,0.79,0.0,0.16,0.9538,14.6437,0
1500.0,-290.0,11,62.9,63.5774,58.5,107.0,0.0,0.27,0.55,0.0,0.45,0.9487,15.2387,0
1790.0,290.0,11,32.4,39.76,23.0,74.5,0.0,0.36,0.73,0.0,0.27,0.9504,14.7452,0
2643.0,45.0,43,35.1,60.4119,58.8,25.1,56.7,0.47,0.7,0.02,0.21,0.9492,14.051,0
2598.0,-45.0,42,27.0,38.7494,6.8,33.2,25.3,0.5,0.67,0.02,0.12,0.9663,14.8765,0
1211.0,-6.0,39,125.7,262.4219,74.8,143.3,0.0,0.15,0.59,0.15,0.31,0.9527,12.7042,0
1217.0,6.0,39,99.8,264.9825,18.3,124.3,0.0,0.44,0.67,0.08,0.13,0.9566,13.9941,0
1959.0,52.0,25,162.0,250.2573,50.6,236.3,0.0,0.32,0.52,0.24,0.28,0.9546,14.0742,0
1907.0,-52.0,25,49.8,75.8989,24.0,64.4,0.0,0.28,0.64,0.08,0.24,0.9609,15.6594,0
1321.0,14.0,4,85.0,111.7467,85.0,0.0,0.0,0.25,0.5,0.25,0.25,0.9513,14.687,0
1307.0,-14.0,3,374.7,543.8578,374.7,0.0,0.0,0.33,0.33,0.33,0.33,0.6403,8.7442,0
1993.0,-2.0,62,74.6,91.0745,29.1,77.6,91.4,0.34,0.61,0.1,0.31,0.926,13.4459,0
1995.0,2.0,61,55.4,126.3187,22.2,85.7,27.5,0.39,0.64,0.03,0.23,0.952,13.9124,0
2202.0,-65.0,29,32.4,35.7936,20.5,38.7,0.0,0.41,0.72,0.0,0.31,0.955,15.3511,0
2267.0,65.0,29,29.0,44.2602,11.6,36.8,0.0,0.52,0.79,0.0,0.14,0.9659,14.8012,0
2227.0,-55.0,23,61.3,61.8026,41.5,76.5,0.0,0.22,0.57,0.04,0.39,0.9527,15.0392,0
2282.0,55.0,23,34.9,42.3753,40.0,31.6,0.0,0.57,0.65,0.0,0.35,0.9587,15.4534,0
2047.0,-39.0,36,70.1,177.2451,23.4,88.1,0.0,0.44,0.75,0.11,0.08,0.9078,14.0373,0
2086.0,39.0,36,31.2,50.326,20.1,35.0,0.0,0.5,0.72,0.0,0.22,0.9595,14.4455,0
2134.0,-18.0,50,46.5,58.4093,54.4,30.7,85.8,0.38,0.54,0.02,0.28,0.9452,13.4158,0
2152.0,18.0,50,23.6,32.893,16.9,30.7,9.8,0.52,0.7,0.0,0.12,0.9201,12.9511,0
1736.0,28.0,22,23.9,24.4441,23.0,24.7,0.0,0.5,0.82,0.0,0.14,0.9561,15.6013,0
1708.0,-28.0,21,56.2,61.7616,43.7,65.7,0.0,0.24,0.57,0.05,0.38,0.9612,14.8437,0
1048.0,2.0,14,108.6,149.0945,98.7,133.5,0.0,0.29,0.57,0.21,0.29,0.9595,14.6792,0
1046.0,-2.0,14,160.8,150.5003,109.3,253.4,0.0,0.29,0.36,0.36,0.21,0.9546,14.1845,0
1864.0,-6.0,25,70.2,166.9591,17.4,105.4,0.0,0.28,0.52,0.04,0.32,0.9592,15.4593,0
1870.0,6.0,25,35.2,71.5542,9.3,49.8,0.0,0.52,0.72,0.04,0.12,0.962,14.8077,0
2202.0,3.0,49,44.1,71.5512,34.6,60.4,0.3,0.37,0.53,0.04,0.29,0.9684,15.2873,0
2199.0,-3.0,48,84.0,173.1341,19.7,93.1,118.2,0.25,0.48,0.08,0.27,0.9072,12.1119,0
2055.0,-15.0,38,61.1,73.202,28.7,72.7,0.0,0.37,0.66,0.05,0.37,0.9642,14.2379,0
2070.0,15.0,37,77.7,106.3714,26.8,94.1,0.0,0.27,0.51,0.16,0.3,0.9639,14.6183,0
2133.0,-68.0,14,15.6,32.9816,4.3,44.0,0.0,0.29,0.93,0.0,0.07,0.9548,15.4927,0
2201.0,68.0,14,11.4,25.8416,4.3,24.0,0.0,0.36,0.93,0.0,0.07,0.9511,14.6101,0
1036.0,236.0,18,62.8,131.5631,92.8,25.4,0.0,0.33,0.56,0.06,0.22,0.954,15.1301,0
800.0,-236.0,17,149.6,265.5675,94.0,212.2,0.0,0.29,0.47,0.18,0.24,0.9517,14.5412,0
1576.0,27.0,16,88.8,111.2584,61.7,134.0,0.0,0.31,0.5,0.12,0.44,0.9612,15.1234,0
1549.0,-27.0,15,144.6,261.1715,71.6,254.2,0.0,0.27,0.6,0.2,0.33,0.896,12.1427,0
997.0,-159.0,28,83.1,190.6,28.5,113.4,0.0,0.43,0.64,0.11,0.21,0.9677,14.9864,0
1156.0,159.0,27,142.8,258.5894,75.0,176.7,0.0,0.22,0.44,0.19,0.33,0.9195,13.5766,0
1178.0,-56.0,29,47.1,53.1796,22.8,59.8,0.0,0.28,0.45,0.0,0.31,0.9722,16.3445,0
1234.0,56.0,28,62.1,128.7442,14.2,84.8,0.0,0.29,0.61,0.07,0.29,0.9587,14.6761,0
923.0,-76.0,21,41.8,62.6336,49.1,35.2,0.0,0.43,0.67,0.05,0.24,0.9565,14.7877,0
999.0,76.0,20,63.0,70.4848,45.6,77.3,0.0,0.4,0.5,0.05,0.4,0.9587,14.0802,0
2135.0,-13.0,42,47.3,58.7422,19.4,58.3,21.0,0.31,0.52,0.05,0.26,0.9691,14.985,0
2148.0,13.0,42,35.5,53.3206,5.6,47.4,6.3,0.38,0.62,0.05,0.17,0.9697,15.7405,0
1564.0,-15.0,20,113.0,235.2988,12.6,213.5,0.0,0.3,0.65,0.15,0.25,0.9655,15.8949,0
1579.0,15.0,20,28.9,69.8482,6.6,47.1,0.0,0.55,0.9,0.05,0.05,0.9658,15.9862,0
1579.0,-104.0,19,28.8,39.5539,38.0,18.6,0.0,0.42,0.53,0.0,0.21,0.9641,15.8153,0
1683.0,104.0,18,102.8,233.5165,25.0,180.6,0.0,0.17,0.44,0.11,0.28,0.9558,14.5637,0
1250.0,-4.0,19,60.7,81.0534,59.9,61.7,0.0,0.37,0.68,0.11,0.26,0.9447,13.7937,0
1254.0,4.0,19,9.8,12.3404,8.1,11.3,0.0,0.74,0.89,0.0,0.0,0.9587,15.5075,0
2243.0,23.0,20,51.7,72.7614,34.7,68.7,0.0,0.55,0.7,0.1,0.15,0.9576,14.5156,0
2220.0,-23.0,19,88.3,188.129,5.1,163.1,0.0,0.47,0.89,0.16,0.16,0.9521,14.9872,0
853.0,-218.0,53,120.2,223.1537,31.0,193.1,20.7,0.45,0.64,0.21,0.15,0.833,10.8735,0
1071.0,218.0,53,110.7,229.2341,45.8,148.0,72.4,0.34,0.6,0.17,0.15,0.9581,13.2709,0
859.0,4.0,44,101.8,122.7189,95.2,86.3,234.8,0.32,0.57,0.23,0.2,0.9585,12.8504,0
855.0,-4.0,43,92.5,134.7063,59.6,87.8,202.5,0.28,0.58,0.16,0.26,0.9641,14.623,0
1689.0,-20.0,31,61.7,90.5012,34.1,74.9,0.0,0.35,0.52,0.1,0.19,0.9642,15.3201,0
1709.0,20.0,30,85.5,143.3536,24.3,111.7,0.0,0.23,0.57,0.1,0.3,0.9662,14.269,0
900.0,126.0,9,25.8,21.551,25.8,0.0,0.0,0.22,0.56,0.0,0.11,0.9501,14.5956,0
774.0,-126.0,8,97.8,243.4923,97.8,0.0,0.0,0.5,0.5,0.12,0.12,0.9577,15.1044,0
1729.0,-6.0,14,29.2,27.9262,20.4,51.2,0.0,0.5,0.64,0.0,0.21,0.9443,13.2578,0
1735.0,6.0,13,42.1,88.1934,20.6,90.5,0.0,0.15,0.54,0.08,0.08,0.9464,14.5953,0
2019.0,-76.0,57,41.9,73.2451,11.9,64.0,20.5,0.42,0.7,0.04,0.18,0.9705,13.6516,0
2095.0,76.0,56,62.4,101.1481,22.2,64.7,79.7,0.27,0.64,0.11,0.25,0.9383,12.7618,0
1331.0,23.0,42,80.5,179.5152,21.8,105.4,0.0,0.48,0.57,0.1,0.21,0.9734,14.6827,0
1308.0,-23.0,41,104.0,236.0961,20.7,102.3,504.0,0.27,0.51,0.12,0.12,0.9646,13.9487,0
1536.0,-19.0,56,51.4,88.0148,16.3,63.8,49.9,0.36,0.61,0.05,0.27,0.9379,13.1397,0
1555.0,19.0,55,54.4,126.1383,15.2,58.7,68.3,0.44,0.73,0.07,0.13,0.9172,12.6221,0
1801.0,42.0,54,101.6,260.1539,26.7,140.6,71.7,0.26,0.5,0.07,0.17,0.9691,14.7766,0
1759.0,-42.0,53,114.9,264.8977,39.2,191.0,0.5,0.38,0.68,0.11,0.21,0.8513,9.8285,0
2068.0,-134.0,15,155.9,308.5393,29.8,408.2,0.0,0.53,0.6,0.2,0.2,0.8952,13.3647,0
2202.0,134.0,15,43.5,65.5514,60.4,18.0,0.0,0.47,0.87,0.07,0.2,0.9556,14.6742,0
1282.0,-122.0,9,47.2,45.4802,47.2,0.0,0.0,0.33,0.56,0.0,0.56,0.9541,15.0145,0
1404.0,122.0,8,12.8,13.6357,12.8,0.0,0.0,0.5,0.62,0.0,0.0,0.9573,15.3522,0
1944.0,-12.0,26,47.2,70.7243,6.9,72.4,0.0,0.31,0.69,0.08,0.19,0.9607,14.5677,0
1956.0,12.0,26,16.9,24.3299,13.3,18.8,0.0,0.58,0.85,0.0,0.08,0.959,15.6256,0
1172.0,64.0,40,52.7,93.2863,9.5,67.1,0.0,0.35,0.65,0.07,0.17,0.9209,13.4062,0
1108.0,-64.0,40,52.2,102.7883,67.1,49.2,11.0,0.28,0.62,0.07,0.12,0.9398,13.082,0
1162.0,18.0,26,66.3,86.4271,61.8,69.1,0.0,0.35,0.69,0.12,0.31,0.965,16.1434,0
1144.0,-18.0,25,140.8,209.4435,72.7,179.1,0.0,0.16,0.6,0.2,0.36,0.9523,13.0496,0
1013.0,-42.0,30,136.1,273.0512,46.7,180.8,0.0,0.33,0.67,0.2,0.07,0.958,15.1015,0
1055.0,42.0,30,163.0,281.2958,40.0,215.7,0.0,0.33,0.7,0.27,0.1,0.9579,11.905,0
1991.0,9.0,44,97.9,120.5871,88.1,101.4,95.5,0.25,0.7,0.09,0.48,0.9657,14.8089,0
1982.0,-9.0,43,96.0,104.8791,90.2,101.2,69.8,0.28,0.37,0.16,0.4,0.973,15.0495,0
1500.0,-41.0,24,179.4,293.809,145.0,204.0,0.0,0.25,0.54,0.29,0.12,0.8272,10.374,0
1541.0,41.0,24,84.2,216.7357,80.2,86.7,0.0,0.46,0.62,0.12,0.12,0.9627,16.3455,0
1314.0,112.0,30,95.3,191.1059,18.0,134.0,0.0,0.27,0.57,0.13,0.27,0.9544,14.849,0
1202.0,-112.0,30,39.7,64.8404,23.8,46.6,0.0,0.3,0.7,0.03,0.23,0.9652,15.6732,0
1405.0,-113.0,36,59.4,84.2817,24.8,72.8,0.0,0.28,0.58,0.08,0.28,0.9636,15.7589,0
1518.0,113.0,36,46.4,51.6711,17.2,56.1,0.0,0.22,0.61,0.03,0.25,0.963,15.8473,0
1624.0,-1.0,32,88.3,152.8816,26.3,116.5,0.0,0.47,0.84,0.16,0.19,0.9613,15.0424,0
1625.0,1.0,32,64.7,109.4807,75.0,60.7,0.0,0.41,0.72,0.09,0.25,0.9657,14.2933,0
1954.0,-127.0,39,62.6,169.2743,23.4,76.1,0.0,0.51,0.67,0.08,0.15,0.9158,13.4746,0
2081.0,127.0,39,16.4,27.1358,14.0,17.1,0.0,0.51,0.85,0.0,0.13,0.967,15.5619,0
2004.0,39.0,32,54.7,99.6829,16.8,71.9,0.0,0.56,0.78,0.09,0.22,0.971,15.9566,0
1965.0,-39.0,31,111.9,210.412,44.7,139.4,0.0,0.39,0.68,0.19,0.19,0.8425,10.8201,0
2114.0,-75.0,62,115.5,269.0527,71.4,148.0,91.3,0.27,0.63,0.1,0.26,0.8936,9.2097,0
2189.0,75.0,62,84.0,247.0324,32.4,97.1,87.3,0.26,0.55,0.08,0.11,0.9656,15.9149,0
2207.0,-32.0,32,48.0,62.728,43.0,50.2,0.0,0.38,0.66,0.03,0.34,0.9535,14.6597,0
2239.0,32.0,31,103.2,199.0008,45.7,126.8,0.0,0.29,0.55,0.16,0.26,0.9495,12.47,0
1495.0,2.0,53,84.7,106.954,65.8,103.8,55.2,0.21,0.57,0.04,0.47,0.9628,13.4243,0
1493.0,-2.0,53,65.5,79.9095,62.1,86.4,22.9,0.32,0.58,0.11,0.28,0.9724,15.039,0
1464.0,52.0,25,28.7,38.6412,23.4,32.2,0.0,0.4,0.72,0.0,0.24,0.9627,15.3756,0
1412.0,-52.0,24,79.1,200.3913,23.4,112.5,0.0,0.38,0.62,0.04,0.33,0.9643,14.6812,0
2585.0,-18.0,41,39.7,80.7194,14.9,45.8,105.0,0.2,0.61,0.02,0.17,0.9476,14.6219,0
2603.0,18.0,41,30.9,61.5785,13.7,36.9,17.5,0.32,0.66,0.02,0.1,0.9662,15.2785,0
2244.0,52.0,37,86.8,149.6071,31.6,107.2,0.0,0.41,0.78,0.11,0.27,0.9183,13.7526,0
2192.0,-52.0,36,62.3,93.1014,41.7,69.1,0.0,0.42,0.61,0.06,0.31,0.9548,12.8712,0
1643.0,96.0,49,44.8,66.0097,18.4,52.2,49.1,0.35,0.67,0.04,0.22,0.9495,12.6739,0
1547.0,-96.0,49,34.9,48.8337,29.1,41.8,19.6,0.43,0.73,0.0,0.29,0.9404,12.3256,0
1966.0,18.0,32,44.5,66.5985,19.8,55.7,0.0,0.34,0.53,0.06,0.22,0.9596,14.3428,0
1948.0,-18.0,31,69.5,129.6158,26.0,87.2,0.0,0.29,0.48,0.06,0.23,0.9529,14.1985,0
1632.0,56.0,50,38.7,51.1276,12.6,49.6,32.0,0.24,0.58,0.02,0.28,0.9708,15.2092,0
1576.0,-56.0,49,70.9,146.1881,33.7,58.5,141.8,0.35,0.55,0.04,0.41,0.9579,13.9022,0
2195.0,54.0,33,34.6,46.7045,14.5,43.3,0.0,0.42,0.76,0.0,0.27,0.9625,15.2347,0
2141.0,-54.0,32,103.4,199.9324,4.9,142.0,0.0,0.5,0.69,0.16,0.22,0.9587,14.9413,0
1688.0,41.0,37,51.4,88.6818,29.5,59.4,0.0,0.46,0.7,0.08,0.22,0.9688,15.5676,0
1647.0,-41.0,36,51.9,109.4815,33.8,58.0,0.0,0.44,0.78,0.08,0.11,0.8578,10.977,0
1964.0,-18.0,24,75.5,161.8319,17.7,116.9,0.0,0.54,0.75,0.08,0.21,0.961,14.3358,0
1982.0,18.0,23,122.7,198.4658,70.2,156.5,0.0,0.35,0.61,0.17,0.3,0.8896,11.831,0
1782.0,-47.0,45,107.5,180.5097,65.5,112.4,162.2,0.33,0.51,0.18,0.33,0.9471,12.3868,0
1829.0,47.0,44,86.4,112.8533,46.2,94.2,111.8,0.32,0.61,0.16,0.3,0.9368,13.2393,0
2499.0,-28.0,28,46.0,68.1695,35.5,51.8,0.0,0.36,0.68,0.04,0.25,0.957,14.413,0
2527.0,28.0,27,27.6,41.707,10.4,36.2,0.0,0.48,0.7,0.0,0.19,0.9168,14.739,0
1516.0,103.0,31,228.3,355.4526,47.9,314.1,0.0,0.32,0.55,0.23,0.29,0.8902,11.6423,0
1413.0,-103.0,30,163.2,339.0534,40.3,215.9,0.0,0.3,0.73,0.17,0.13,0.9664,16.1011,0
1751.0,-9.0,42,38.0,73.4933,50.0,34.5,30.0,0.4,0.74,0.02,0.17,0.9547,13.6015,0
1760.0,9.0,41,49.5,80.3328,10.0,64.7,0.0,0.44,0.68,0.07,0.22,0.9516,13.5422,0
996.0,31.0,17,40.6,56.2551,52.8,23.1,0.0,0.24,0.47,0.0,0.24,0.9605,15.311,0
965.0,-31.0,16,38.8,58.503,43.6,32.6,0.0,0.19,0.56,0.0,0.25,0.9465,14.5517,0
1212.0,44.0,10,59.9,83.6865,59.9,0.0,0.0,0.3,0.7,0.1,0.3,0.9591,15.7251,0
1168.0,-44.0,9,147.3,323.0666,147.3,0.0,0.0,0.22,0.78,0.11,0.33,0.9532,14.053,0
1651.0,-82.0,22,62.1,90.8449,33.7,85.8,0.0,0.23,0.64,0.09,0.32,0.9128,14.4748,0
1733.0,82.0,22,83.8,118.4981,49.7,107.4,0.0,0.09,0.5,0.14,0.36,0.9621,15.3875,0
1606.0,40.0,31,49.7,120.1375,22.8,62.5,0.0,0.45,0.71,0.03,0.19,0.9656,15.8091,0
1566.0,-40.0,30,58.2,85.8883,15.2,76.7,0.0,0.4,0.6,0.03,0.27,0.9654,13.6359,0
1851.0,-131.0,16,83.8,245.8378,13.6,200.7,0.0,0.56,0.81,0.06,0.19,0.9578,15.1567,0
1982.0,131.0,15,198.8,339.4521,43.3,432.0,0.0,0.2,0.53,0.2,0.2,0.9425,14.2053,0
2424.0,88.0,5,73.0,162.6745,73.0,0.0,0.0,0.4,0.8,0.2,0.0,0.9559,14.8126,0
2336.0,-88.0,5,12.4,18.0776,12.4,0.0,0.0,0.4,0.8,0.0,0.0,0.9451,14.1984,0
1771.0,16.0,49,67.4,94.2227,27.8,84.0,56.3,0.27,0.51,0.06,0.35,0.9492,12.2046,0
1755.0,-16.0,49,53.0,56.8842,31.2,59.6,53.0,0.31,0.57,0.02,0.39,0.9597,14.5458,0
1750.0,26.0,1,7.0,0.0,7.0,0.0,0.0,1.0,1.0,0.0,0.0,0.9837,13.0103,0
1615.0,91.0,37,58.8,162.4232,36.6,67.0,0.0,0.32,0.62,0.03,0.24,0.9671,15.6358,0
1524.0,-91.0,37,40.0,47.6576,28.4,43.8,0.0,0.3,0.59,0.0,0.35,0.9608,14.9109,0
1749.0,127.0,28,59.1,105.6761,50.5,63.9,0.0,0.43,0.79,0.11,0.14,0.9685,15.3444,0
1622.0,-127.0,27,107.4,217.0066,34.8,143.7,0.0,0.48,0.81,0.15,0.26,0.8893,12.7882,0
2005.0,-7.0,28,21.2,30.0366,14.8,24.8,0.0,0.36,0.75,0.0,0.18,0.929,15.0466,0
2012.0,7.0,27,41.8,72.1144,8.3,58.5,0.0,0.48,0.78,0.07,0.19,0.9597,13.887,0
1738.0,7.0,71,83.4,158.5057,27.3,90.2,95.0,0.44,0.63,0.08,0.3,0.9677,13.703,0
1731.0,-7.0,71,72.9,156.0784,34.0,98.7,59.6,0.38,0.68,0.1,0.21,0.9672,12.9644,0
1708.0,-7.0,44,68.1,92.0442,34.2,81.1,55.2,0.43,0.59,0.11,0.25,0.9625,13.0978,0
1715.0,7.0,44,72.2,95.1598,23.9,82.1,99.6,0.43,0.66,0.09,0.32,0.9373,13.8358,0
1549.0,5.0,21,59.3,98.148,33.1,83.2,0.0,0.43,0.67,0.1,0.19,0.9574,14.5507,0
1544.0,-5.0,20,32.5,33.0749,25.2,38.4,0.0,0.45,0.7,0.0,0.25,0.9568,15.1205,0
797.0,-78.0,28,46.8,90.3721,46.2,47.2,0.0,0.39,0.68,0.07,0.14,0.9571,15.0665,0
875.0,78.0,28,70.9,121.1319,32.9,88.8,0.0,0.36,0.57,0.07,0.25,0.9591,13.3622,0
1751.0,1.0,32,84.3,189.0747,24.6,111.4,0.0,0.34,0.56,0.06,0.34,0.9704,15.672,0
1750.0,-1.0,31,138.3,249.6007,21.1,186.3,0.0,0.1,0.42,0.23,0.26,0.9486,14.0372,0
1643.0,-9.0,21,52.5,125.8803,21.8,80.4,0.0,0.24,0.71,0.05,0.19,0.9648,16.0399,0
1652.0,9.0,21,41.3,63.6344,22.6,55.4,0.0,0.43,0.81,0.05,0.24,0.953,15.0382,0
1470.0,32.0,18,103.3,231.0021,44.4,176.9,0.0,0.44,0.61,0.06,0.33,0.9658,15.8848,0
1438.0,-32.0,17,139.4,245.8971,92.3,192.2,0.0,0.24,0.47,0.24,0.29,0.8376,12.4818,0
1300.0,-18.0,53,61.8,189.1686,24.2,60.3,94.1,0.42,0.68,0.04,0.17,0.957,13.822,0
1318.0,18.0,52,57.2,144.7009,93.6,56.7,33.4,0.29,0.73,0.06,0.23,0.9501,11.3084,0
2246.0,-31.0,46,47.3,98.3852,17.1,61.8,25.0,0.48,0.72,0.04,0.24,0.9438,13.8209,0
2277.0,31.0,45,46.7,101.558,12.6,42.4,119.3,0.44,0.71,0.07,0.11,0.9589,14.3378,0
2144.0,11.0,25,27.4,32.1013,18.8,33.1,0.0,0.28,0.76,0.0,0.24,0.9677,14.9276,0
2133.0,-11.0,25,23.2,33.618,6.1,32.8,0.0,0.44,0.6,0.0,0.16,0.9564,15.1188,0
1605.0,48.0,16,187.4,276.0437,49.7,416.8,0.0,0.25,0.56,0.31,0.19,0.9537,14.7639,0
1557.0,-48.0,15,97.5,136.1102,65.1,146.2,0.0,0.2,0.67,0.2,0.27,0.9636,16.0984,0
1549.0,-6.0,47,55.8,149.9011,23.3,77.2,10.6,0.45,0.62,0.02,0.23,0.922,13.6977,0
1555.0,6.0,46,74.2,152.6115,65.1,81.8,53.3,0.35,0.59,0.04,0.41,0.9598,12.5134,0
1133.0,8.0,43,71.4,164.6415,26.1,57.6,360.0,0.19,0.58,0.05,0.26,0.9598,14.2094,0
1125.0,-8.0,43,26.6,38.8448,20.8,28.9,22.2,0.47,0.77,0.0,0.21,0.9615,15.1552,0
2161.0,-5.0,35,59.7,169.5602,11.7,79.0,0.0,0.37,0.6,0.06,0.17,0.9649,15.32,0
2166.0,5.0,34,107.9,254.9261,9.0,143.5,0.0,0.5,0.68,0.12,0.12,0.9395,14.2062,0
1476.0,89.0,18,39.6,48.4188,23.2,60.0,0.0,0.28,0.61,0.0,0.33,0.9573,14.4334,0
1387.0,-89.0,18,26.9,31.3716,29.0,24.9,0.0,0.44,0.72,0.0,0.17,0.9441,14.3878,0
2201.0,20.0,27,74.9,191.2365,16.3,109.4,0.0,0.41,0.59,0.07,0.15,0.9256,14.7109,0
2181.0,-20.0,27,19.7,22.35,10.1,24.5,0.0,0.63,0.74,0.0,0.07,0.9615,14.2337,0
1451.0,-61.0,54,47.8,101.4675,40.6,35.0,80.4,0.46,0.69,0.06,0.17,0.9411,12.7714,0
1512.0,61.0,54,33.8,60.1382,8.8,44.6,27.1,0.39,0.76,0.02,0.19,0.9381,11.8002,0
1087.0,69.0,5,63.8,90.32,63.8,0.0,0.0,0.4,0.6,0.2,0.2,0.9563,15.1874,0
1018.0,-69.0,4,283.8,481.4481,283.8,0.0,0.0,0.25,0.5,0.25,0.25,0.9543,14.3228,0
1729.0,-10.0,37,64.9,116.2283,14.4,83.6,0.0,0.38,0.65,0.08,0.19,0.9327,13.3996,0
1739.0,10.0,37,51.7,66.8838,28.1,59.3,0.0,0.3,0.73,0.05,0.24,0.9556,14.0028,0
1953.0,-30.0,43,51.1,54.7765,17.4,59.5,79.0,0.28,0.49,0.02,0.35,0.967,15.186,0
1983.0,30.0,43,57.9,122.5414,20.2,40.6,272.5,0.3,0.44,0.07,0.14,0.9637,15.1391,0
1674.0,-38.0,94,60.2,93.1171,33.9,77.4,55.5,0.35,0.68,0.09,0.29,0.9513,12.1293,0
1712.0,38.0,93,61.3,111.6693,30.7,62.3,65.9,0.29,0.65,0.09,0.25,0.9717,14.2533,0
1239.0,26.0,46,138.8,237.4662,46.6,197.2,0.2,0.39,0.52,0.24,0.2,0.8596,11.9786,0
1213.0,-26.0,46,81.6,124.7742,56.9,108.0,0.1,0.2,0.57,0.2,0.15,0.9717,14.6023,0
1893.0,-10.0,13,28.1,44.3668,19.1,58.0,0.0,0.38,0.85,0.0,0.08,0.9607,15.2594,0
1903.0,10.0,12,144.9,301.6339,27.9,496.0,0.0,0.42,0.58,0.17,0.08,0.9455,12.8725,0
1402.0,8.0,39,47.2,63.1112,29.5,53.3,0.0,0.38,0.67,0.03,0.31,0.968,14.4368,0
1394.0,-8.0,39,96.9,196.4747,34.2,115.7,0.0,0.28,0.64,0.13,0.23,0.961,13.9773,0
2099.0,-69.0,70,65.5,155.3928,16.9,36.9,110.3,0.46,0.71,0.09,0.17,0.9589,12.229,0
2168.0,69.0,70,51.2,143.1635,10.9,32.4,81.1,0.46,0.81,0.07,0.07,0.961,13.1872,0
968.0,-58.0,20,65.6,118.5853,33.4,97.8,0.0,0.35,0.5,0.05,0.35,0.9589,15.8201,0
1026.0,58.0,20,31.6,56.4144,21.3,39.9,0.0,0.6,0.8,0.05,0.1,0.9444,14.1544,0
1462.0,-31.0,29,45.0,72.314,56.8,38.7,0.0,0.17,0.52,0.07,0.14,0.9533,14.6283,0
1493.0,31.0,29,33.5,58.9768,33.4,33.5,0.0,0.31,0.62,0.03,0.17,0.9522,14.7617,0
2191.0,-49.0,46,99.1,205.5571,47.2,91.9,221.7,0.39,0.65,0.07,0.39,0.9734,14.4046,0
2240.0,49.0,46,90.8,246.7497,29.6,62.9,289.1,0.52,0.78,0.09,0.13,0.9677,14.725,0
1760.0,-26.0,22,60.4,65.5603,32.6,83.6,0.0,0.32,0.55,0.05,0.41,0.9632,15.387,0
1786.0,26.0,22,83.9,156.4983,18.4,129.2,0.0,0.41,0.64,0.09,0.32,0.9622,15.7536,0
1624.0,-17.0,21,41.6,50.3454,18.4,62.6,0.0,0.38,0.62,0.0,0.38,0.9686,16.3083,0
1641.0,17.0,20,107.5,242.2008,20.0,179.2,0.0,0.45,0.55,0.15,0.15,0.9039,14.2397,0
1848.0,-5.0,40,18.3,26.7745,21.1,17.3,0.0,0.42,0.65,0.0,0.12,0.9508,14.2853,0
1853.0,5.0,39,27.5,54.9176,23.2,28.8,0.0,0.44,0.67,0.03,0.1,0.9543,14.1128,0
1849.0,-10.0,47,79.7,153.145,61.8,66.7,160.9,0.36,0.64,0.06,0.36,0.9681,15.3189,0
1859.0,10.0,46,79.2,160.9352,47.0,61.4,197.1,0.33,0.61,0.11,0.24,0.9638,14.0925,0
1075.0,52.0,9,65.2,118.0284,65.2,0.0,0.0,0.67,1.0,0.11,0.22,0.9487,14.6115,0
1023.0,-52.0,8,117.5,167.4933,117.5,0.0,0.0,0.38,0.62,0.38,0.0,0.9488,13.6916,0
2269.0,70.0,30,74.8,129.6032,37.8,93.3,0.0,0.3,0.63,0.07,0.37,0.9579,14.6758,0
2199.0,-70.0,29,130.3,213.4086,33.6,173.9,0.0,0.14,0.48,0.21,0.28,0.9588,13.9769,0
1205.0,56.0,19,50.4,61.1358,19.8,84.4,0.0,0.32,0.42,0.05,0.32,0.955,15.1702,0
1149.0,-56.0,18,75.4,232.4307,22.2,128.6,0.0,0.33,0.5,0.06,0.11,0.9601,15.5898,0
1525.0,-26.0,29,156.6,301.8773,100.1,186.3,0.0,0.34,0.55,0.14,0.31,0.8685,11.0868,0
1551.0,26.0,29,54.8,184.437,41.3,60.9,0.0,0.28,0.79,0.03,0.14,0.9581,15.4936,0
1703.0,32.0,40,53.5,67.4252,43.1,57.0,0.0,0.35,0.62,0.07,0.25,0.9671,14.3218,0
1671.0,-32.0,39,83.7,176.2754,57.2,91.6,0.0,0.33,0.69,0.15,0.15,0.9409,13.3839,0
1563.0,-2.0,46,76.5,108.254,46.4,95.0,34.2,0.3,0.67,0.13,0.3,0.9533,13.8925,0
1565.0,2.0,46,76.6,121.2559,24.1,98.5,50.3,0.28,0.67,0.09,0.37,0.9589,12.6045,0
1472.0,-22.0,55,43.8,67.3166,38.6,59.7,15.5,0.36,0.67,0.04,0.24,0.9705,14.9484,0
1494.0,22.0,54,82.5,169.8676,17.9,94.3,97.6,0.37,0.67,0.07,0.3,0.8913,11.7712,0
1102.0,-20.0,28,93.6,173.9032,65.7,109.2,0.0,0.29,0.57,0.11,0.29,0.955,14.1694,0
1122.0,20.0,27,67.4,119.0295,27.1,87.6,0.0,0.48,0.7,0.11,0.22,0.9494,14.0002,0
2162.0,48.0,40,63.6,118.4499,32.4,74.1,0.0,0.3,0.62,0.07,0.23,0.9594,15.2095,0
2114.0,-48.0,40,68.6,119.0614,26.6,83.3,6.0,0.38,0.68,0.1,0.28,0.9638,14.7922,0
2059.0,-40.0,18,25.0,38.8905,28.5,20.6,0.0,0.28,0.78,0.0,0.17,0.9593,15.2392,0
2099.0,40.0,17,107.4,248.0947,26.4,198.4,0.0,0.18,0.41,0.12,0.24,0.9564,15.1104,0
1875.0,-119.0,42,60.7,70.7736,45.3,62.6,109.0,0.29,0.6,0.05,0.36,0.9616,15.1434,0
1994.0,119.0,42,59.0,94.1967,40.8,69.0,13.3,0.33,0.69,0.1,0.21,0.965,14.2376,0
2090.0,71.0,34,29.6,65.9592,47.4,22.1,0.0,0.41,0.79,0.06,0.12,0.9725,14.3484,0
2019.0,-71.0,33,92.2,208.0093,37.8,112.6,0.0,0.48,0.73,0.12,0.21,0.8388,11.0655,0
1064.0,69.0,14,43.5,56.3816,57.2,9.2,0.0,0.29,0.57,0.0,0.36,0.9575,15.4233,0
995.0,-69.0,13,156.7,267.3202,74.3,342.0,0.0,0.08,0.38,0.23,0.38,0.959,15.2268,0
2039.0,16.0,23,68.9,104.8171,37.8,92.8,0.0,0.17,0.48,0.04,0.35,0.9627,14.9574,0
2023.0,-16.0,23,39.3,40.062,31.0,44.7,0.0,0.3,0.65,0.0,0.39,0.956,15.3759,0
1819.0,-23.0,23,20.9,26.8215,18.7,22.5,0.0,0.48,0.78,0.0,0.09,0.9626,15.8319,0
1842.0,23.0,22,39.2,41.3786,30.7,45.2,0.0,0.27,0.64,0.0,0.32,0.9623,14.9706,0
1911.0,-26.0,35,124.5,215.3901,17.7,167.2,0.0,0.34,0.71,0.17,0.23,0.9686,14.6138,0
1937.0,26.0,35,67.7,120.7338,22.2,83.4,0.0,0.37,0.6,0.11,0.23,0.964,14.2964,0
1434.0,-29.0,23,81.2,210.7548,12.0,134.4,0.0,0.26,0.57,0.09,0.22,0.9127,14.3063,0
1463.0,29.0,23,21.3,28.4321,12.6,26.9,0.0,0.39,0.74,0.0,0.13,0.9562,14.9814,0
1656.0,-82.0,43,68.2,161.0745,46.6,82.3,0.0,0.51,0.74,0.09,0.19,0.9307,11.9759,0
1738.0,82.0,43,62.0,154.6919,37.9,76.1,10.0,0.44,0.74,0.02,0.3,0.949,14.4355,0
1668.0,-25.0,52,117.0,252.3922,23.4,194.8,0.6,0.44,0.67,0.17,0.1,0.9324,12.1784,0
1693.0,25.0,52,82.4,212.1995,13.7,138.7,0.2,0.38,0.81,0.13,0.1,0.9726,13.4672,0
1883.0,-13.0,33,67.5,176.6701,22.6,87.1,0.0,0.42,0.61,0.06,0.27,0.915,14.1053,0
1896.0,13.0,33,36.3,46.743,13.7,44.8,0.0,0.42,0.73,0.03,0.27,0.9618,15.4946,0
2260.0,129.0,22,29.4,57.9233,37.2,22.9,0.0,0.59,0.86,0.05,0.09,0.9599,14.9599,0
2131.0,-129.0,21,106.0,236.0984,68.7,133.9,0.0,0.38,0.48,0.1,0.24,0.952,14.4951,0
1254.0,8.0,49,131.4,222.3727,37.5,154.2,159.8,0.2,0.53,0.16,0.35,0.9467,13.9279,0
1246.0,-8.0,48,128.2,224.9351,43.7,175.7,54.3,0.29,0.52,0.15,0.42,0.9474,12.483,0
1241.0,-63.0,35,72.8,181.3641,14.6,96.1,0.0,0.46,0.66,0.06,0.2,0.9394,14.0158,0
1304.0,63.0,34,121.2,240.6022,47.3,147.8,0.0,0.32,0.56,0.18,0.24,0.9018,14.0002,0
1721.0,-18.0,39,57.8,66.3388,56.3,58.3,0.0,0.26,0.54,0.03,0.41,0.9659,14.6658,0
1739.0,18.0,38,85.9,115.9652,37.7,100.9,0.0,0.24,0.5,0.16,0.24,0.9518,13.2984,0
1792.0,-4.0,12,23.5,33.4949,18.6,48.0,0.0,0.42,0.83,0.0,0.17,0.9568,15.5002,0
1796.0,4.0,11,81.0,230.4348,4.2,426.5,0.0,0.45,0.73,0.09,0.09,0.9582,13.8989,0
2038.0,2.0,31,42.4,66.1834,74.0,27.3,0.0,0.39,0.71,0.03,0.26,0.9668,15.7883,0
2036.0,-2.0,30,65.6,94.9801,19.4,85.4,0.0,0.43,0.57,0.1,0.27,0.9636,14.6438,0
1465.0,8.0,42,66.1,170.3928,16.8,87.0,0.0,0.24,0.69,0.07,0.17,0.9165,11.6015,0
1457.0,-8.0,42,26.9,66.0023,16.8,32.6,0.0,0.5,0.88,0.02,0.14,0.9598,15.0155,0
1676.0,58.0,9,24.8,27.6305,24.8,0.0,0.0,0.44,0.56,0.0,0.22,0.9581,15.334,0
1618.0,-58.0,8,24.4,36.6175,24.4,0.0,0.0,0.38,0.75,0.0,0.12,0.9499,14.1603,0
1654.0,49.0,22,33.5,50.2989,41.6,26.8,0.0,0.41,0.45,0.05,0.18,0.9642,15.3249,0
1605.0,-49.0,21,79.7,216.8191,7.6,133.8,0.0,0.38,0.67,0.1,0.19,0.9475,14.8559,0
1167.0,-26.0,32,73.2,177.6378,43.1,86.8,0.0,0.34,0.66,0.03,0.31,0.9628,14.885,0
1193.0,26.0,31,132.8,252.9618,27.7,175.8,0.0,0.35,0.58,0.16,0.32,0.8635,13.5572,0
1995.0,-5.0,58,51.9,93.6022,18.0,74.9,32.4,0.43,0.66,0.05,0.21,0.9634,15.3408,0
2000.0,5.0,57,55.5,100.4734,25.3,84.5,22.4,0.28,0.65,0.07,0.21,0.9374,13.412,0
1976.0,105.0,35,22.8,28.1639,16.6,25.3,0.0,0.37,0.66,0.0,0.09,0.9656,15.4661,0
1871.0,-105.0,34,34.8,53.0474,6.1,45.2,0.0,0.44,0.62,0.03,0.12,0.9685,15.2761,0
1511.0,24.0,34,86.3,181.1884,82.3,88.0,0.0,0.32,0.62,0.06,0.32,0.9329,12.3604,0
1487.0,-24.0,34,48.5,170.0061,30.0,55.2,0.0,0.53,0.79,0.03,0.15,0.9631,15.7727,0
2115.0,-61.0,26,63.2,79.6632,43.5,75.4,0.0,0.46,0.62,0.04,0.38,0.9622,14.505,0
2176.0,61.0,26,38.5,98.3013,12.4,52.3,0.0,0.58,0.81,0.04,0.12,0.9634,16.0072,0
1559.0,-7.0,47,65.7,123.1566,12.5,90.6,35.1,0.3,0.51,0.06,0.3,0.9516,13.3914,0
1566.0,7.0,47,47.9,84.6358,46.3,59.5,5.9,0.4,0.7,0.09,0.15,0.9566,14.2186,0
2216.0,17.0,28,31.5,39.9643,22.4,36.6,0.0,0.36,0.68,0.0,0.21,0.9667,15.8466,0
2199.0,-17.0,27,74.0,190.8651,14.3,103.9,0.0,0.26,0.59,0.04,0.26,0.95,14.3139,0
1274.0,-72.0,18,64.6,102.1327,33.5,103.4,0.0,0.44,0.78,0.11,0.22,0.9621,14.7056,0
1346.0,72.0,17,116.0,127.871,46.8,193.9,0.0,0.29,0.53,0.24,0.35,0.9514,15.2533,0
1950.0,-123.0,13,81.6,163.2394,98.5,25.3,0.0,0.15,0.38,0.08,0.08,0.9574,14.3443,0
2073.0,123.0,12,33.2,40.4247,40.3,11.7,0.0,0.17,0.5,0.0,0.25,0.9492,15.0095,0
2085.0,-38.0,27,137.9,284.0587,21.7,206.2,0.0,0.26,0.37,0.15,0.19,0.8888,14.066,0
2123.0,38.0,27,66.5,195.3463,11.8,93.8,0.0,0.37,0.63,0.11,0.07,0.9637,14.841,0
1550.0,-40.0,49,32.2,47.6159,12.3,46.1,8.2,0.39,0.71,0.02,0.18,0.9496,13.7398,0
1590.0,40.0,48,44.8,56.2736,19.1,52.6,44.4,0.35,0.54,0.02,0.29,0.9465,12.8831,0
1640.0,75.0,24,87.5,203.215,42.2,119.8,0.0,0.42,0.79,0.08,0.29,0.9617,15.6116,0
1565.0,-75.0,23,152.0,284.5318,40.9,223.4,0.0,0.22,0.39,0.13,0.26,0.9396,14.4978,0
804.0,-21.0,27,134.8,156.0104,132.4,136.2,0.0,0.22,0.56,0.22,0.37,0.9626,15.8581,0
825.0,21.0,26,162.2,235.4572,174.6,155.6,0.0,0.23,0.54,0.27,0.23,0.9494,12.026,0
1708.0,46.0,19,25.8,37.2339,30.4,20.8,0.0,0.53,0.79,0.0,0.26,0.967,16.1183,0
1662.0,-46.0,18,124.8,239.0788,56.6,193.0,0.0,0.28,0.56,0.17,0.28,0.7835,12.0262,0
1839.0,21.0,53,52.0,91.0775,31.2,57.5,55.2,0.43,0.66,0.04,0.25,0.959,13.8203,0
1818.0,-21.0,52,60.8,141.7718,20.4,71.3,64.4,0.25,0.6,0.04,0.27,0.9725,13.8328,0
1561.0,47.0,47,188.5,323.6148,22.0,161.6,541.6,0.32,0.6,0.19,0.3,0.9308,12.2825,0
1514.0,-47.0,47,209.0,338.317,35.6,170.5,548.4,0.23,0.45,0.21,0.26,0.9462,14.8194,0
1990.0,-12.0,28,56.4,71.4731,70.8,48.4,0.0,0.25,0.54,0.04,0.36,0.9634,13.6064,0
2002.0,12.0,28,23.9,29.1026,24.3,23.7,0.0,0.5,0.68,0.0,0.14,0.9636,14.7259,0
2360.0,-30.0,30,38.2,44.3251,18.2,48.2,0.0,0.4,0.53,0.0,0.27,0.9538,14.8083,0
2390.0,30.0,29,88.6,193.8281,8.7,124.5,0.0,0.31,0.62,0.1,0.24,0.8789,13.1772,0
1325.0,-3.0,24,70.8,107.4918,10.7,113.8,0.0,0.33,0.58,0.12,0.25,0.9167,12.6793,0
1328.0,3.0,24,45.7,82.8952,20.7,60.7,0.0,0.33,0.58,0.08,0.12,0.9611,14.6252,0
1128.0,-94.0,29,91.3,120.0902,103.2,85.1,0.0,0.31,0.72,0.17,0.28,0.9553,15.474,0
1222.0,94.0,28,183.4,263.9361,167.6,190.8,0.0,0.29,0.43,0.25,0.32,0.8468,11.0642,0
1522.0,1.0,27,81.1,144.5357,74.8,84.8,0.0,0.44,0.7,0.15,0.19,0.9536,15.2819,0
1521.0,-1.0,26,145.3,230.1317,52.7,194.4,0.0,0.27,0.38,0.19,0.31,0.9553,14.4387,0
1260.0,-224.0,32,57.1,80.6498,30.5,69.1,0.0,0.34,0.53,0.09,0.22,0.9692,15.3741,0
1484.0,224.0,32,26.3,29.6814,24.0,27.2,0.0,0.34,0.69,0.0,0.19,0.959,15.2809,0
2100.0,-28.0,18,151.8,260.8821,40.0,291.5,0.0,0.28,0.5,0.22,0.28,0.9547,14.9835,0
2128.0,28.0,18,49.8,78.8828,20.6,79.1,0.0,0.39,0.78,0.06,0.28,0.9617,15.8639,0
1531.0,111.0,30,50.1,79.346,41.7,54.2,0.0,0.4,0.6,0.03,0.27,0.9329,14.1728,0
1420.0,-111.0,30,31.2,62.8339,19.8,36.1,0.0,0.47,0.73,0.03,0.1,0.9623,15.1052,0
1975.0,-85.0,38,41.6,69.4323,22.9,48.2,0.0,0.5,0.71,0.05,0.21,0.9639,15.5498,0
2060.0,85.0,37,51.8,61.0246,21.1,61.6,0.0,0.41,0.65,0.03,0.38,0.9664,14.3922,0
1527.0,-231.0,52,33.6,43.5873,21.3,40.1,27.6,0.48,0.75,0.0,0.21,0.9686,13.8197,0
1758.0,231.0,51,43.8,70.7366,22.8,33.6,85.1,0.45,0.65,0.04,0.24,0.9032,13.2405,0
1196.0,-92.0,24,94.8,87.7624,70.1,112.5,0.0,0.29,0.46,0.12,0.5,0.959,15.3077,0
1288.0,92.0,23,115.8,118.8103,19.3,177.9,0.0,0.26,0.61,0.3,0.3,0.9649,16.287,0
1052.0,5.0,20,81.7,82.9644,53.7,109.6,0.0,0.25,0.3,0.05,0.55,0.9585,14.7978,0
1047.0,-5.0,19,62.3,79.1026,14.3,105.5,0.0,0.26,0.58,0.05,0.26,0.9528,13.8685,0
1634.0,-2.0,29,60.6,89.1385,76.4,52.3,0.0,0.48,0.69,0.07,0.24,0.9712,15.4779,0
1636.0,2.0,28,72.5,186.0763,32.1,91.7,0.0,0.25,0.57,0.04,0.36,0.9564,14.6836,0
2065.0,1.0,27,70.7,191.9807,7.5,107.9,0.0,0.48,0.56,0.04,0.22,0.9611,14.7394,0
2064.0,-1.0,27,25.6,47.3499,10.8,33.1,0.0,0.52,0.89,0.0,0.15,0.9622,14.6716,0
2201.0,13.0,34,23.4,45.6176,14.9,26.9,0.0,0.53,0.76,0.03,0.06,0.9684,15.0524,0
2188.0,-13.0,33,52.8,80.1791,22.1,64.2,0.0,0.27,0.61,0.06,0.3,0.9504,13.6755,0
1391.0,46.0,37,78.3,175.2728,39.3,92.8,0.0,0.3,0.54,0.05,0.3,0.9648,14.668,0
1345.0,-46.0,36,121.5,226.5448,51.3,144.9,0.0,0.19,0.47,0.08,0.5,0.9682,13.448,0
1628.0,0.0,25,42.3,61.6992,65.9,26.5,0.0,0.48,0.76,0.04,0.28,0.9637,15.9116,0
1628.0,0.0,24,114.7,226.8118,40.4,159.3,0.0,0.29,0.54,0.12,0.38,0.9586,13.6734,0
1772.0,20.0,33,82.8,133.1031,34.3,103.8,0.0,0.18,0.45,0.09,0.24,0.9568,14.8967,0
1752.0,-20.0,32,55.8,144.0856,32.4,64.9,0.0,0.25,0.59,0.03,0.22,0.9653,15.1353,0
1488.0,-21.0,29,35.4,44.6274,17.0,45.1,0.0,0.38,0.59,0.0,0.28,0.9595,15.6201,0
1509.0,21.0,28,55.8,109.9122,19.3,73.1,0.0,0.25,0.64,0.07,0.18,0.9507,15.047,0
1937.0,-106.0,40,64.5,157.8137,8.7,83.2,0.0,0.38,0.65,0.03,0.38,0.9657,15.4073,0
2043.0,106.0,40,51.0,103.2277,8.0,48.0,526.0,0.38,0.68,0.05,0.23,0.9624,14.833,0
626.0,-37.0,25,30.9,49.8258,53.6,15.7,0.0,0.56,0.68,0.04,0.24,0.9692,14.8874,0
663.0,37.0,24,103.2,219.6688,22.3,151.8,0.0,0.46,0.75,0.12,0.17,0.9407,14.9451,0
1702.0,-5.0,36,89.1,188.4538,9.9,119.5,0.0,0.47,0.61,0.11,0.25,0.9289,14.2185,0
1707.0,5.0,36,41.1,99.5772,8.3,52.0,0.0,0.61,0.83,0.06,0.06,0.9639,15.2762,0
1352.0,78.0,6,130.7,230.2309,130.7,0.0,0.0,0.33,0.5,0.17,0.33,0.9556,14.7093,0
1274.0,-78.0,6,6.3,7.9415,6.3,0.0,0.0,1.0,1.0,0.0,0.0,0.9552,14.7753,0
1573.0,-64.0,23,50.9,58.3433,48.6,52.6,0.0,0.26,0.7,0.04,0.3,0.9615,16.1603,0
1637.0,64.0,22,88.5,110.7622,55.4,111.3,0.0,0.23,0.59,0.14,0.32,0.9497,14.5852,0
1525.0,-17.0,39,80.8,141.0936,55.1,89.6,0.0,0.41,0.64,0.1,0.28,0.9489,13.0118,0
1542.0,17.0,39,60.3,127.6234,20.7,72.2,0.0,0.41,0.64,0.05,0.21,0.9596,14.4658,0
2110.0,-10.0,34,55.8,99.9785,15.9,72.4,0.0,0.26,0.62,0.03,0.32,0.9643,15.6634,0
2120.0,10.0,33,88.9,114.325,16.8,116.0,0.0,0.24,0.55,0.12,0.33,0.9592,14.9547,0
1016.0,-27.0,42,60.1,154.7151,52.8,33.3,500.0,0.38,0.69,0.05,0.26,0.9152,14.1803,0
1043.0,27.0,42,57.7,100.1407,105.3,48.9,3.0,0.4,0.52,0.07,0.26,0.9377,12.8134,0
2366.0,155.0,52,28.4,48.1986,10.7,34.3,28.3,0.4,0.79,0.02,0.17,0.9632,13.6906,0
2211.0,-155.0,51,40.2,98.5739,9.4,20.4,112.8,0.51,0.8,0.06,0.06,0.9739,14.1669,0
1610.0,-15.0,44,65.0,117.9911,21.9,55.7,243.0,0.36,0.73,0.09,0.23,0.9547,14.2126,0
1625.0,15.0,44,42.6,61.2085,16.2,43.8,82.8,0.39,0.66,0.05,0.25,0.9558,14.5185,0
1102.0,98.0,23,90.5,112.7809,74.5,102.8,0.0,0.26,0.57,0.22,0.22,0.96,15.3964,0
1004.0,-98.0,22,80.6,91.1934,71.6,86.9,0.0,0.18,0.41,0.14,0.32,0.9579,14.7668,0
1346.0,-5.0,10,60.0,145.7166,60.0,0.0,0.0,0.4,0.7,0.1,0.0,0.9511,15.2476,0
1351.0,5.0,10,12.8,23.6164,10.4,34.0,0.0,0.4,0.9,0.0,0.1,0.9486,14.3937,0
668.0,122.0,12,117.6,181.0,138.9,11.0,0.0,0.25,0.33,0.08,0.58,0.9404,14.0852,0
546.0,-122.0,11,88.8,105.2823,66.6,189.0,0.0,0.09,0.36,0.18,0.36,0.9563,14.9593,0
1905.0,18.0,54,102.9,231.4939,15.6,71.0,233.7,0.56,0.74,0.11,0.22,0.8186,11.1619,0
1887.0,-18.0,54,80.0,232.1667,14.2,39.2,201.1,0.41,0.7,0.09,0.11,0.9666,14.7518,0
1756.0,-458.0,32,89.6,180.7764,34.6,114.6,0.0,0.25,0.47,0.12,0.28,0.9317,15.0708,0
2214.0,458.0,32,44.4,49.9579,35.0,48.0,0.0,0.41,0.69,0.0,0.34,0.9263,13.9286,0
1416.0,62.0,40,43.6,69.3127,22.3,50.7,0.0,0.38,0.62,0.05,0.17,0.9214,13.6786,0
1354.0,-62.0,40,49.8,110.8309,28.7,56.5,40.0,0.38,0.57,0.05,0.12,0.9461,11.5844,0
1856.0,-19.0,42,88.0,218.6656,39.9,110.0,0.0,0.4,0.69,0.1,0.21,0.962,15.4703,0
1875.0,19.0,41,111.7,240.543,32.0,143.0,0.0,0.29,0.68,0.12,0.2,0.8878,12.0582,0
1882.0,30.0,40,32.3,55.5278,16.6,37.5,0.0,0.45,0.75,0.03,0.15,0.974,14.1396,0
1852.0,-30.0,39,78.6,165.7163,55.2,85.6,0.0,0.38,0.62,0.08,0.23,0.9271,11.4189,0
1750.0,1.0,33,118.0,247.7314,10.8,164.7,0.0,0.45,0.67,0.18,0.21,0.9679,14.8425,0
1749.0,-1.0,33,98.5,189.7876,15.8,129.6,0.0,0.48,0.61,0.12,0.24,0.9623,14.6003,0
973.0,11.0,37,70.6,96.8362,23.4,88.1,0.0,0.27,0.51,0.14,0.24,0.9636,15.2529,0
962.0,-11.0,37,66.8,103.9708,27.4,79.5,0.0,0.49,0.62,0.08,0.27,0.96,14.2822,0
2631.0,0.0,58,79.8,193.5533,24.1,67.6,131.1,0.43,0.67,0.07,0.24,0.966,14.5685,0
2631.0,0.0,57,79.4,159.5789,36.4,73.8,110.1,0.32,0.61,0.09,0.26,0.9689,12.766,0
889.0,3.0,20,144.9,239.5618,62.6,227.3,0.0,0.25,0.55,0.2,0.3,0.9135,14.0323,0
886.0,-3.0,20,67.3,87.9666,32.0,96.2,0.0,0.45,0.75,0.1,0.25,0.9643,14.1358,0
1180.0,37.0,46,77.2,129.509,50.9,82.6,93.8,0.26,0.46,0.11,0.28,0.959,14.8618,0
1143.0,-37.0,45,59.6,74.1951,48.2,60.6,72.2,0.29,0.53,0.02,0.36,0.9366,14.0415,0
2619.0,32.0,61,62.0,165.3317,14.4,35.1,123.0,0.28,0.61,0.05,0.2,0.9678,13.1537,0
2587.0,-32.0,61,58.3,133.8738,7.8,49.7,90.8,0.36,0.69,0.07,0.16,0.9539,12.2817,0
1709.0,39.0,23,43.4,53.2231,26.6,56.3,0.0,0.26,0.48,0.04,0.26,0.9563,14.6932,0
1670.0,-39.0,23,14.0,21.3637,11.1,15.9,0.0,0.48,0.74,0.0,0.09,0.9578,15.2585,0
1523.0,78.0,24,24.7,27.6366,24.2,25.1,0.0,0.33,0.58,0.0,0.12,0.9539,15.533,0
1445.0,-78.0,23,78.6,110.2216,27.9,111.2,0.0,0.3,0.43,0.17,0.13,0.9587,15.3123,0
1556.0,28.0,32,9.4,16.9187,6.0,10.9,0.0,0.47,0.78,0.0,0.06,0.9677,15.9704,0
1528.0,-28.0,31,75.5,214.7645,8.8,102.8,0.0,0.32,0.68,0.1,0.03,0.8759,11.3623,0
2005.0,-16.0,46,49.4,108.054,10.8,70.3,8.8,0.33,0.57,0.07,0.13,0.9539,14.5934,0
2021.0,16.0,45,83.0,174.4018,23.2,76.3,205.8,0.36,0.58,0.09,0.29,0.9546,14.036,0
2008.0,38.0,23,47.9,127.587,77.3,25.3,0.0,0.35,0.78,0.04,0.17,0.9615,15.8881,0
1970.0,-38.0,22,118.2,228.9584,75.3,147.8,0.0,0.27,0.59,0.09,0.27,0.9155,13.9306,0
1210.0,-8.0,43,94.1,211.6148,48.5,117.9,8.0,0.3,0.58,0.07,0.28,0.9455,14.6394,0
1218.0,8.0,42,119.7,215.3612,43.3,153.8,8.0,0.36,0.5,0.07,0.4,0.9559,11.944,0
840.0,-158.0,13,78.5,77.5861,72.7,97.7,0.0,0.23,0.38,0.08,0.46,0.9509,13.0618,0
998.0,158.0,13,42.4,67.4049,53.6,17.2,0.0,0.46,0.85,0.08,0.23,0.9513,14.9584,0
1832.0,19.0,37,44.4,66.1511,57.6,39.5,0.0,0.35,0.7,0.05,0.22,0.9461,14.1301,0
1813.0,-19.0,36,89.3,181.196,30.7,108.9,0.0,0.33,0.64,0.11,0.25,0.9632,14.2739,0
1987.0,21.0,33,48.5,66.7014,44.8,50.2,0.0,0.45,0.79,0.06,0.24,0.9623,15.1005,0
1966.0,-21.0,32,50.0,65.7488,34.4,56.1,0.0,0.38,0.72,0.06,0.31,0.9474,12.7613,0
1133.0,-126.0,16,79.8,145.2025,50.4,128.8,0.0,0.31,0.5,0.06,0.38,0.9621,15.5398,0
1259.0,126.0,15,130.5,277.0691,18.3,298.7,0.0,0.33,0.53,0.13,0.13,0.957,15.1505,0
1260.0,14.0,73,79.5,124.5798,154.7,61.1,73.5,0.36,0.62,0.12,0.26,0.9703,12.4661,0
1246.0,-14.0,73,73.0,127.2375,150.4,63.6,60.9,0.38,0.59,0.14,0.15,0.9739,12.4597,0
1612.0,366.0,17,107.4,173.6289,48.9,190.9,0.0,0.35,0.47,0.12,0.41,0.9468,15.6082,0
1246.0,-366.0,17,57.3,70.9549,39.0,77.9,0.0,0.41,0.71,0.06,0.35,0.9487,13.7734,0
1837.0,-24.0,50,97.6,196.7256,59.0,102.6,121.3,0.3,0.64,0.1,0.42,0.9259,10.8066,0
1861.0,24.0,50,51.1,146.4698,25.3,77.5,0.1,0.36,0.62,0.04,0.18,0.9583,14.8001,0
1119.0,104.0,74,47.6,102.7712,58.4,45.4,46.4,0.28,0.57,0.07,0.16,0.952,11.3151,0
1015.0,-104.0,74,46.2,98.3996,65.2,35.5,50.5,0.39,0.69,0.07,0.09,0.9366,12.2678,0
1436.0,-15.0,36,27.2,36.8754,7.2,35.0,0.0,0.58,0.83,0.0,0.17,0.9352,12.7367,0
1451.0,15.0,35,45.7,53.0804,26.1,52.4,0.0,0.4,0.6,0.0,0.37,0.9678,12.9897,0
1795.0,10.0,27,122.6,209.339,55.0,162.3,0.0,0.26,0.48,0.15,0.41,0.9586,13.0538,0
1785.0,-10.0,27,78.0,115.2531,23.7,105.2,0.0,0.3,0.63,0.15,0.26,0.9612,15.6378,0
1075.0,-93.0,15,45.5,70.0896,26.5,83.4,0.0,0.47,0.8,0.07,0.13,0.9546,15.329,0
1168.0,93.0,15,97.0,163.7664,31.8,194.8,0.0,0.27,0.53,0.2,0.13,0.954,15.3934,0
1726.0,-55.0,66,41.2,61.2218,20.2,42.3,48.0,0.39,0.59,0.02,0.27,0.9348,13.7217,0
1781.0,55.0,66,37.5,72.2764,40.4,27.3,47.9,0.48,0.73,0.03,0.23,0.9438,12.4985,0
1180.0,-4.0,8,58.5,107.9034,58.5,0.0,0.0,0.5,0.75,0.12,0.12,0.9494,14.0125,0
1184.0,4.0,8,15.1,19.8238,15.1,0.0,0.0,0.5,0.75,0.0,0.12,0.9431,14.4469,0
1768.0,16.0,18,35.4,39.2806,20.6,54.0,0.0,0.39,0.67,0.0,0.28,0.9641,15.9385,0
1752.0,-16.0,17,95.1,243.3123,17.4,182.5,0.0,0.41,0.59,0.12,0.12,0.9535,14.7067,0
1621.0,-21.0,63,120.3,203.1657,55.6,80.2,200.8,0.3,0.57,0.17,0.38,0.967,14.3597,0
1642.0,21.0,62,152.8,267.1748,15.3,93.2,284.2,0.31,0.6,0.21,0.32,0.9493,11.6173,0
1053.0,-167.0,43,128.5,201.5726,55.7,165.6,0.3,0.26,0.63,0.19,0.35,0.8956,14.0818,0
1220.0,167.0,43,90.3,133.5014,95.9,100.6,0.8,0.23,0.56,0.19,0.19,0.9457,13.6682,0
1407.0,-17.0,42,102.3,226.2716,12.5,99.4,595.0,0.38,0.62,0.07,0.26,0.9658,15.1442,0
1424.0,17.0,42,99.1,191.3637,14.3,123.9,105.7,0.33,0.57,0.17,0.14,0.9408,13.8473,0
1705.0,3.0,40,94.3,175.8839,15.7,120.5,0.0,0.23,0.53,0.1,0.33,0.9628,13.8885,0
1702.0,-3.0,39,76.7,170.2628,20.8,93.5,0.0,0.33,0.67,0.08,0.21,0.9614,14.035,0
1583.0,83.0,47,66.4,93.4542,86.4,71.6,15.7,0.4,0.62,0.11,0.3,0.944,13.0659,0
1500.0,-83.0,46,70.8,105.8466,21.4,83.6,79.4,0.35,0.59,0.09,0.35,0.9603,14.1797,0
1260.0,0.0,13,93.8,135.6969,49.6,241.3,0.0,0.15,0.46,0.08,0.46,0.9628,15.7338,0
1260.0,0.0,13,48.9,32.4152,55.6,34.0,0.0,0.15,0.54,0.0,0.46,0.9505,14.208,0
1610.0,-44.0,47,47.4,149.9627,10.8,66.6,17.3,0.43,0.66,0.04,0.11,0.9674,14.8133,0
1654.0,44.0,47,49.6,140.0369,9.1,69.1,22.2,0.38,0.66,0.04,0.17,0.9691,14.3095,0
2245.0,-85.0,18,50.2,84.9077,60.9,36.8,0.0,0.56,0.83,0.11,0.17,0.8533,12.0795,0
2330.0,85.0,17,97.4,248.6003,9.4,196.4,0.0,0.47,0.71,0.12,0.12,0.8978,14.4946,0
1094.0,-5.0,29,117.4,257.4276,24.6,166.2,0.0,0.34,0.66,0.14,0.21,0.9617,13.228,0
1099.0,5.0,29,70.7,197.1733,28.6,89.7,0.0,0.41,0.66,0.07,0.1,0.9609,14.9097,0
1494.0,402.0,11,36.3,54.5529,39.9,0.0,0.0,0.55,0.64,0.0,0.27,0.9589,15.5303,0
1092.0,-402.0,10,129.9,307.7504,144.3,0.0,0.0,0.3,0.5,0.1,0.3,0.8592,13.9019,0
2626.0,13.0,48,55.4,150.5509,22.9,45.6,133.0,0.42,0.67,0.04,0.17,0.9513,14.7965,0
2613.0,-13.0,47,50.1,116.5005,16.3,38.5,131.4,0.47,0.64,0.04,0.26,0.954,13.8293,0
2033.0,25.0,31,85.6,194.4105,20.0,116.8,0.0,0.35,0.68,0.13,0.13,0.9567,14.4449,0
2008.0,-25.0,31,59.6,152.8216,10.6,79.6,0.0,0.55,0.74,0.06,0.13,0.9213,13.217,0
1877.0,10.0,34,62.9,173.9183,19.7,80.8,0.0,0.41,0.68,0.03,0.21,0.9642,14.9595,0
1867.0,-10.0,33,116.8,257.2782,15.3,154.9,0.0,0.27,0.52,0.12,0.18,0.8706,12.5545,0
1487.0,2.0,7,83.7,156.1898,83.7,0.0,0.0,0.57,0.57,0.14,0.14,0.9494,14.6096,0
1485.0,-2.0,6,172.5,203.1677,172.5,0.0,0.0,0.17,0.33,0.33,0.33,0.9548,15.4212,0
1160.0,25.0,15,53.4,51.7049,61.6,37.0,0.0,0.4,0.53,0.0,0.47,0.9452,15.1151,0
1135.0,-25.0,14,93.4,85.32,61.0,151.8,0.0,0.14,0.43,0.07,0.5,0.9549,14.7142,0
2063.0,4.0,46,44.2,58.2316,19.9,52.3,44.2,0.37,0.7,0.02,0.3,0.9693,15.1101,0
2059.0,-4.0,46,49.2,101.7155,30.1,38.2,120.9,0.35,0.65,0.02,0.26,0.9603,14.8453,0
1742.0,-28.0,35,51.8,64.5407,90.8,36.2,0.0,0.29,0.57,0.06,0.31,0.944,13.4221,0
1770.0,28.0,34,60.9,120.5752,43.4,67.1,0.0,0.26,0.47,0.03,0.32,0.9569,14.5225,0
1354.0,-22.0,25,94.2,113.2855,29.1,137.7,0.0,0.28,0.56,0.16,0.4,0.9686,15.6094,0
1376.0,22.0,24,63.3,79.0759,18.1,90.4,0.0,0.29,0.5,0.12,0.25,0.9571,15.3695,0
1947.0,-271.0,44,160.2,286.6181,78.2,130.0,591.2,0.36,0.5,0.16,0.34,0.9483,13.8955,0
2218.0,271.0,43,176.7,300.0059,57.9,228.6,54.5,0.26,0.63,0.26,0.19,0.9499,12.4216,0
809.0,-150.0,4,185.8,260.619,185.8,0.0,0.0,0.0,0.5,0.25,0.25,0.9536,14.2154,0
959.0,150.0,3,83.3,61.3297,83.3,0.0,0.0,0.0,0.33,0.0,0.67,0.9544,14.0353,0
2388.0,52.0,29,123.6,215.1337,47.5,163.7,0.0,0.45,0.83,0.21,0.24,0.9677,15.204,0
2336.0,-52.0,28,173.0,299.6296,43.7,234.3,0.0,0.36,0.68,0.29,0.11,0.9263,12.9258,0
993.0,23.0,15,71.8,91.5292,45.7,124.0,0.0,0.47,0.73,0.13,0.33,0.9488,15.2066,0
970.0,-23.0,14,140.9,253.8335,58.6,289.2,0.0,0.14,0.21,0.07,0.5,0.9496,14.0822,0
1722.0,-17.0,39,96.1,171.9945,47.9,112.7,0.0,0.31,0.62,0.15,0.31,0.9603,15.189,0
1739.0,17.0,38,112.5,188.5251,34.7,136.6,0.0,0.32,0.58,0.21,0.26,0.9567,14.2379,0
2179.0,39.0,31,32.8,30.901,24.6,36.8,0.0,0.19,0.58,0.0,0.26,0.9646,15.6062,0
2140.0,-39.0,30,55.1,180.5429,20.8,69.8,0.0,0.4,0.6,0.03,0.17,0.9614,15.0261,0
1153.0,94.0,42,44.0,59.0801,30.4,48.8,40.0,0.38,0.69,0.05,0.21,0.9186,12.3286,0
1059.0,-94.0,42,28.0,33.3112,12.0,30.9,46.3,0.52,0.76,0.0,0.21,0.9458,14.3211,0
2069.0,-88.0,41,73.3,166.8188,20.0,93.5,0.0,0.34,0.61,0.07,0.24,0.9363,13.5368,0
2157.0,88.0,41,22.5,36.0417,19.3,24.9,0.0,0.49,0.76,0.0,0.15,0.9583,14.2822,0
843.0,-49.0,18,83.1,233.2496,45.2,130.5,0.0,0.5,0.67,0.06,0.17,0.9623,15.3867,0
892.0,49.0,17,136.9,248.3384,104.0,173.9,0.0,0.24,0.41,0.12,0.35,0.8157,11.7056,0
948.0,70.0,25,86.2,127.5948,12.3,135.5,0.0,0.32,0.6,0.16,0.24,0.9638,13.3514,0
878.0,-70.0,25,69.1,104.3509,17.1,98.4,0.0,0.28,0.56,0.12,0.2,0.9577,14.6678,0
1696.0,12.0,11,73.3,144.5497,30.6,500.0,0.0,0.09,0.45,0.09,0.18,0.9609,15.6721,0
1684.0,-12.0,11,15.7,14.3115,14.3,22.0,0.0,0.18,0.64,0.0,0.0,0.9588,14.9019,0
1864.0,-4.0,77,44.7,69.3209,19.2,54.3,43.9,0.38,0.65,0.04,0.23,0.9524,13.3442,0
1868.0,4.0,77,54.4,73.4886,8.1,55.5,64.4,0.29,0.52,0.05,0.27,0.9547,12.854,0
1728.0,-51.0,45,33.8,51.577,28.9,39.3,10.0,0.44,0.67,0.04,0.16,0.9609,14.9538,0
1779.0,51.0,45,33.4,46.19,34.9,37.2,11.8,0.38,0.69,0.02,0.2,0.9478,14.5362,0
1696.0,81.0,21,89.5,228.1244,12.9,159.1,0.0,0.43,0.71,0.1,0.14,0.9649,14.9178,0
1615.0,-81.0,21,26.8,37.8668,14.1,36.2,0.0,0.38,0.86,0.0,0.24,0.9517,14.9091,0
1593.0,-26.0,21,169.9,273.6369,49.3,279.5,0.0,0.24,0.43,0.24,0.29,0.907,13.4581,0
1619.0,26.0,21,88.6,162.8461,37.6,126.9,0.0,0.24,0.57,0.1,0.33,0.9675,16.1559,0
1962.0,-26.0,36,80.4,171.6104,22.3,102.8,0.0,0.28,0.53,0.11,0.22,0.9647,14.8964,0
1988.0,26.0,36,28.1,73.3725,26.0,28.8,0.0,0.53,0.89,0.03,0.14,0.9643,14.1547,0
1764.0,263.0,68,56.6,105.457,18.0,60.8,65.8,0.37,0.6,0.04,0.26,0.9422,13.5035,0
1501.0,-263.0,67,71.6,120.3631,22.6,71.3,87.7,0.28,0.64,0.09,0.27,0.9496,12.9326,0
1649.0,-9.0,59,80.6,189.1888,28.9,97.4,81.2,0.49,0.73,0.07,0.27,0.8371,9.3847,0
1658.0,9.0,59,51.2,140.2998,33.6,68.2,33.5,0.54,0.73,0.05,0.19,0.9692,15.093,0
950.0,-485.0,23,124.9,216.5263,207.6,61.3,0.0,0.3,0.57,0.09,0.48,0.9128,11.7397,0
1435.0,485.0,22,132.3,288.9929,161.4,112.2,0.0,0.41,0.68,0.14,0.23,0.9556,15.4748,0
1604.0,8.0,46,78.0,137.4904,34.8,102.8,26.3,0.35,0.59,0.09,0.28,0.965,14.9617,0
1596.0,-8.0,45,89.0,198.946,33.7,118.0,27.3,0.33,0.58,0.07,0.27,0.8876,12.0692,0
1996.0,-46.0,28,75.8,110.7601,18.0,107.9,0.0,0.39,0.64,0.11,0.32,0.9606,15.377,0
2042.0,46.0,28,34.6,45.238,17.4,42.7,0.0,0.39,0.71,0.0,0.25,0.9207,12.5506,0
1367.0,68.0,29,85.8,111.5297,29.2,115.6,0.0,0.34,0.52,0.21,0.24,0.9651,15.784,0
1299.0,-68.0,28,114.9,133.6105,45.1,147.9,0.0,0.14,0.54,0.21,0.46,0.9598,14.8591,0
1803.0,-16.0,69,59.4,99.2705,93.2,39.2,68.7,0.36,0.62,0.07,0.25,0.9688,13.9292,0
1819.0,16.0,69,43.2,83.9402,109.3,43.9,22.5,0.3,0.71,0.06,0.16,0.9527,12.3379,0
2044.0,47.0,16,74.2,223.2446,10.5,180.3,0.0,0.44,0.81,0.06,0.12,0.9515,15.3094,0
1997.0,-47.0,16,43.2,68.8721,7.1,89.6,0.0,0.5,0.75,0.06,0.19,0.9481,14.3997,0
2149.0,-3.0,26,41.4,54.5506,43.5,40.1,0.0,0.38,0.69,0.04,0.27,0.9591,13.4668,0
2152.0,3.0,25,80.8,203.192,36.2,105.9,0.0,0.4,0.64,0.08,0.2,0.9169,13.8649,0
1834.0,38.0,84,75.4,195.8021,19.5,57.0,100.6,0.5,0.74,0.06,0.19,0.9052,10.0559,0
1796.0,-38.0,84,47.4,148.3204,16.2,50.9,51.4,0.46,0.68,0.07,0.06,0.9553,12.4397,0
1555.0,38.0,26,99.3,155.4036,35.9,138.9,0.0,0.19,0.31,0.15,0.19,0.9644,15.5258,0
1517.0,-38.0,26,76.9,145.3978,36.1,98.5,0.0,0.27,0.42,0.08,0.19,0.9543,14.9539,0
1414.0,61.0,30,56.9,71.0747,17.1,76.8,0.0,0.23,0.43,0.07,0.23,0.953,14.7251,0
1353.0,-61.0,29,68.2,131.1681,16.0,91.7,0.0,0.38,0.48,0.07,0.24,0.9581,14.5582,0
2591.0,-127.0,51,80.0,177.6375,10.7,65.1,183.5,0.41,0.78,0.12,0.1,0.8856,11.6018,0
2718.0,127.0,50,51.9,145.1741,4.3,64.0,57.7,0.64,0.84,0.08,0.1,0.9402,14.6629,0
1626.0,-3.0,42,116.9,255.7886,58.0,144.3,0.0,0.4,0.74,0.1,0.26,0.9619,14.7953,0
1629.0,3.0,41,183.3,329.5144,84.0,225.3,0.0,0.29,0.63,0.22,0.2,0.9016,10.9849,0
1967.0,-27.0,26,53.4,89.3327,9.2,81.0,0.0,0.27,0.73,0.12,0.12,0.9582,14.3369,0
1994.0,27.0,26,27.3,41.8511,11.1,35.9,0.0,0.5,0.73,0.0,0.19,0.9572,15.015,0
1687.0,-50.0,29,44.0,61.3654,13.2,60.2,0.0,0.38,0.55,0.0,0.24,0.9669,15.7145,0
1737.0,50.0,28,109.9,200.5849,21.4,151.8,0.0,0.29,0.5,0.18,0.25,0.9561,14.0997,0
1729.0,32.0,42,102.5,185.5636,45.6,80.1,722.0,0.36,0.67,0.1,0.33,0.9603,13.222,0
1697.0,-32.0,42,74.3,111.2351,41.6,71.3,202.7,0.31,0.62,0.07,0.38,0.9645,13.2066,0
1955.0,6.0,39,40.4,56.0516,15.8,48.9,0.0,0.31,0.64,0.05,0.28,0.9575,15.4904,0
1949.0,-6.0,39,66.7,127.2991,40.2,74.6,0.0,0.23,0.54,0.03,0.36,0.9611,13.3172,0
1386.0,-113.0,20,122.5,149.2682,18.3,226.8,0.0,0.25,0.45,0.3,0.2,0.965,15.6965,0
1499.0,113.0,19,82.4,136.9324,74.9,89.1,0.0,0.42,0.74,0.11,0.21,0.9563,15.5385,0
1469.0,-3.0,25,64.3,82.5014,36.8,82.7,0.0,0.32,0.64,0.08,0.28,0.9627,14.3767,0
1472.0,3.0,24,126.7,229.7503,37.3,180.3,0.0,0.21,0.42,0.17,0.25,0.9552,14.2429,0
2407.0,-67.0,22,22.0,25.3067,11.7,30.5,0.0,0.27,0.73,0.0,0.09,0.9554,14.8422,0
2474.0,67.0,21,20.4,38.7951,8.4,29.4,0.0,0.48,0.76,0.0,0.1,0.9578,14.7504,0
1221.0,-56.0,27,103.9,227.0037,22.2,152.0,0.0,0.37,0.59,0.07,0.26,0.9336,13.8053,0
1277.0,56.0,27,43.9,87.0017,35.7,47.9,0.0,0.48,0.67,0.04,0.19,0.9625,14.8956,0
1137.0,89.0,9,94.0,99.3831,94.0,0.0,0.0,0.33,0.33,0.22,0.33,0.956,15.4446,0
1048.0,-89.0,8,42.6,65.9739,42.6,0.0,0.0,0.12,0.5,0.0,0.25,0.9444,14.805,0
1058.0,-100.0,48,78.4,157.9642,35.6,96.7,63.5,0.35,0.48,0.1,0.23,0.9479,14.0603,0
1158.0,100.0,48,83.6,155.303,33.2,97.8,86.8,0.35,0.62,0.1,0.27,0.9473,13.6175,0
2634.0,665.0,16,18.7,24.157,21.6,13.8,0.0,0.56,0.75,0.0,0.19,0.9586,15.8601,0
1969.0,-665.0,15,98.8,256.8399,40.6,186.2,0.0,0.33,0.73,0.13,0.13,0.8921,13.4261,0
1323.0,-15.0,12,121.6,140.9987,68.8,385.5,0.0,0.25,0.25,0.25,0.33,0.8763,12.928,0
1338.0,15.0,12,56.0,51.2498,56.4,54.7,0.0,0.33,0.67,0.0,0.42,0.9596,14.1034,0
1977.0,-61.0,23,71.0,102.6574,18.0,111.8,0.0,0.13,0.48,0.13,0.26,0.9594,15.046,0
2038.0,61.0,22,80.9,140.4642,12.4,128.3,0.0,0.23,0.73,0.14,0.14,0.9608,15.1008,0
1026.0,-10.0,27,78.5,195.002,9.7,118.9,0.0,0.52,0.81,0.07,0.19,0.9247,14.5456,0
1036.0,10.0,27,27.0,53.0381,13.9,33.6,0.0,0.74,0.81,0.04,0.11,0.9613,14.6378,0
1358.0,-22.0,15,142.9,266.4786,78.7,271.2,0.0,0.27,0.6,0.13,0.4,0.9601,16.0719,0
1380.0,22.0,15,37.5,50.0184,29.8,49.2,0.0,0.4,0.67,0.0,0.27,0.9472,14.6216,0
2019.0,3.0,8,14.6,15.0612,14.6,0.0,0.0,0.12,0.75,0.0,0.0,0.9539,15.2612,0
2016.0,-3.0,8,63.5,160.3585,63.5,0.0,0.0,0.5,0.88,0.12,0.0,0.9479,14.5922,0
1628.0,-59.0,20,93.7,225.6346,26.5,160.9,0.0,0.4,0.6,0.1,0.15,0.9575,14.9312,0
1687.0,59.0,19,142.8,308.4662,18.2,254.9,0.0,0.37,0.68,0.16,0.16,0.9066,14.2155,0
1182.0,-27.0,29,78.6,185.2627,39.7,99.0,0.0,0.17,0.48,0.03,0.31,0.9602,15.0691,0
1209.0,27.0,29,63.4,119.8429,40.3,73.8,0.0,0.24,0.79,0.07,0.24,0.9538,14.5927,0
1923.0,24.0,30,52.1,83.5959,36.5,59.9,0.0,0.37,0.6,0.07,0.2,0.9663,15.5628,0
1899.0,-24.0,29,64.6,85.4478,27.4,81.2,0.0,0.21,0.45,0.07,0.28,0.9575,14.9332,0
1616.0,-12.0,46,84.1,184.8647,22.2,72.6,245.0,0.26,0.57,0.09,0.3,0.9666,14.7058,0
1628.0,12.0,45,111.3,204.1443,17.1,93.8,339.8,0.27,0.6,0.16,0.24,0.9632,14.7679,0
1932.0,1.0,32,52.6,62.9188,35.7,60.2,0.0,0.34,0.72,0.03,0.34,0.9658,15.1068,0
1931.0,-1.0,32,60.0,70.079,35.2,69.7,0.0,0.28,0.59,0.03,0.41,0.9583,14.5417,0
1660.0,-19.0,57,65.8,196.075,8.0,55.4,118.0,0.37,0.58,0.09,0.07,0.9702,14.5863,0
1679.0,19.0,56,100.3,234.0848,23.6,113.3,118.1,0.36,0.64,0.12,0.16,0.9331,10.1446,0
2139.0,-3.0,37,40.9,56.0539,31.7,44.3,0.0,0.16,0.54,0.03,0.27,0.9641,13.8199,0
2142.0,3.0,37,23.3,32.0441,27.9,21.8,0.0,0.22,0.7,0.0,0.16,0.9632,15.0987,0
1491.0,96.0,9,20.8,35.2483,20.8,0.0,0.0,0.78,0.78,0.0,0.11,0.9552,15.3101,0
1395.0,-96.0,8,176.9,341.0553,176.9,0.0,0.0,0.38,0.5,0.25,0.25,0.9479,14.7278,0
1623.0,25.0,36,101.1,177.7081,72.0,112.3,0.0,0.39,0.69,0.14,0.31,0.9172,14.4074,0
1598.0,-25.0,36,57.7,87.5265,81.0,50.0,0.0,0.56,0.69,0.14,0.17,0.9626,14.664,0
1019.0,6.0,43,50.3,48.2933,22.5,63.4,11.0,0.3,0.53,0.02,0.4,0.9363,13.391,0
1013.0,-6.0,42,63.5,158.3852,11.8,54.9,304.7,0.33,0.76,0.05,0.21,0.9582,13.9039,0
1578.0,18.0,33,40.8,63.6569,40.6,41.0,0.0,0.52,0.82,0.06,0.21,0.958,14.2861,0
1560.0,-18.0,32,46.8,73.7117,62.7,40.5,0.0,0.53,0.75,0.09,0.19,0.8951,11.5013,0
2190.0,-65.0,39,52.1,96.4791,78.5,43.0,0.0,0.36,0.64,0.05,0.18,0.9619,15.211,0
2255.0,65.0,39,28.7,30.457,30.1,28.3,0.0,0.28,0.62,0.0,0.23,0.9591,14.805,0
1749.0,30.0,73,35.3,48.1766,7.6,50.3,30.1,0.4,0.67,0.01,0.21,0.9605,13.4177,0
1719.0,-30.0,72,48.6,59.1167,46.1,52.8,45.4,0.26,0.51,0.06,0.26,0.9632,12.5792,0
1709.0,95.0,58,40.1,74.9159,14.0,36.9,59.9,0.41,0.76,0.03,0.22,0.9568,13.2177,0
1614.0,-95.0,57,39.6,65.199,9.7,41.6,51.4,0.33,0.74,0.04,0.3,0.9744,12.3162,0
2075.0,-28.0,26,74.9,195.6694,41.9,95.5,0.0,0.38,0.77,0.04,0.23,0.9614,15.6736,0
2103.0,28.0,25,183.4,341.344,41.1,263.5,0.0,0.32,0.4,0.16,0.24,0.9226,14.4225,0
1742.0,30.0,29,93.9,254.8614,17.4,134.2,0.0,0.48,0.66,0.07,0.17,0.9696,15.9215,0
1712.0,-30.0,28,153.9,312.9313,13.4,220.5,0.0,0.46,0.68,0.18,0.14,0.9657,13.8403,0
1507.0,13.0,26,55.8,53.3479,44.6,62.8,0.0,0.35,0.62,0.0,0.35,0.9594,14.7127,0
1494.0,-13.0,25,78.6,169.5312,23.2,109.7,0.0,0.28,0.64,0.08,0.2,0.9455,14.6237,0
1203.0,23.0,44,89.0,184.2128,29.4,83.5,279.2,0.5,0.61,0.07,0.3,0.9223,13.5725,0
1180.0,-23.0,44,53.9,124.4303,30.8,68.9,5.2,0.41,0.73,0.07,0.18,0.9368,13.7603,0
877.0,-129.0,31,51.8,74.4233,30.0,62.2,0.0,0.45,0.71,0.03,0.23,0.9472,15.1584,0
1006.0,129.0,30,75.1,96.7248,35.2,92.2,0.0,0.23,0.47,0.1,0.33,0.9509,12.1411,0
2261.0,46.0,29,56.9,98.8082,13.9,79.5,0.0,0.38,0.72,0.03,0.34,0.9623,15.3622,0
2215.0,-46.0,28,55.8,104.6223,9.8,77.5,0.0,0.43,0.64,0.11,0.14,0.958,15.0582,0
1186.0,-29.0,21,113.9,215.8865,50.0,172.0,0.0,0.29,0.43,0.1,0.48,0.9535,15.0929,0
1215.0,29.0,21,69.8,105.2248,97.0,49.4,0.0,0.24,0.52,0.05,0.43,0.9532,14.9363,0
1491.0,-4.0,26,95.3,170.4035,76.5,107.1,0.0,0.35,0.58,0.08,0.42,0.9456,14.5427,0
1495.0,4.0,25,64.2,103.3977,96.9,45.8,0.0,0.44,0.56,0.16,0.16,0.9612,15.0835,0
2094.0,7.0,44,58.0,89.7956,24.5,52.4,184.2,0.32,0.82,0.09,0.18,0.9468,12.0919,0
2087.0,-7.0,44,50.0,125.1786,18.0,42.7,151.8,0.43,0.64,0.07,0.11,0.9687,15.2683,0
1212.0,24.0,24,79.2,201.8498,18.8,122.4,0.0,0.29,0.67,0.04,0.25,0.9664,15.1179,0
1188.0,-24.0,24,52.0,68.21,21.3,70.4,0.0,0.33,0.71,0.08,0.33,0.9602,13.9366,0
1225.0,7.0,29,113.5,190.1527,51.9,145.9,0.0,0.28,0.62,0.14,0.41,0.9564,15.301,0
1218.0,-7.0,29,122.0,181.1178,30.4,163.2,0.0,0.28,0.45,0.24,0.17,0.9603,13.6556,0
1236.0,17.0,15,109.7,257.3723,45.6,238.0,0.0,0.6,0.8,0.13,0.27,0.9511,14.0366,0
1219.0,-17.0,15,38.7,65.4399,39.3,37.7,0.0,0.67,0.8,0.07,0.2,0.9562,15.2017,0
2293.0,-8.0,43,53.3,58.0283,18.9,64.9,52.3,0.26,0.49,0.05,0.23,0.9668,14.6993,0
2301.0,8.0,43,39.3,48.1276,14.8,46.1,43.5,0.42,0.77,0.0,0.28,0.9629,14.5614,0
2100.0,-2.0,1,67.0,0.0,67.0,0.0,0.0,0.0,0.0,0.0,1.0,0.9837,13.0103,0
1507.0,58.0,39,57.1,69.2478,30.7,66.2,0.0,0.26,0.54,0.05,0.28,0.9447,13.2977,0
1449.0,-58.0,38,36.4,65.5721,26.3,39.5,0.0,0.5,0.74,0.05,0.11,0.949,13.5877,0
1620.0,50.0,30,143.2,296.9535,30.1,199.7,0.0,0.27,0.6,0.13,0.27,0.9655,15.7793,0
1570.0,-50.0,29,188.9,327.1239,55.3,249.1,0.0,0.28,0.52,0.17,0.28,0.9144,12.585,0
1260.0,13.0,7,22.3,26.9797,22.3,0.0,0.0,0.43,0.71,0.0,0.29,0.9506,14.3583,0
1247.0,-13.0,7,52.0,56.9093,52.0,0.0,0.0,0.43,0.71,0.0,0.43,0.9519,14.5218,0
1611.0,150.0,34,44.3,62.112,23.2,53.0,0.0,0.5,0.68,0.03,0.26,0.9375,13.6274,0
1461.0,-150.0,33,54.2,66.1057,27.7,64.1,0.0,0.36,0.61,0.09,0.21,0.9629,15.1479,0
1791.0,19.0,34,46.5,49.866,47.3,46.2,0.0,0.38,0.59,0.03,0.38,0.9613,14.6246,0
1772.0,-19.0,34,31.7,37.0172,30.3,32.2,0.0,0.41,0.76,0.0,0.29,0.958,14.6153,0
1842.0,-21.0,16,15.7,23.3972,23.8,2.2,0.0,0.44,0.75,0.0,0.12,0.9531,14.5229,0
1863.0,21.0,16,47.1,59.6745,19.3,82.9,0.0,0.25,0.44,0.0,0.31,0.948,14.8695,0
2081.0,72.0,44,36.0,59.1463,10.9,45.7,25.8,0.39,0.68,0.02,0.2,0.9597,14.7793,0
2009.0,-72.0,44,23.0,32.8205,8.2,23.2,48.0,0.45,0.75,0.0,0.11,0.9674,15.504,0
1227.0,-55.0,30,202.4,330.9077,92.3,257.4,0.0,0.17,0.5,0.23,0.33,0.9592,14.2729,0
1282.0,55.0,29,149.4,276.6836,42.2,197.7,0.0,0.28,0.62,0.17,0.34,0.9221,14.3157,0
2153.0,-24.0,27,74.5,190.8188,21.2,105.9,0.0,0.26,0.59,0.04,0.3,0.9582,14.9241,0
2177.0,24.0,27,21.1,20.2616,20.7,21.3,0.0,0.52,0.7,0.0,0.11,0.9664,15.1303,0
1622.0,25.0,17,69.1,100.1067,61.9,79.4,0.0,0.47,0.59,0.12,0.35,0.8972,14.0625,0
1597.0,-25.0,17,23.2,29.6385,11.1,36.9,0.0,0.35,0.76,0.0,0.12,0.9564,14.6765,0
2114.0,64.0,54,46.3,61.0837,29.1,50.5,49.4,0.33,0.52,0.02,0.3,0.9529,14.2658,0
2050.0,-64.0,53,52.1,72.1223,26.7,65.5,39.6,0.32,0.66,0.04,0.3,0.9355,11.5338,0
2020.0,-16.0,40,102.0,217.883,30.0,126.0,0.0,0.33,0.6,0.12,0.28,0.9605,15.2984,0
2036.0,16.0,39,93.3,221.743,19.4,115.5,0.0,0.28,0.56,0.1,0.21,0.9617,14.7716,0
1833.0,26.0,15,80.7,151.5381,29.3,183.4,0.0,0.4,0.73,0.2,0.07,0.9585,15.7778,0
1807.0,-26.0,14,55.9,64.2601,44.4,76.4,0.0,0.29,0.57,0.07,0.36,0.9567,14.9844,0
2145.0,-7.0,48,47.5,83.9374,17.5,61.7,31.6,0.29,0.54,0.02,0.29,0.963,14.5228,0
2152.0,7.0,47,44.1,66.6485,35.3,51.6,26.0,0.38,0.55,0.04,0.26,0.9652,13.3853,0
1904.0,5.0,31,136.8,257.0923,57.2,174.8,0.0,0.45,0.52,0.16,0.29,0.9636,14.7946,0
1899.0,-5.0,30,29.9,36.9803,16.9,35.5,0.0,0.43,0.83,0.0,0.2,0.9638,15.0686,0
1999.0,16.0,25,26.9,29.2958,20.0,31.5,0.0,0.52,0.76,0.0,0.2,0.9632,15.3272,0
1983.0,-16.0,24,83.5,202.259,18.4,122.5,0.0,0.38,0.5,0.04,0.33,0.9658,14.4448,0
2219.0,17.0,30,27.3,40.8379,3.3,39.3,0.0,0.57,0.8,0.0,0.27,0.9642,15.3407,0
2202.0,-17.0,29,37.5,72.7072,2.7,53.2,0.0,0.38,0.79,0.03,0.17,0.9562,14.1834,0
858.0,8.0,31,84.4,183.5766,36.4,107.3,0.0,0.35,0.58,0.1,0.29,0.9595,15.6619,0
850.0,-8.0,30,109.2,187.692,74.0,124.3,0.0,0.17,0.5,0.13,0.33,0.8887,11.3537,0
1457.0,-39.0,14,224.4,348.4214,114.1,500.0,0.0,0.21,0.29,0.29,0.29,0.8043,11.9229,0
1496.0,39.0,14,90.2,265.3306,29.1,200.2,0.0,0.71,0.93,0.07,0.07,0.9565,15.706,0
2061.0,-21.0,45,46.9,53.718,32.9,56.8,15.4,0.36,0.73,0.0,0.33,0.9489,14.5397,0
2082.0,21.0,44,41.8,83.3366,15.4,56.0,3.8,0.45,0.8,0.05,0.18,0.964,14.7037,0
1723.0,29.0,64,56.3,142.9078,29.3,81.2,36.5,0.34,0.67,0.06,0.19,0.9301,12.3996,0
1694.0,-29.0,63,61.7,142.3152,58.1,89.6,28.0,0.35,0.63,0.06,0.24,0.9144,12.6084,0
1703.0,26.0,44,68.1,106.3383,14.7,74.5,153.2,0.3,0.66,0.07,0.32,0.9684,14.8754,0
1677.0,-26.0,43,65.2,114.7641,29.8,53.3,233.5,0.37,0.63,0.07,0.26,0.972,14.1406,0
1307.0,19.0,10,120.5,201.2556,120.5,0.0,0.0,0.4,0.4,0.2,0.1,0.9394,14.5339,0
1288.0,-19.0,9,186.1,226.3545,186.1,0.0,0.0,0.22,0.44,0.33,0.22,0.9488,15.037,0
1952.0,-340.0,66,94.4,186.4439,24.1,49.6,173.1,0.5,0.77,0.14,0.26,0.9461,12.1522,0
2292.0,340.0,66,74.5,204.9112,29.8,32.2,136.3,0.41,0.65,0.09,0.12,0.9556,14.0628,0
1857.0,66.0,58,76.7,133.8799,108.1,84.7,45.9,0.4,0.59,0.1,0.24,0.9211,11.7129,0
1791.0,-66.0,57,102.2,162.0285,112.2,107.6,88.1,0.35,0.58,0.14,0.32,0.9082,11.2403,0
1433.0,493.0,11,62.6,108.7468,68.9,0.0,0.0,0.55,0.73,0.18,0.09,0.9525,15.4952,0
940.0,-493.0,10,192.4,309.5521,102.7,1000.0,0.0,0.4,0.6,0.3,0.2,0.6567,9.5631,0
1050.0,402.0,6,155.3,127.6913,155.3,0.0,0.0,0.0,0.17,0.5,0.17,0.9536,14.5444,0
648.0,-402.0,6,157.0,237.0747,157.0,0.0,0.0,0.33,0.5,0.33,0.17,0.9446,14.5244,0
829.0,-92.0,23,105.9,149.5204,112.0,101.2,0.0,0.35,0.43,0.17,0.35,0.9481,15.2621,0
921.0,92.0,22,194.2,254.8757,69.1,280.8,0.0,0.23,0.45,0.36,0.18,0.9167,13.9863,0
1329.0,12.0,33,68.6,123.9054,55.5,74.3,0.0,0.36,0.48,0.06,0.33,0.9313,14.3061,0
1317.0,-12.0,32,54.3,85.8274,49.9,56.0,0.0,0.41,0.66,0.06,0.25,0.961,13.7045,0
1844.0,-18.0,30,102.1,247.6648,17.9,144.2,0.0,0.33,0.53,0.07,0.23,0.9693,15.4488,0
1862.0,18.0,29,148.9,305.4351,21.0,206.4,0.0,0.38,0.62,0.14,0.14,0.9241,14.1949,0
2153.0,87.0,40,65.5,113.4496,76.8,61.8,0.0,0.23,0.42,0.07,0.2,0.9538,13.0053,0
2066.0,-87.0,39,40.1,80.6808,23.8,45.0,0.0,0.26,0.51,0.03,0.18,0.9359,14.5805,0
1919.0,10.0,18,49.3,57.4272,15.1,92.1,0.0,0.28,0.56,0.0,0.39,0.9561,14.8713,0
1909.0,-10.0,18,25.9,37.8074,11.7,40.1,0.0,0.39,0.67,0.0,0.17,0.9633,15.7679,0
1882.0,19.0,34,136.6,264.7206,49.0,173.0,0.0,0.44,0.65,0.15,0.29,0.9362,13.1232,0
1863.0,-19.0,33,161.8,266.5839,44.7,205.8,0.0,0.15,0.48,0.21,0.24,0.9526,14.5524,0
1413.0,-95.0,54,152.1,316.6074,24.4,199.0,143.0,0.46,0.56,0.15,0.19,0.966,15.1315,0
1508.0,95.0,53,126.6,272.3044,22.4,216.7,0.7,0.26,0.53,0.13,0.21,0.891,11.295,0
1555.0,-1.0,25,158.2,247.813,27.1,245.7,0.0,0.32,0.52,0.2,0.28,0.9275,14.8307,0
1556.0,1.0,25,91.4,175.1835,34.0,123.7,0.0,0.32,0.68,0.12,0.24,0.9655,15.1236,0
2128.0,11.0,23,64.8,149.4183,13.1,104.5,0.0,0.39,0.74,0.09,0.17,0.963,15.3517,0
2117.0,-11.0,22,100.2,178.4069,17.4,157.5,0.0,0.32,0.68,0.14,0.23,0.9573,15.0755,0
2328.0,-17.0,35,28.6,39.9612,8.2,36.8,0.0,0.49,0.83,0.0,0.17,0.9612,15.1191,0
2345.0,17.0,34,60.5,173.3782,7.9,79.5,0.0,0.53,0.76,0.06,0.21,0.9644,14.0983,0
1604.0,-15.0,17,38.8,47.2404,26.3,56.7,0.0,0.41,0.65,0.0,0.24,0.9503,14.1046,0
1619.0,15.0,16,88.4,135.596,21.7,174.3,0.0,0.44,0.62,0.19,0.19,0.9536,15.3018,0
1999.0,117.0,62,79.7,133.8631,52.5,56.6,123.6,0.27,0.65,0.1,0.23,0.974,13.2062,0
1882.0,-117.0,61,81.2,147.0726,40.0,57.2,130.8,0.33,0.59,0.13,0.18,0.9717,12.3601,0
1373.0,-30.0,19,82.2,163.1081,21.8,149.2,0.0,0.37,0.63,0.11,0.32,0.96,15.7512,0
1403.0,30.0,19,39.1,64.5229,54.8,25.0,0.0,0.47,0.89,0.0,0.26,0.8924,13.7179,0
1768.0,20.0,59,59.1,85.1525,23.7,61.5,74.0,0.39,0.64,0.07,0.29,0.9489,12.0007,0
1748.0,-20.0,59,43.9,73.2494,23.3,53.8,38.4,0.41,0.64,0.07,0.22,0.9385,13.0573,0
2207.0,9.0,50,55.4,85.9214,68.1,69.0,1.8,0.4,0.72,0.06,0.26,0.9718,15.2208,0
2198.0,-9.0,49,69.4,80.4976,50.6,91.6,19.8,0.41,0.61,0.1,0.35,0.93,13.5551,0
2023.0,3.0,40,44.1,51.4924,28.7,49.3,0.0,0.23,0.55,0.03,0.33,0.949,13.5272,0
2020.0,-3.0,39,43.8,62.7994,17.9,51.5,0.0,0.33,0.62,0.05,0.26,0.9611,14.5564,0
1556.0,-1.0,17,34.0,41.6818,21.6,51.7,0.0,0.47,0.65,0.0,0.18,0.9602,15.1396,0
1557.0,1.0,16,71.9,111.994,43.6,108.3,0.0,0.25,0.5,0.06,0.38,0.9575,14.8269,0
2156.0,-5.0,23,41.7,48.1706,24.5,54.9,0.0,0.35,0.57,0.0,0.35,0.9684,16.4343,0
2161.0,5.0,22,66.8,166.5055,10.6,105.7,0.0,0.5,0.68,0.05,0.23,0.9597,15.3673,0
1484.0,-5.0,5,21.8,24.1702,21.8,0.0,0.0,0.4,0.6,0.0,0.2,0.9479,14.6156,0
1489.0,5.0,4,54.5,66.6458,54.5,0.0,0.0,0.25,0.25,0.0,0.25,0.9564,14.454,0
1870.0,-29.0,23,48.8,83.1306,20.1,70.9,0.0,0.43,0.78,0.13,0.09,0.9588,14.912,0
1899.0,29.0,22,88.6,220.7849,10.3,142.8,0.0,0.32,0.68,0.14,0.09,0.9638,13.9335,0
2020.0,13.0,40,79.8,174.4925,6.3,104.3,0.0,0.55,0.7,0.12,0.12,0.8745,13.2009,0
2007.0,-13.0,40,69.8,169.1932,17.0,54.7,1000.0,0.38,0.72,0.07,0.2,0.9659,15.043,0
1895.0,-61.0,44,72.4,160.3525,30.6,56.0,299.2,0.43,0.61,0.09,0.2,0.9615,15.3665,0
1956.0,61.0,44,44.5,59.7843,33.1,49.2,36.4,0.41,0.64,0.02,0.27,0.959,13.9372,0
1507.0,-22.0,33,188.7,267.6358,35.5,255.3,0.0,0.33,0.52,0.27,0.18,0.958,14.3923,0
1529.0,22.0,32,175.8,248.8217,30.2,232.7,0.0,0.19,0.53,0.28,0.22,0.9701,13.9208,0
1148.0,16.0,20,24.9,32.2342,24.0,25.8,0.0,0.45,0.8,0.0,0.15,0.9581,15.2248,0
1132.0,-16.0,19,124.1,222.9334,85.2,159.1,0.0,0.21,0.42,0.11,0.47,0.959,12.3933,0
1098.0,20.0,50,33.6,51.8266,26.4,39.4,23.3,0.46,0.66,0.02,0.2,0.9633,14.1823,0
1078.0,-20.0,49,44.4,50.0045,49.9,41.6,47.6,0.29,0.59,0.02,0.31,0.952,11.517,0
1827.0,10.0,46,65.3,102.8024,16.8,84.7,48.8,0.33,0.72,0.07,0.35,0.9525,12.4963,0
1817.0,-10.0,46,50.2,68.5541,43.1,52.6,49.0,0.46,0.7,0.04,0.22,0.9518,13.4822,0
1067.0,-30.0,21,142.8,298.4674,23.1,251.5,0.0,0.38,0.71,0.19,0.14,0.9583,15.2145,0
1097.0,30.0,20,191.3,319.2295,62.6,296.7,0.0,0.4,0.7,0.25,0.15,0.9108,12.2615,0
1703.0,-4.0,10,21.8,38.7751,21.8,0.0,0.0,0.5,0.7,0.0,0.1,0.9567,15.406,0
1707.0,4.0,10,12.5,13.0235,10.0,35.0,0.0,0.6,1.0,0.0,0.0,0.9571,14.6078,0
2172.0,110.0,40,35.0,53.3969,53.8,28.7,0.0,0.57,0.85,0.03,0.17,0.9656,15.0576,0
2062.0,-110.0,39,82.0,163.6488,76.0,83.8,0.0,0.13,0.49,0.05,0.46,0.941,13.6665,0
2291.0,-136.0,44,76.4,171.4663,15.6,61.8,337.5,0.27,0.57,0.09,0.2,0.9657,14.3589,0
2427.0,136.0,44,46.7,92.8138,8.3,56.7,55.4,0.45,0.73,0.07,0.18,0.9609,13.8867,0
2077.0,23.0,42,56.6,89.3224,44.5,64.2,2.5,0.26,0.64,0.05,0.33,0.9752,13.2544,0
2054.0,-23.0,42,44.0,64.2381,18.4,55.1,9.0,0.43,0.76,0.07,0.19,0.9698,13.4451,0
1237.0,10.0,37,44.7,70.1676,31.2,49.7,0.0,0.43,0.76,0.03,0.22,0.9615,15.5679,0
1227.0,-10.0,36,96.9,180.5863,16.1,123.9,0.0,0.28,0.5,0.11,0.33,0.9244,11.9234,0
1688.0,2.0,7,133.1,183.1943,133.1,0.0,0.0,0.43,0.71,0.29,0.14,0.9542,14.907,0
1686.0,-2.0,7,57.4,120.6702,57.4,0.0,0.0,0.43,0.86,0.14,0.14,0.9466,14.6006,0
1797.0,-2.0,48,51.2,84.1791,28.5,60.8,43.5,0.46,0.69,0.04,0.31,0.9598,14.5052,0
1799.0,2.0,47,59.9,125.8243,20.9,74.5,48.8,0.38,0.66,0.04,0.32,0.9713,12.3871,0
1923.0,-3.0,25,105.4,209.996,31.6,154.6,0.0,0.28,0.44,0.12,0.32,0.9164,13.6981,0
1926.0,3.0,25,40.0,64.0377,27.2,47.2,0.0,0.32,0.68,0.04,0.2,0.958,15.285,0
2339.0,-9.0,68,11.9,21.6264,22.3,17.9,1.8,0.54,0.79,0.0,0.06,0.9642,11.6317,0
2348.0,9.0,67,8.7,15.1764,10.1,14.9,1.7,0.46,0.73,0.0,0.04,0.9542,12.6094,0
1799.0,21.0,25,133.0,270.3086,20.4,208.1,0.0,0.36,0.72,0.12,0.36,0.9596,13.9655,0
1778.0,-21.0,25,32.4,66.807,12.8,43.5,0.0,0.56,0.76,0.04,0.12,0.9604,14.6198,0
2502.0,-59.0,53,20.1,25.0617,13.5,15.5,35.8,0.4,0.79,0.0,0.13,0.9515,13.9176,0
2561.0,59.0,52,20.9,27.6237,5.0,18.6,37.2,0.44,0.73,0.0,0.17,0.9535,14.4876,0
2048.0,-10.0,14,51.1,120.8518,11.9,149.0,0.0,0.29,0.43,0.07,0.07,0.9618,15.6069,0
2058.0,10.0,14,16.7,18.5324,20.8,9.4,0.0,0.36,0.57,0.0,0.07,0.955,14.7403,0
2067.0,-18.0,26,39.9,39.7012,44.8,36.8,0.0,0.27,0.69,0.0,0.31,0.9651,15.583,0
2085.0,18.0,25,47.8,42.1651,71.4,34.6,0.0,0.12,0.32,0.0,0.44,0.9533,14.1085,0
1737.0,-1.0,12,30.2,45.7526,33.0,16.5,0.0,0.75,0.83,0.0,0.17,0.9631,15.815,0
1738.0,1.0,11,98.6,149.2818,90.7,134.5,0.0,0.18,0.55,0.18,0.27,0.948,14.6779,0
2669.0,-154.0,64,72.1,146.2649,17.7,41.2,133.4,0.39,0.66,0.08,0.23,0.9314,11.8774,0
2823.0,154.0,64,42.6,75.407,11.2,43.1,53.3,0.48,0.72,0.06,0.2,0.9535,14.5639,0
1473.0,3.0,20,42.0,67.7682,58.9,25.1,0.0,0.35,0.65,0.05,0.35,0.9556,15.0511,0
1470.0,-3.0,19,77.8,119.2277,28.9,121.9,0.0,0.32,0.47,0.11,0.32,0.9563,15.0006,0
2472.0,5.0,57,44.2,55.948,42.8,46.4,41.2,0.4,0.6,0.04,0.26,0.9671,11.8284,0
2467.0,-5.0,56,32.0,39.4911,37.4,27.6,36.9,0.48,0.71,0.0,0.3,0.9577,14.4662,0
1605.0,22.0,32,91.4,196.9878,32.6,118.1,0.0,0.34,0.66,0.06,0.34,0.9627,14.9227,0
1583.0,-22.0,32,70.2,133.2267,31.6,85.4,0.0,0.59,0.72,0.09,0.25,0.9257,11.8691,0
920.0,38.0,38,73.9,144.2621,78.7,72.2,0.0,0.29,0.55,0.05,0.37,0.9469,13.6389,0
882.0,-38.0,38,84.5,148.5153,32.8,100.5,0.0,0.26,0.53,0.11,0.32,0.953,12.9962,0
1562.0,-7.0,28,48.4,78.2188,41.8,52.1,0.0,0.36,0.68,0.07,0.11,0.9573,14.6375,0
1569.0,7.0,27,54.3,95.5328,18.7,72.1,0.0,0.37,0.74,0.11,0.11,0.9655,15.6651,0
2485.0,247.0,18,18.3,20.1226,11.9,26.2,0.0,0.28,0.67,0.0,0.06,0.9537,15.2637,0
2238.0,-247.0,18,11.7,14.1255,7.7,15.7,0.0,0.39,0.72,0.0,0.0,0.8983,13.6287,0
1800.0,-16.0,68,107.8,214.81,70.3,92.1,138.1,0.35,0.6,0.16,0.22,0.9709,14.1904,0
1816.0,16.0,67,109.3,191.9788,87.2,94.1,132.8,0.25,0.57,0.15,0.28,0.9467,10.7276,0
1547.0,-7.0,28,62.0,78.9536,80.8,51.5,0.0,0.29,0.64,0.07,0.39,0.9407,13.3984,0
1554.0,7.0,28,33.5,47.3494,36.0,32.3,0.0,0.43,0.75,0.0,0.29,0.9241,13.9949,0
1647.0,117.0,33,69.5,172.5743,31.5,86.0,0.0,0.33,0.58,0.03,0.24,0.9676,15.4748,0
1530.0,-117.0,32,107.4,242.8532,26.7,139.0,0.0,0.25,0.44,0.09,0.28,0.8994,13.7212,0
1595.0,-49.0,13,33.5,31.2587,40.1,11.7,0.0,0.54,0.69,0.0,0.31,0.947,14.4996,0
1644.0,49.0,13,59.8,90.2901,55.6,69.5,0.0,0.23,0.54,0.15,0.23,0.956,15.6904,0
1672.0,18.0,29,32.6,42.4622,17.7,40.4,0.0,0.41,0.62,0.0,0.28,0.9539,14.4993,0
1654.0,-18.0,28,73.6,185.9499,21.3,98.4,0.0,0.32,0.61,0.04,0.32,0.9157,12.6674,0
1644.0,-3.0,55,45.3,55.887,93.0,40.8,22.5,0.33,0.62,0.02,0.31,0.9436,11.681,0
1647.0,3.0,55,27.7,39.8755,29.1,33.6,15.9,0.42,0.75,0.0,0.18,0.9661,14.0283,0
1329.0,-76.0,23,119.3,225.811,100.1,134.2,0.0,0.48,0.61,0.17,0.26,0.9206,14.5733,0
1405.0,76.0,23,92.6,209.6566,72.0,105.9,0.0,0.43,0.7,0.09,0.22,0.9578,15.4937,0
1270.0,107.0,33,106.2,232.9482,26.2,141.0,0.0,0.3,0.58,0.15,0.15,0.9599,15.2827,0
1163.0,-107.0,32,137.2,249.8628,14.8,185.2,0.0,0.28,0.41,0.16,0.28,0.959,14.9138,0
1873.0,56.0,31,94.5,199.0949,30.5,125.0,0.0,0.29,0.55,0.1,0.32,0.9648,15.4777,0
1817.0,-56.0,31,27.8,34.9511,16.9,32.2,0.0,0.52,0.71,0.0,0.26,0.9601,15.5647,0
1379.0,-48.0,15,58.8,79.3835,62.0,52.4,0.0,0.47,0.6,0.13,0.27,0.9545,14.466,0
1427.0,48.0,14,104.1,191.6426,35.3,228.0,0.0,0.57,0.64,0.07,0.36,0.9541,14.2852,0
2205.0,-46.0,39,68.3,159.0065,12.9,87.4,0.0,0.36,0.69,0.05,0.31,0.9665,15.7416,0
2251.0,46.0,38,113.0,230.1376,18.7,142.3,0.0,0.29,0.61,0.13,0.29,0.9658,13.7013,0
1120.0,-23.0,35,139.2,309.19,22.7,185.8,0.0,0.37,0.66,0.14,0.11,0.9623,15.496,0
1143.0,23.0,34,194.3,321.7076,23.2,255.9,0.0,0.26,0.5,0.26,0.24,0.9679,12.7455,0
798.0,-13.0,50,138.0,268.1465,132.9,117.7,203.7,0.34,0.62,0.14,0.3,0.9274,11.0918,0
811.0,13.0,50,80.5,185.6195,116.1,96.9,6.5,0.32,0.7,0.12,0.16,0.9681,14.3428,0
1813.0,-25.0,56,64.4,93.4011,30.7,57.3,98.8,0.3,0.55,0.09,0.27,0.9691,13.9396,0
1838.0,25.0,56,60.8,112.0534,29.0,47.6,100.7,0.3,0.55,0.09,0.21,0.9625,14.0294,0
1792.0,-9.0,31,27.6,31.2811,20.2,31.2,0.0,0.45,0.71,0.0,0.19,0.9539,13.591,0
1801.0,9.0,31,22.5,35.8347,16.8,24.9,0.0,0.55,0.74,0.0,0.16,0.9203,14.0234,0
2066.0,11.0,29,44.3,111.6328,25.2,54.4,0.0,0.45,0.83,0.03,0.24,0.9328,14.836,0
2055.0,-11.0,28,119.6,210.3585,34.0,160.1,0.0,0.21,0.54,0.18,0.25,0.9641,12.3744,0
1609.0,-10.0,52,81.9,159.3905,24.8,110.9,57.1,0.44,0.62,0.13,0.17,0.9469,15.1876,0
1619.0,10.0,51,115.5,210.554,25.6,141.7,117.7,0.25,0.57,0.16,0.29,0.9391,11.9051,0
2482.0,83.0,10,41.4,82.0328,41.4,0.0,0.0,0.6,0.7,0.1,0.1,0.9603,15.9083,0
2399.0,-83.0,10,3.3,4.3218,3.7,0.0,0.0,0.7,0.9,0.0,0.0,0.9461,14.5364,0
715.0,-12.0,18,60.9,87.5469,36.2,91.8,0.0,0.33,0.61,0.06,0.28,0.9622,15.7677,0
727.0,12.0,17,88.8,95.3582,36.6,147.5,0.0,0.06,0.47,0.12,0.41,0.9662,15.4084,0
478.0,-138.0,15,369.3,419.1484,128.7,850.4,0.0,0.2,0.73,0.53,0.13,0.9328,11.0906,0
616.0,138.0,15,251.0,401.107,47.4,556.3,0.0,0.33,0.67,0.27,0.13,0.9571,15.2618,0
1902.0,-12.0,23,40.3,50.0831,25.4,51.8,0.0,0.52,0.78,0.0,0.35,0.9603,14.6708,0
1914.0,12.0,23,56.1,52.8285,26.8,75.0,0.0,0.39,0.52,0.0,0.52,0.9531,14.8274,0
2407.0,16.0,43,43.6,82.5121,17.5,55.0,16.7,0.3,0.6,0.02,0.23,0.9331,13.7808,0
2391.0,-16.0,42,63.4,102.6592,15.0,73.9,102.7,0.33,0.64,0.07,0.29,0.9552,14.4868,0
2223.0,-89.0,39,61.4,164.2257,21.8,75.1,0.0,0.31,0.51,0.05,0.21,0.9302,12.4339,0
2312.0,89.0,39,15.7,25.2788,16.3,15.5,0.0,0.46,0.69,0.0,0.13,0.9532,14.8021,0
1621.0,-11.0,51,44.2,50.9308,32.6,50.9,36.7,0.22,0.55,0.02,0.33,0.9631,13.7612,0
1632.0,11.0,51,26.9,33.6166,37.7,25.1,23.3,0.31,0.65,0.0,0.14,0.9669,15.0439,0
2239.0,9.0,7,15.9,20.3915,15.9,0.0,0.0,0.29,0.57,0.0,0.14,0.9519,14.4726,0
2230.0,-9.0,7,14.4,22.4489,14.4,0.0,0.0,0.14,0.86,0.0,0.14,0.9531,14.8361,0
1310.0,-9.0,8,41.0,54.1268,41.0,0.0,0.0,0.38,0.75,0.0,0.25,0.954,15.0406,0
1319.0,9.0,8,87.6,114.6036,87.6,0.0,0.0,0.25,0.38,0.25,0.25,0.9523,13.6714,0
1372.0,51.0,21,33.0,27.4927,36.6,29.6,0.0,0.24,0.57,0.0,0.19,0.9566,14.8023,0
1321.0,-51.0,20,60.8,79.1139,72.7,51.1,0.0,0.2,0.45,0.1,0.2,0.9471,14.1911,0
1551.0,-61.0,27,95.1,120.2551,25.3,136.2,0.0,0.33,0.44,0.19,0.26,0.9199,14.6057,0
1612.0,61.0,27,45.4,92.0026,33.4,51.3,0.0,0.48,0.74,0.07,0.15,0.9615,15.2576,0
1281.0,115.0,22,46.5,53.6902,47.6,45.6,0.0,0.27,0.55,0.05,0.32,0.9569,14.8979,0
1166.0,-115.0,21,46.6,54.7134,47.4,45.9,0.0,0.24,0.57,0.0,0.38,0.9658,15.6216,0
1588.0,-14.0,63,29.2,45.0828,19.3,37.4,22.7,0.37,0.76,0.02,0.19,0.8739,9.655,0
1602.0,14.0,63,12.4,21.3774,16.3,15.6,7.0,0.48,0.78,0.0,0.06,0.9598,14.5758,0
2253.0,-6.0,19,38.3,55.1453,12.8,66.7,0.0,0.32,0.58,0.0,0.21,0.9622,15.6738,0
2259.0,6.0,19,19.4,25.3187,11.9,26.2,0.0,0.63,0.79,0.0,0.21,0.9104,13.7609,0
1689.0,2.0,22,96.6,243.2312,19.7,160.7,0.0,0.5,0.59,0.09,0.14,0.9608,15.5086,0
1687.0,-2.0,22,73.1,211.3463,16.8,112.2,0.0,0.45,0.68,0.05,0.18,0.9527,15.0217,0
2425.0,24.0,42,42.6,58.4896,21.7,51.8,8.0,0.4,0.62,0.05,0.29,0.9709,14.8867,0
2401.0,-24.0,41,50.5,61.314,16.1,55.9,124.5,0.37,0.56,0.05,0.29,0.9664,14.7536,0
1843.0,-2.0,51,61.8,89.0136,18.0,74.9,66.0,0.35,0.57,0.06,0.31,0.9647,14.7115,0
1845.0,2.0,51,46.6,68.7043,14.6,59.9,37.5,0.39,0.73,0.06,0.27,0.9434,13.2511,0
2284.0,44.0,66,18.3,30.7607,36.2,24.1,4.8,0.33,0.67,0.0,0.12,0.9663,12.7248,0
2240.0,-44.0,66,14.9,27.4092,25.7,22.9,2.4,0.35,0.59,0.0,0.09,0.9796,13.0894,0
1983.0,-1.0,33,102.9,211.8664,9.7,143.5,0.0,0.36,0.64,0.12,0.3,0.905,13.8911,0
1984.0,1.0,32,73.2,183.2215,6.1,99.5,0.0,0.59,0.84,0.09,0.19,0.9607,14.9609,0
1790.0,-1.0,30,66.4,78.0162,29.8,84.8,0.0,0.33,0.63,0.07,0.37,0.9679,15.3714,0
1791.0,1.0,29,40.0,79.6764,23.6,47.4,0.0,0.52,0.79,0.07,0.17,0.963,13.9412,0
2333.0,40.0,63,69.9,185.8746,16.7,54.9,112.7,0.4,0.62,0.06,0.19,0.937,13.1859,0
2293.0,-40.0,62,67.8,149.1198,14.1,61.5,97.0,0.35,0.69,0.1,0.18,0.9531,10.6005,0
1429.0,-2.0,25,54.4,62.8755,45.8,60.1,0.0,0.28,0.6,0.08,0.28,0.9546,14.7434,0
1431.0,2.0,24,96.6,143.6363,29.9,136.6,0.0,0.25,0.5,0.17,0.25,0.957,14.2977,0
1536.0,11.0,41,135.3,257.0247,140.8,134.4,108.0,0.37,0.59,0.15,0.29,0.9588,13.8881,0
1525.0,-11.0,40,157.5,256.4881,87.7,182.6,33.0,0.23,0.45,0.23,0.28,0.9316,12.3684,0
1351.0,11.0,42,87.8,190.814,18.1,116.9,0.0,0.24,0.64,0.1,0.24,0.96,13.1748,0
1340.0,-11.0,42,60.6,159.3841,21.9,78.2,0.0,0.45,0.6,0.05,0.21,0.9721,15.6203,0
1717.0,15.0,43,49.6,117.9863,24.3,59.3,37.3,0.37,0.6,0.05,0.16,0.954,14.7306,0
1702.0,-15.0,42,39.5,79.3849,14.3,46.8,42.3,0.36,0.57,0.02,0.19,0.9664,14.5081,0
794.0,2.0,14,102.3,204.4962,138.2,12.5,0.0,0.43,0.86,0.07,0.36,0.9525,15.384,0
792.0,-2.0,13,251.3,337.7066,243.6,268.8,0.0,0.31,0.54,0.31,0.46,0.8085,11.7338,0
2131.0,1.0,25,79.8,106.8013,59.1,93.5,0.0,0.48,0.72,0.12,0.4,0.8399,12.0112,0
2130.0,-1.0,24,63.0,95.0522,20.0,88.7,0.0,0.38,0.62,0.08,0.25,0.9625,16.1633,0
1292.0,-4.0,59,41.9,59.3169,37.1,49.8,31.9,0.47,0.69,0.05,0.2,0.9625,12.8046,0
1296.0,4.0,58,47.8,78.4821,24.6,44.1,64.6,0.47,0.64,0.05,0.22,0.9505,12.051,0
1897.0,-29.0,43,77.1,144.7883,26.9,71.7,298.7,0.26,0.53,0.05,0.47,0.9663,15.903,0
1926.0,29.0,42,93.2,196.3931,59.1,52.0,607.0,0.26,0.45,0.07,0.36,0.9422,14.8513,0
1702.0,-134.0,26,86.3,196.2098,39.2,115.8,0.0,0.31,0.54,0.08,0.31,0.9539,13.3444,0
1836.0,134.0,26,64.2,194.4245,10.6,92.6,0.0,0.54,0.81,0.04,0.15,0.9614,14.7386,0
2099.0,-37.0,35,32.4,42.7931,13.9,39.8,0.0,0.4,0.6,0.0,0.14,0.9495,13.9327,0
2136.0,37.0,35,18.8,25.5487,17.0,19.5,0.0,0.54,0.69,0.0,0.11,0.9225,13.0806,0
1993.0,4.0,31,65.7,113.6354,7.3,93.5,0.0,0.45,0.58,0.13,0.19,0.9627,15.6728,0
1989.0,-4.0,31,68.4,184.281,25.3,86.0,0.0,0.45,0.71,0.06,0.19,0.9653,14.8985,0
1461.0,-39.0,54,33.7,38.5413,25.7,31.3,44.4,0.2,0.7,0.02,0.19,0.9525,13.9416,0
1500.0,39.0,53,80.9,196.779,51.3,39.5,188.6,0.23,0.55,0.08,0.23,0.9596,12.1083,0
966.0,9.0,30,103.3,202.8709,32.8,138.5,0.0,0.37,0.7,0.17,0.2,0.9656,14.9607,0
957.0,-9.0,30,73.0,183.1955,23.3,94.3,0.0,0.43,0.67,0.07,0.27,0.9658,15.5093,0
1778.0,-34.0,44,139.1,291.5701,30.6,193.8,0.0,0.32,0.48,0.16,0.18,0.9607,15.455,0
1812.0,34.0,43,190.3,338.5746,79.0,249.0,0.0,0.3,0.67,0.21,0.21,0.9398,11.1378,0
1381.0,-29.0,18,109.3,146.4614,106.1,113.4,0.0,0.33,0.56,0.22,0.17,0.9574,14.2927,0
1410.0,29.0,18,89.2,169.6604,153.0,25.4,0.0,0.56,0.78,0.11,0.33,0.9567,14.3956,0
1971.0,55.0,57,73.6,188.2087,13.2,44.3,160.9,0.42,0.7,0.07,0.23,0.9499,12.7673,0
1916.0,-55.0,57,37.5,134.7747,19.3,29.0,60.7,0.47,0.72,0.04,0.12,0.9364,14.06,0
1464.0,66.0,31,65.3,80.6475,59.5,68.1,0.0,0.52,0.74,0.06,0.32,0.9581,15.0335,0
1398.0,-66.0,30,86.1,106.9544,46.8,102.9,0.0,0.3,0.53,0.2,0.23,0.9003,12.4825,0
2259.0,16.0,28,31.6,39.1242,10.0,43.6,0.0,0.39,0.64,0.0,0.18,0.9616,15.5928,0
2243.0,-16.0,27,44.6,103.7275,21.0,56.4,0.0,0.41,0.56,0.04,0.22,0.9646,15.3604,0
1353.0,-222.0,20,182.2,268.6025,99.5,264.9,0.0,0.2,0.35,0.25,0.3,0.9506,14.8728,0
1575.0,222.0,20,88.6,142.6591,77.4,97.7,0.0,0.3,0.6,0.2,0.1,0.9545,14.2363,0
2151.0,50.0,63,190.9,307.7696,18.3,215.9,233.4,0.3,0.48,0.24,0.3,0.9509,14.6172,0
2101.0,-50.0,63,198.3,315.6517,31.8,206.7,250.2,0.25,0.44,0.21,0.4,0.9377,11.7083,0
2211.0,-110.0,28,70.4,193.4728,30.7,92.4,0.0,0.39,0.79,0.11,0.07,0.9616,15.074,0
2321.0,110.0,27,100.3,201.7257,17.2,141.8,0.0,0.41,0.63,0.19,0.15,0.8484,12.4644,0
2056.0,-12.0,33,22.1,38.9597,23.8,21.4,0.0,0.48,0.85,0.0,0.15,0.9551,13.4778,0
2068.0,12.0,32,32.7,41.9064,16.4,39.1,0.0,0.5,0.69,0.0,0.28,0.9653,14.9735,0
2048.0,36.0,19,28.5,46.0294,13.3,45.3,0.0,0.37,0.84,0.0,0.16,0.9583,15.5096,0
2012.0,-36.0,18,38.5,55.0874,18.0,59.0,0.0,0.39,0.61,0.06,0.17,0.9441,14.448,0
1708.0,-204.0,17,40.3,46.9212,18.1,72.0,0.0,0.47,0.59,0.0,0.29,0.9568,15.2531,0
1912.0,204.0,16,10.2,13.8189,9.7,10.9,0.0,0.5,0.81,0.0,0.0,0.9627,15.5125,0
2251.0,-90.0,43,70.6,101.4458,61.2,53.7,271.0,0.3,0.47,0.07,0.4,0.9675,15.4488,0
2341.0,90.0,43,58.5,78.4357,10.2,53.8,202.2,0.26,0.51,0.02,0.37,0.9597,15.5439,0
1563.0,-244.0,9,153.8,320.5268,153.8,0.0,0.0,0.22,0.44,0.11,0.44,0.8446,12.9289,0
1807.0,244.0,9,91.4,111.333,91.4,0.0,0.0,0.22,0.33,0.11,0.44,0.9601,15.8504,0
2347.0,6.0,28,23.8,30.4615,22.2,24.6,0.0,0.36,0.75,0.0,0.21,0.9599,15.3674,0
2341.0,-6.0,27,43.8,92.8014,17.8,56.8,0.0,0.33,0.67,0.04,0.15,0.9223,13.7596,0
1756.0,4.0,32,75.1,114.9054,68.4,78.1,0.0,0.25,0.59,0.06,0.47,0.9606,14.9672,0
1752.0,-4.0,31,86.6,147.7064,71.8,92.7,0.0,0.29,0.55,0.13,0.26,0.9656,13.849,0
1887.0,-100.0,73,37.3,85.5464,16.9,20.1,59.1,0.34,0.79,0.04,0.11,0.9441,12.8211,0
1987.0,100.0,72,64.6,172.3929,6.9,16.5,124.2,0.36,0.69,0.1,0.12,0.9446,12.3113,0
1551.0,6.0,13,50.0,87.2926,25.1,133.0,0.0,0.08,0.46,0.08,0.15,0.9502,14.5458,0
1545.0,-6.0,12,82.7,129.4578,26.6,251.0,0.0,0.17,0.42,0.17,0.25,0.9526,15.3155,0
1696.0,149.0,35,78.6,96.7709,25.9,99.7,0.0,0.26,0.49,0.11,0.43,0.9657,15.5499,0
1547.0,-149.0,34,77.1,102.8877,27.0,95.1,0.0,0.35,0.56,0.12,0.32,0.959,15.1281,0
1850.0,-36.0,32,102.4,189.419,80.3,112.5,0.0,0.31,0.44,0.12,0.34,0.9199,12.7599,0
1886.0,36.0,32,75.9,182.4296,55.0,84.0,0.0,0.41,0.62,0.09,0.25,0.9674,14.8074,0
1560.0,-256.0,54,72.3,124.6057,29.9,71.2,104.9,0.24,0.57,0.09,0.3,0.9488,13.9033,0
1816.0,256.0,53,59.5,91.4706,26.2,90.3,14.8,0.45,0.68,0.08,0.28,0.9555,14.2338,0
1426.0,-52.0,58,60.4,134.7938,51.5,77.3,37.3,0.33,0.62,0.02,0.34,0.9572,15.107,0
1478.0,52.0,58,66.9,140.5648,31.8,93.2,41.9,0.38,0.66,0.07,0.29,0.9661,12.3754,0
1556.0,-19.0,35,84.5,178.3076,20.6,110.0,0.0,0.31,0.54,0.06,0.34,0.91,14.0412,0
1575.0,19.0,35,32.2,44.0811,7.1,40.8,0.0,0.37,0.71,0.0,0.31,0.9602,15.3825,0
1719.0,-51.0,34,58.3,73.3333,15.7,76.0,0.0,0.41,0.62,0.06,0.35,0.9664,14.9424,0
1770.0,51.0,33,108.7,192.7046,16.3,143.4,0.0,0.27,0.55,0.18,0.24,0.9692,15.4934,0
1735.0,9.0,34,99.2,191.0625,7.0,137.6,0.0,0.38,0.71,0.18,0.24,0.9718,15.4745,0
1726.0,-9.0,34,167.1,288.7205,15.1,221.8,0.0,0.24,0.62,0.24,0.24,0.9627,15.2852,0
1574.0,-58.0,47,84.6,169.8124,111.8,55.9,168.7,0.38,0.72,0.11,0.28,0.945,13.3036,0
1632.0,58.0,46,95.4,201.6913,73.3,80.8,186.6,0.52,0.74,0.11,0.22,0.8954,12.7897,0
849.0,-58.0,34,42.8,58.5835,44.3,42.2,0.0,0.35,0.56,0.03,0.24,0.9566,14.0238,0
907.0,58.0,34,19.2,24.7257,11.4,22.0,0.0,0.38,0.74,0.0,0.09,0.9603,14.798,0
1488.0,6.0,55,45.1,68.6722,13.5,52.8,50.6,0.29,0.55,0.04,0.2,0.9557,13.5274,0
1482.0,-6.0,55,46.2,136.7508,10.3,35.9,85.9,0.38,0.71,0.02,0.2,0.9493,14.1807,0
1406.0,-45.0,29,55.0,70.1565,21.1,72.8,0.0,0.38,0.55,0.03,0.34,0.9583,14.5721,0
1451.0,45.0,28,93.1,200.5542,29.3,123.3,0.0,0.39,0.57,0.11,0.29,0.9639,14.8945,0
1834.0,-124.0,24,51.5,88.7875,23.2,71.8,0.0,0.29,0.42,0.08,0.12,0.9554,14.96,0
1958.0,124.0,23,84.4,209.075,18.9,126.6,0.0,0.3,0.65,0.09,0.17,0.9607,15.4838,0
1756.0,-118.0,8,44.6,47.2801,44.6,0.0,0.0,0.25,0.75,0.0,0.38,0.9561,15.1778,0
1874.0,118.0,8,11.5,16.0089,11.5,0.0,0.0,0.75,1.0,0.0,0.0,0.9561,15.1298,0
1865.0,14.0,47,51.9,60.6267,27.5,61.9,43.9,0.28,0.6,0.04,0.3,0.9499,14.5585,0
1851.0,-14.0,46,53.1,80.4819,24.0,47.2,115.9,0.28,0.63,0.07,0.28,0.9449,14.3528,0
2056.0,98.0,40,73.4,128.8692,34.5,86.4,0.0,0.28,0.47,0.07,0.4,0.9454,14.2375,0
1958.0,-98.0,39,44.8,84.5926,29.8,49.3,0.0,0.41,0.72,0.05,0.21,0.9679,13.4386,0
1510.0,-45.0,41,45.3,52.6918,35.8,50.0,0.0,0.27,0.56,0.02,0.34,0.9522,14.3227,0
1555.0,45.0,40,55.9,139.3554,23.3,65.8,51.0,0.38,0.62,0.03,0.25,0.9667,14.8126,0
2718.0,-149.0,51,35.8,52.3433,17.7,37.8,47.0,0.41,0.75,0.02,0.22,0.9282,11.8413,0
2867.0,149.0,51,26.5,72.2461,17.7,14.4,63.1,0.53,0.76,0.02,0.06,0.9595,13.7615,0
1404.0,58.0,30,43.6,57.4569,34.9,47.9,0.0,0.47,0.73,0.03,0.37,0.9626,15.5741,0
1346.0,-58.0,29,96.8,193.8718,77.8,105.4,0.0,0.31,0.62,0.14,0.24,0.959,14.4818,0
1700.0,75.0,42,114.1,182.2931,35.2,145.5,39.0,0.26,0.6,0.19,0.24,0.9552,15.0242,0
1625.0,-75.0,42,118.8,183.2114,49.4,143.9,76.3,0.29,0.48,0.24,0.17,0.9547,14.7117,0
2125.0,-14.0,36,92.0,179.6821,18.3,120.3,0.0,0.33,0.69,0.11,0.31,0.9694,14.71,0
2139.0,14.0,36,32.2,69.0109,20.8,36.0,0.0,0.44,0.78,0.06,0.11,0.9585,15.0173,0
1786.0,26.0,38,30.8,43.9647,42.0,26.9,0.0,0.39,0.74,0.0,0.24,0.9274,13.9416,0
1760.0,-26.0,37,68.1,169.1809,45.9,75.2,0.0,0.38,0.54,0.05,0.27,0.9676,14.108,0
2027.0,-45.0,37,93.3,178.6548,75.9,99.7,0.0,0.41,0.62,0.08,0.35,0.9351,13.3955,0
2072.0,45.0,37,66.0,165.2294,28.3,78.1,0.0,0.41,0.76,0.03,0.3,0.9665,15.3356,0
1365.0,75.0,9,46.4,86.5045,46.4,0.0,0.0,0.56,0.89,0.11,0.11,0.9509,14.4379,0
1290.0,-75.0,8,83.0,134.3769,83.0,0.0,0.0,0.38,0.62,0.25,0.0,0.957,14.0649,0
1746.0,-56.0,39,116.0,263.3729,24.7,147.4,0.0,0.26,0.54,0.1,0.28,0.9309,13.9576,0
1802.0,56.0,39,71.3,175.5374,21.4,86.3,0.0,0.38,0.69,0.1,0.1,0.9541,14.5944,0
1612.0,41.0,42,42.1,53.8049,13.1,47.3,109.0,0.38,0.55,0.05,0.21,0.9528,13.1708,0
1571.0,-41.0,42,43.2,68.7953,9.4,47.1,105.3,0.43,0.71,0.05,0.24,0.942,13.057,0
951.0,-43.0,44,132.7,270.8384,46.8,79.6,745.8,0.36,0.57,0.11,0.36,0.9652,13.9564,0
994.0,43.0,44,96.3,216.9617,82.0,82.6,204.4,0.41,0.7,0.11,0.27,0.9608,11.7214,0
1821.0,3.0,40,58.2,88.7547,25.0,69.3,0.0,0.3,0.6,0.12,0.17,0.9583,14.1908,0
1818.0,-3.0,39,73.6,129.478,16.0,90.9,0.0,0.33,0.56,0.13,0.21,0.9507,13.8765,0
2073.0,-76.0,36,106.0,208.8098,74.4,118.1,0.0,0.22,0.42,0.14,0.17,0.9648,15.7799,0
2149.0,76.0,36,79.1,129.9015,87.1,76.5,0.0,0.33,0.53,0.14,0.22,0.9607,14.5869,0
1616.0,28.0,60,64.0,182.9012,17.9,36.7,128.0,0.42,0.7,0.07,0.15,0.9426,12.86,0
1588.0,-28.0,59,72.2,185.3693,14.2,46.7,136.7,0.32,0.56,0.07,0.2,0.9525,12.8349,0
1515.0,12.0,26,46.5,60.4518,27.8,58.1,0.0,0.38,0.73,0.04,0.27,0.961,14.7593,0
1503.0,-12.0,25,74.5,137.8744,70.4,76.8,0.0,0.36,0.64,0.12,0.16,0.9547,15.2425,0
1840.0,-4.0,28,30.3,46.9137,17.2,37.6,0.0,0.46,0.82,0.04,0.14,0.9567,15.0142,0
1844.0,4.0,27,71.3,197.943,23.0,95.4,0.0,0.19,0.59,0.07,0.15,0.9655,14.0903,0
2200.0,24.0,11,35.6,68.8117,39.2,0.0,0.0,0.55,0.82,0.0,0.18,0.9578,15.7367,0
2176.0,-24.0,10,106.5,314.213,118.3,0.0,0.0,0.6,0.9,0.1,0.0,0.7195,8.6999,0
1464.0,-2.0,12,78.6,99.5266,40.3,270.0,0.0,0.08,0.17,0.17,0.33,0.9518,14.5813,0
1466.0,2.0,11,26.1,20.2951,25.9,27.0,0.0,0.36,0.73,0.0,0.18,0.9543,14.4892,0
2101.0,50.0,41,25.3,27.3215,25.3,26.1,0.0,0.44,0.68,0.0,0.2,0.9762,15.1408,0
2051.0,-50.0,40,89.2,220.6403,11.3,115.5,0.0,0.4,0.62,0.07,0.25,0.9428,14.1618,0
1084.0,27.0,26,59.6,70.9761,32.9,76.3,0.0,0.23,0.46,0.08,0.27,0.9538,14.6649,0
1057.0,-27.0,25,96.9,194.2924,45.1,126.0,0.0,0.28,0.48,0.04,0.44,0.9543,13.3421,0
1665.0,112.0,57,89.4,216.2459,30.6,114.8,79.3,0.26,0.47,0.11,0.19,0.9762,14.602,0
1553.0,-112.0,56,97.9,234.8639,28.4,107.2,118.4,0.29,0.7,0.16,0.09,0.9107,9.6734,0
1932.0,41.0,40,62.1,77.9503,32.5,72.0,0.0,0.17,0.53,0.03,0.33,0.9639,15.0551,0
1891.0,-41.0,40,44.5,52.2327,22.2,52.7,0.0,0.33,0.57,0.03,0.35,0.9659,15.5794,0
1758.0,9.0,31,82.3,187.2382,45.7,99.7,0.0,0.32,0.68,0.1,0.26,0.9624,15.0139,0
1749.0,-9.0,31,111.4,210.3972,93.0,118.9,0.0,0.39,0.71,0.16,0.16,0.9325,10.5395,0
1899.0,-3.0,38,53.7,164.5819,13.4,68.1,0.0,0.58,0.76,0.05,0.13,0.9662,15.4228,0
1902.0,3.0,37,110.6,238.1616,23.6,138.6,0.0,0.38,0.59,0.11,0.24,0.8602,11.5093,0
1928.0,69.0,41,100.6,216.9222,29.0,94.5,1000.0,0.22,0.46,0.12,0.27,0.9695,14.8872,0
1859.0,-69.0,41,59.1,155.6799,24.4,40.2,500.0,0.39,0.61,0.02,0.27,0.9602,15.1731,0
1953.0,16.0,39,54.8,97.0315,43.1,58.8,0.0,0.36,0.59,0.05,0.23,0.9582,14.7884,0
1937.0,-16.0,39,63.0,160.832,37.2,70.7,0.0,0.33,0.64,0.08,0.13,0.9583,14.8396,0
1627.0,-26.0,15,102.5,134.8024,77.1,153.4,0.0,0.2,0.53,0.2,0.2,0.9493,14.1573,0
1653.0,26.0,15,33.3,43.0921,36.9,27.8,0.0,0.47,0.73,0.0,0.2,0.9633,16.1272,0
1909.0,9.0,18,14.3,12.9161,15.6,12.8,0.0,0.33,0.39,0.0,0.0,0.9617,15.6432,0
1900.0,-9.0,17,48.7,148.2358,15.2,86.4,0.0,0.41,0.71,0.06,0.0,0.9471,14.6501,0
1765.0,-4.0,24,56.0,121.8802,42.8,65.4,0.0,0.42,0.62,0.04,0.25,0.9606,14.9896,0
1769.0,4.0,24,83.7,161.4132,31.4,115.0,0.0,0.42,0.62,0.12,0.21,0.96,15.5281,0
1014.0,69.0,35,52.3,123.8587,31.4,60.6,0.0,0.43,0.66,0.06,0.17,0.965,14.9344,0
945.0,-69.0,34,88.5,225.0623,28.3,110.1,0.0,0.38,0.59,0.09,0.18,0.9316,14.3163,0
2010.0,-35.0,25,36.2,41.8227,32.2,38.8,0.0,0.48,0.68,0.0,0.28,0.9609,13.3838,0
2045.0,35.0,25,58.0,64.4231,62.2,55.6,0.0,0.28,0.44,0.08,0.32,0.8758,13.2373,0
2405.0,22.0,31,63.3,182.5396,21.4,83.3,0.0,0.52,0.77,0.03,0.19,0.9696,15.8235,0
2383.0,-22.0,30,112.9,246.295,33.3,147.0,0.0,0.33,0.5,0.07,0.37,0.8898,13.3346,0
1070.0,47.0,34,41.3,80.9911,43.7,40.3,0.0,0.32,0.68,0.06,0.18,0.964,15.7302,0
1023.0,-47.0,33,109.2,246.4611,74.1,122.3,0.0,0.48,0.61,0.12,0.24,0.8071,12.1519,0
2238.0,-9.0,22,40.0,52.5198,17.3,58.8,0.0,0.14,0.73,0.0,0.27,0.9607,14.8578,0
2247.0,9.0,21,20.0,34.0786,5.8,30.6,0.0,0.48,0.67,0.0,0.14,0.9627,15.3901,0
1639.0,-25.0,12,54.4,108.0904,65.3,0.0,0.0,0.67,0.83,0.17,0.08,0.9573,14.6138,0
1664.0,25.0,11,190.6,300.1997,121.9,500.0,0.0,0.09,0.27,0.27,0.36,0.8686,13.3767,0
1627.0,-10.0,23,36.8,56.0827,4.3,61.8,0.0,0.39,0.65,0.0,0.26,0.9616,15.6183,0
1637.0,10.0,22,65.5,209.9748,16.1,99.8,0.0,0.41,0.73,0.05,0.18,0.9649,15.2649,0
1099.0,95.0,24,110.7,228.6869,35.5,164.4,0.0,0.25,0.46,0.08,0.29,0.9661,15.8026,0
1004.0,-95.0,24,84.2,184.36,26.7,118.7,0.0,0.46,0.67,0.12,0.21,0.9546,15.0638,0
2839.0,-5.0,41,63.7,155.6493,36.5,41.6,1000.0,0.39,0.63,0.02,0.32,0.9522,13.0117,0
2844.0,5.0,41,26.8,32.4491,42.3,24.0,0.0,0.59,0.73,0.0,0.24,0.9623,15.5,0
1567.0,7.0,26,68.2,97.0692,29.5,92.4,0.0,0.31,0.62,0.12,0.35,0.9528,15.2485,0
1560.0,-7.0,25,90.5,133.6813,7.0,137.4,0.0,0.32,0.56,0.2,0.28,0.9555,14.276,0
1244.0,49.0,49,95.3,159.6521,42.4,89.9,172.1,0.29,0.41,0.12,0.35,0.916,12.2514,0
1195.0,-49.0,49,58.1,146.8595,37.2,46.6,111.4,0.33,0.63,0.04,0.24,0.9598,15.541,0
1918.0,5.0,15,99.2,256.6552,27.8,242.0,0.0,0.53,0.73,0.13,0.2,0.8774,12.8073,0
1913.0,-5.0,15,30.6,37.1249,31.7,29.0,0.0,0.27,0.87,0.0,0.13,0.9535,14.9645,0
1271.0,27.0,9,114.7,182.9317,114.7,0.0,0.0,0.44,0.56,0.22,0.22,0.9532,14.1892,0
1244.0,-27.0,9,40.4,44.8752,40.4,0.0,0.0,0.22,0.56,0.0,0.22,0.9571,15.6943,0
2295.0,96.0,33,18.8,47.0572,8.3,23.3,0.0,0.55,0.85,0.03,0.03,0.9375,15.3212,0
2199.0,-96.0,32,80.2,181.1907,9.3,108.0,0.0,0.31,0.62,0.12,0.25,0.9625,14.5082,0
1911.0,-8.0,31,72.5,126.2128,7.7,103.4,0.0,0.45,0.74,0.13,0.16,0.9605,15.4747,0
1919.0,8.0,30,105.7,209.2785,19.3,142.7,0.0,0.2,0.5,0.13,0.27,0.9639,14.2822,0
1428.0,-9.0,19,96.7,114.7455,109.5,82.6,0.0,0.42,0.53,0.21,0.26,0.958,14.8963,0
1437.0,9.0,19,133.5,117.031,85.3,176.9,0.0,0.11,0.37,0.32,0.42,0.9601,15.4231,0
1544.0,13.0,43,45.8,55.6318,24.1,54.5,31.0,0.21,0.63,0.02,0.33,0.9681,14.8596,0
1531.0,-13.0,42,81.2,159.1246,44.6,66.0,342.3,0.21,0.48,0.1,0.29,0.9689,13.8159,0
2137.0,-61.0,64,91.9,179.492,70.8,47.5,156.1,0.39,0.75,0.14,0.27,0.9625,12.1565,0
2198.0,61.0,64,115.1,227.9865,87.6,74.2,174.0,0.47,0.73,0.16,0.23,0.9412,12.2453,0
2566.0,12.0,30,39.1,55.7915,29.4,43.9,0.0,0.33,0.77,0.03,0.23,0.957,14.8506,0
2554.0,-12.0,30,87.8,193.2134,31.4,112.0,0.0,0.33,0.7,0.07,0.3,0.966,15.4616,0
1162.0,8.0,28,74.2,190.379,39.3,93.6,0.0,0.39,0.61,0.07,0.21,0.9609,14.8427,0
1154.0,-8.0,27,129.9,270.2285,35.8,176.9,0.0,0.3,0.59,0.11,0.22,0.945,13.7466,0
1221.0,-29.0,37,97.1,223.3664,68.2,107.7,0.0,0.24,0.49,0.05,0.38,0.9572,14.9631,0
1250.0,29.0,36,104.4,168.7519,99.9,105.9,0.0,0.17,0.36,0.06,0.53,0.8847,11.7599,0
2258.0,93.0,27,26.1,31.5496,22.3,28.3,0.0,0.41,0.74,0.0,0.22,0.9606,15.3097,0
2165.0,-93.0,26,55.7,101.1774,58.4,54.2,0.0,0.5,0.65,0.08,0.23,0.8807,12.0241,0
1003.0,22.0,20,31.1,39.7808,23.1,39.1,0.0,0.45,0.6,0.0,0.35,0.9596,15.8793,0
981.0,-22.0,19,75.1,95.1977,29.8,115.8,0.0,0.21,0.32,0.11,0.26,0.9623,14.6153,0
1904.0,30.0,22,24.5,25.0309,26.0,23.2,0.0,0.5,0.64,0.0,0.18,0.9611,15.8944,0
1874.0,-30.0,22,50.9,132.3656,10.7,78.8,0.0,0.23,0.73,0.05,0.09,0.956,13.5853,0
1656.0,40.0,19,17.4,24.6762,11.4,24.0,0.0,0.53,0.79,0.0,0.05,0.9588,15.3069,0
1616.0,-40.0,18,44.4,72.6225,16.8,72.1,0.0,0.22,0.72,0.06,0.28,0.9606,15.682,0
1969.0,0.0,31,79.2,181.7341,22.0,106.4,0.0,0.42,0.77,0.06,0.29,0.962,15.4135,0
1969.0,0.0,30,106.7,251.5899,32.8,138.4,0.0,0.47,0.6,0.1,0.2,0.8988,12.5403,0
1742.0,-11.0,38,40.4,61.5167,13.1,50.2,0.0,0.37,0.61,0.03,0.24,0.9666,15.2038,0
1753.0,11.0,37,80.1,190.8289,8.3,103.1,0.0,0.35,0.57,0.08,0.3,0.9657,14.5929,0
1623.0,-27.0,45,35.5,42.1931,23.0,45.1,2.4,0.42,0.62,0.0,0.27,0.9443,12.7577,0
1650.0,27.0,44,56.6,81.9748,25.6,60.3,90.4,0.34,0.61,0.05,0.27,0.9564,13.072,0
1204.0,40.0,33,104.0,184.5041,26.7,137.6,0.0,0.36,0.58,0.12,0.33,0.9643,15.025,0
1164.0,-40.0,32,139.7,267.0317,75.3,164.8,0.0,0.44,0.66,0.22,0.16,0.8943,13.1233,0
1188.0,-58.0,11,40.5,65.2187,25.7,189.0,0.0,0.55,0.64,0.0,0.18,0.9516,15.0689,0
1246.0,58.0,10,58.0,77.1578,58.2,56.0,0.0,0.3,0.7,0.1,0.3,0.9523,14.6929,0
2197.0,8.0,31,89.2,246.6965,19.0,122.6,0.0,0.42,0.74,0.06,0.16,0.9639,15.4964,0
2189.0,-8.0,30,64.0,189.2528,26.8,80.0,0.0,0.53,0.77,0.07,0.1,0.8303,12.3368,0
1560.0,-28.0,27,58.4,100.7611,23.4,79.0,0.0,0.52,0.74,0.11,0.19,0.9682,15.6992,0
1588.0,28.0,26,133.8,278.8003,44.6,181.1,0.0,0.42,0.69,0.12,0.27,0.9225,12.3605,0
853.0,45.0,23,169.8,290.0053,107.8,217.5,0.0,0.3,0.61,0.17,0.43,0.9473,14.3696,0
808.0,-45.0,23,162.5,284.1205,44.8,238.1,0.0,0.22,0.52,0.17,0.35,0.9683,15.9768,0
1916.0,70.0,64,38.6,76.5568,24.3,59.2,18.8,0.44,0.72,0.05,0.14,0.9461,12.6753,0
1846.0,-70.0,63,57.9,138.4785,21.4,65.5,62.0,0.44,0.63,0.06,0.21,0.9362,12.0358,0
1429.0,-134.0,32,92.0,166.613,17.6,125.8,0.0,0.41,0.62,0.19,0.19,0.9509,13.5099,0
1563.0,134.0,31,66.1,195.6845,7.3,90.1,0.0,0.61,0.74,0.1,0.06,0.9263,14.0908,0
2034.0,8.0,47,70.4,143.0405,71.4,85.1,6.3,0.4,0.62,0.09,0.23,0.9706,13.4513,0
2026.0,-8.0,46,70.8,147.5911,69.1,86.2,6.6,0.41,0.72,0.09,0.15,0.971,14.9023,0
2625.0,42.0,38,53.5,88.0506,24.8,63.8,0.0,0.45,0.71,0.05,0.29,0.9177,12.8568,0
2583.0,-42.0,38,29.5,31.6038,42.3,25.6,0.0,0.45,0.74,0.0,0.24,0.9591,14.5948,0
1651.0,25.0,27,28.3,36.0754,24.4,30.5,0.0,0.59,0.67,0.0,0.19,0.9634,15.4536,0
1626.0,-25.0,26,51.9,77.1245,30.8,63.1,0.0,0.19,0.38,0.04,0.23,0.9587,14.5235,0
2073.0,98.0,8,131.4,100.3593,131.4,0.0,0.0,0.0,0.12,0.25,0.62,0.9458,12.9741,0
1975.0,-98.0,8,46.8,64.9214,46.8,0.0,0.0,0.25,0.38,0.0,0.25,0.9553,14.7705,0
1354.0,-11.0,21,23.3,36.8678,12.0,33.6,0.0,0.38,0.76,0.0,0.14,0.9575,14.9296,0
1365.0,11.0,20,58.9,120.168,9.1,99.5,0.0,0.35,0.65,0.1,0.2,0.9569,14.8951,0
1729.0,-2.0,82,24.4,46.8526,32.3,29.9,18.6,0.35,0.67,0.01,0.16,0.9654,12.209,0
1731.0,2.0,82,16.5,43.11,28.6,30.9,3.9,0.46,0.8,0.01,0.07,0.9448,11.839,0
1625.0,37.0,43,50.3,83.8351,61.8,46.5,50.3,0.37,0.7,0.07,0.19,0.9456,13.0404,0
1588.0,-37.0,43,40.7,68.8892,25.1,49.4,10.8,0.58,0.72,0.02,0.23,0.9592,13.9092,0
1192.0,-32.0,41,107.8,198.8808,27.6,138.1,0.0,0.34,0.59,0.12,0.32,0.9325,13.32,0
1224.0,32.0,41,63.1,146.7328,20.0,80.3,0.0,0.37,0.73,0.07,0.15,0.9622,15.0125,0
754.0,-58.0,38,113.4,234.39,88.1,122.4,0.0,0.34,0.55,0.08,0.39,0.963,13.799,0
812.0,58.0,37,140.8,255.2272,89.6,157.3,0.0,0.32,0.59,0.16,0.27,0.9033,13.5243,0
1543.0,-52.0,31,63.9,95.1355,51.6,69.8,0.0,0.42,0.61,0.1,0.23,0.9569,14.3048,0
1595.0,52.0,31,52.7,103.7574,37.9,58.8,0.0,0.52,0.77,0.1,0.16,0.9514,14.5439,0
1932.0,28.0,37,60.7,162.115,17.3,76.7,0.0,0.43,0.65,0.03,0.24,0.9666,14.4333,0
1904.0,-28.0,37,46.5,83.2935,16.7,56.1,0.0,0.38,0.76,0.08,0.19,0.9605,15.3885,0
2393.0,-18.0,41,82.8,130.5138,21.2,105.7,14.0,0.22,0.56,0.15,0.17,0.9473,14.3563,0
2411.0,18.0,40,66.6,130.1379,32.8,79.0,0.0,0.5,0.72,0.07,0.23,0.9405,12.3847,0
1606.0,-3.0,60,112.5,222.7599,115.1,72.1,171.8,0.3,0.58,0.12,0.32,0.9663,14.2058,0
1609.0,3.0,59,86.1,184.4199,76.3,77.8,102.9,0.25,0.51,0.08,0.27,0.9563,13.0614,0
1285.0,30.0,39,27.6,71.8777,13.1,32.6,0.0,0.46,0.67,0.05,0.03,0.9136,13.0538,0
1255.0,-30.0,39,27.2,87.4713,5.2,33.8,0.0,0.49,0.69,0.05,0.03,0.8757,12.1903,0
2147.0,60.0,35,66.4,76.916,22.9,83.8,0.0,0.23,0.66,0.06,0.4,0.9693,15.2822,0
2087.0,-60.0,34,74.6,69.2251,31.2,90.3,0.0,0.29,0.5,0.03,0.44,0.9657,15.2279,0
1412.0,9.0,32,189.4,341.1652,11.6,270.2,0.0,0.25,0.5,0.19,0.22,0.9652,13.8316,0
1403.0,-9.0,32,126.6,290.5482,18.6,168.8,0.0,0.25,0.56,0.12,0.12,0.9584,14.1942,0
1514.0,19.0,29,48.7,54.3509,64.7,40.2,0.0,0.31,0.69,0.0,0.34,0.9652,14.4078,0
1495.0,-19.0,28,68.6,124.9653,62.3,71.6,0.0,0.29,0.32,0.04,0.43,0.9618,15.4486,0
2085.0,-24.0,30,54.1,97.3884,25.7,68.3,0.0,0.5,0.77,0.1,0.13,0.96,13.848,0
2109.0,24.0,29,71.2,188.9298,14.0,97.0,0.0,0.41,0.69,0.07,0.14,0.9644,15.7356,0
1058.0,-281.0,19,80.2,178.113,11.3,156.7,0.0,0.37,0.63,0.11,0.26,0.9512,14.9523,0
1339.0,281.0,19,22.3,27.5113,10.1,33.2,0.0,0.42,0.68,0.0,0.16,0.9561,14.4583,0
1646.0,-9.0,22,24.1,29.4261,22.9,25.1,0.0,0.27,0.68,0.0,0.18,0.9643,16.0567,0
1655.0,9.0,21,55.3,135.963,13.1,87.0,0.0,0.43,0.81,0.05,0.14,0.9585,14.9467,0
1027.0,31.0,26,36.5,52.3215,53.1,26.1,0.0,0.38,0.77,0.04,0.23,0.9154,14.6311,0
996.0,-31.0,25,110.8,206.6279,85.7,124.9,0.0,0.32,0.48,0.12,0.4,0.9653,12.941,0
1855.0,-14.0,85,26.7,62.3678,10.1,53.1,12.7,0.4,0.72,0.04,0.09,0.9642,12.9031,0
1869.0,14.0,84,50.0,125.6026,29.7,45.1,57.2,0.38,0.63,0.06,0.12,0.9389,12.5119,0
1922.0,4.0,63,45.8,134.6504,23.9,42.2,60.1,0.43,0.68,0.03,0.21,0.9522,14.0918,0
1918.0,-4.0,62,44.9,108.5925,24.7,26.6,76.8,0.31,0.63,0.05,0.21,0.9605,12.062,0
2128.0,21.0,20,81.8,222.1751,12.4,151.1,0.0,0.35,0.55,0.05,0.15,0.9545,14.4278,0
2107.0,-21.0,20,18.1,40.3502,16.8,19.3,0.0,0.45,0.65,0.0,0.05,0.9569,16.0323,0
2068.0,19.0,20,50.2,83.9974,25.6,74.9,0.0,0.4,0.6,0.1,0.2,0.9559,12.576,0
2049.0,-19.0,19,21.5,44.8954,31.3,12.6,0.0,0.53,0.79,0.0,0.11,0.9585,15.2085,0
1543.0,-26.0,29,95.9,214.1987,18.0,136.9,0.0,0.38,0.62,0.14,0.14,0.958,14.7296,0
1569.0,26.0,29,80.4,185.7738,20.7,107.2,0.0,0.41,0.69,0.07,0.31,0.9269,13.9277,0
2021.0,86.0,48,41.4,60.6621,33.4,34.7,76.1,0.42,0.67,0.02,0.27,0.9142,13.0068,0
1935.0,-86.0,47,53.2,80.6962,30.0,41.8,122.0,0.36,0.6,0.04,0.3,0.9195,12.9666,0
1224.0,42.0,39,113.2,218.9697,19.3,145.5,0.0,0.18,0.46,0.13,0.38,0.94,15.1269,0
1182.0,-42.0,39,74.9,165.4415,26.0,89.5,0.0,0.36,0.67,0.08,0.31,0.9655,14.5967,0
1790.0,-49.0,32,89.1,194.0748,18.8,121.0,0.0,0.31,0.56,0.12,0.22,0.9587,13.139,0
1839.0,49.0,32,45.2,80.0625,10.1,59.0,0.0,0.28,0.69,0.06,0.16,0.9504,15.0837,0
1066.0,362.0,30,25.7,29.6696,31.5,22.8,0.0,0.47,0.73,0.0,0.2,0.9592,15.982,0
704.0,-362.0,29,102.8,191.7999,90.1,108.5,0.0,0.21,0.38,0.07,0.45,0.9238,10.7056,0
840.0,-66.0,33,76.6,177.0911,7.2,106.8,0.0,0.27,0.52,0.06,0.21,0.9652,14.8326,0
906.0,66.0,33,26.7,43.0178,2.3,35.8,0.0,0.45,0.79,0.0,0.18,0.9647,15.0848,0
2074.0,-133.0,34,93.9,246.0503,11.6,128.1,0.0,0.38,0.74,0.12,0.06,0.9388,13.1522,0
2207.0,133.0,34,80.7,237.3447,15.9,104.0,0.0,0.56,0.74,0.09,0.09,0.9649,15.8517,0
1292.0,37.0,37,93.5,168.4896,37.2,114.4,0.0,0.27,0.51,0.08,0.38,0.9546,14.3473,0
1255.0,-37.0,37,81.2,169.8944,26.6,98.8,0.0,0.43,0.65,0.05,0.38,0.9656,13.6516,0
1045.0,-74.0,31,66.3,90.5105,71.2,64.0,0.0,0.29,0.65,0.06,0.39,0.9593,13.9748,0
1119.0,74.0,31,37.3,49.8233,62.4,27.0,0.0,0.29,0.68,0.0,0.19,0.9596,15.3601,0
1500.0,338.0,70,68.2,176.5851,27.4,47.5,102.6,0.4,0.64,0.06,0.19,0.9741,12.5096,0
1162.0,-338.0,69,80.3,174.6506,13.3,59.9,120.8,0.33,0.62,0.09,0.32,0.9525,12.4896,0
1550.0,8.0,12,22.3,29.1621,24.1,13.5,0.0,0.5,0.83,0.0,0.17,0.949,14.5477,0
1542.0,-8.0,11,100.8,149.1434,78.1,203.0,0.0,0.27,0.55,0.18,0.18,0.9635,13.5264,0
2366.0,46.0,42,90.3,127.9306,37.0,109.2,72.0,0.48,0.67,0.17,0.29,0.9658,14.8335,0
2320.0,-46.0,41,82.9,130.8634,44.4,96.5,53.0,0.29,0.66,0.1,0.27,0.954,14.7848,0
1368.0,-19.0,29,223.8,332.3805,102.4,287.7,0.0,0.03,0.31,0.31,0.34,0.954,13.3834,0
1387.0,19.0,29,83.5,194.8752,66.0,91.3,0.0,0.38,0.72,0.1,0.24,0.9574,15.4443,0
1466.0,-7.0,30,88.7,144.8082,12.9,126.5,0.0,0.27,0.53,0.13,0.23,0.9717,15.3932,0
1473.0,7.0,30,89.8,162.9441,26.9,116.8,0.0,0.37,0.53,0.13,0.23,0.9614,14.9335,0
2207.0,37.0,34,37.1,47.8425,17.1,45.4,0.0,0.44,0.74,0.03,0.29,0.9585,14.6626,0
2170.0,-37.0,33,48.4,71.3871,11.2,62.3,0.0,0.33,0.64,0.03,0.27,0.9555,13.5144,0
1951.0,29.0,37,89.0,201.9144,13.4,117.0,0.0,0.43,0.73,0.14,0.08,0.9667,15.0525,0
1922.0,-29.0,37,54.3,118.483,12.1,67.9,0.0,0.46,0.73,0.08,0.08,0.9712,15.4914,0
1109.0,-80.0,32,39.2,63.614,42.2,37.8,0.0,0.44,0.72,0.06,0.06,0.925,14.5055,0
1189.0,80.0,31,108.5,190.8704,86.3,117.5,0.0,0.16,0.42,0.06,0.45,0.9439,12.9604,0
1300.0,102.0,24,54.2,74.9691,18.5,79.8,0.0,0.5,0.67,0.08,0.25,0.9655,14.7261,0
1198.0,-102.0,23,68.2,179.3804,31.7,91.6,0.0,0.52,0.7,0.09,0.09,0.9585,13.5586,0
984.0,-78.0,35,188.4,279.6099,45.2,245.6,0.0,0.2,0.49,0.26,0.29,0.9301,13.6864,0
1062.0,78.0,35,134.4,228.6415,79.4,153.4,0.0,0.34,0.69,0.23,0.29,0.9651,16.5422,0
1315.0,-372.0,23,79.4,122.7339,68.5,87.8,0.0,0.35,0.7,0.13,0.26,0.9568,15.4118,0
1687.0,372.0,23,39.3,69.0673,22.0,50.4,0.0,0.43,0.65,0.04,0.22,0.9523,13.8283,0
1774.0,42.0,39,46.1,45.6364,13.7,57.2,0.0,0.31,0.51,0.0,0.41,0.9599,14.8503,0
1732.0,-42.0,38,34.0,42.7137,8.6,41.9,0.0,0.39,0.66,0.0,0.21,0.9613,14.9937,0
1592.0,-6.0,57,163.0,314.9249,14.4,146.5,279.4,0.4,0.63,0.19,0.14,0.8825,13.3511,0
1598.0,6.0,57,119.1,280.824,0.8,115.6,184.1,0.46,0.65,0.11,0.19,0.9768,14.8417,0
2030.0,-49.0,34,43.6,52.6802,35.1,47.2,0.0,0.41,0.71,0.0,0.32,0.9618,15.2587,0
2079.0,49.0,33,96.1,182.756,29.4,121.0,0.0,0.33,0.58,0.15,0.21,0.9329,13.5139,0
1936.0,111.0,28,19.9,20.3876,17.1,21.4,0.0,0.46,0.68,0.0,0.11,0.971,15.4306,0
1825.0,-111.0,27,38.9,44.0908,35.8,40.5,0.0,0.26,0.63,0.0,0.22,0.9566,14.8416,0
1036.0,-71.0,71,54.2,127.7982,20.7,61.7,57.6,0.38,0.66,0.04,0.28,0.8919,10.1046,0
1107.0,71.0,70,112.6,278.2347,11.7,41.4,210.9,0.4,0.67,0.1,0.14,0.938,13.0106,0
930.0,139.0,17,130.2,171.5876,76.0,207.7,0.0,0.35,0.53,0.24,0.29,0.9525,14.8131,0
791.0,-139.0,17,116.9,120.4797,63.3,177.1,0.0,0.18,0.47,0.12,0.59,0.9545,14.3394,0
1701.0,-19.0,59,43.7,90.3832,38.2,49.4,37.4,0.36,0.71,0.07,0.14,0.9598,14.3013,0
1720.0,19.0,58,69.9,159.5899,57.2,56.3,97.2,0.31,0.59,0.07,0.24,0.9651,12.1335,0
1600.0,-10.0,33,29.6,57.7787,11.3,37.5,0.0,0.48,0.7,0.03,0.15,0.9554,14.8874,0
1610.0,10.0,33,49.4,80.4821,5.9,65.7,0.0,0.36,0.58,0.06,0.24,0.966,14.7867,0
1504.0,19.0,29,37.9,72.0872,18.5,48.2,0.0,0.34,0.66,0.07,0.17,0.9625,15.751,0
1485.0,-19.0,28,124.9,264.6732,24.1,172.6,0.0,0.25,0.5,0.14,0.21,0.9278,12.7789,0
2089.0,-38.0,22,70.4,85.7969,89.4,54.6,0.0,0.41,0.55,0.14,0.27,0.9587,15.3646,0
2127.0,38.0,21,103.8,130.1252,106.3,101.9,0.0,0.19,0.52,0.24,0.24,0.9477,13.33,0
1714.0,-107.0,42,74.9,104.5622,38.8,78.0,208.5,0.36,0.57,0.12,0.24,0.9582,14.0789,0
1821.0,107.0,42,79.1,118.0646,32.9,88.4,125.0,0.26,0.55,0.14,0.24,0.9642,15.1418,0
1820.0,0.0,49,36.4,73.305,20.0,41.4,38.3,0.33,0.63,0.06,0.14,0.9534,14.0483,0
1820.0,0.0,48,58.9,88.6398,20.8,65.8,73.8,0.31,0.58,0.1,0.21,0.9569,12.8595,0
1767.0,-92.0,35,51.6,71.9167,38.5,56.8,0.0,0.29,0.63,0.09,0.26,0.9606,15.8267,0
1859.0,92.0,34,73.0,95.4209,60.8,77.4,0.0,0.26,0.5,0.09,0.32,0.9591,14.9767,0
2065.0,30.0,35,71.4,86.8728,9.1,96.3,0.0,0.31,0.66,0.11,0.31,0.9687,14.8777,0
2035.0,-30.0,35,45.9,72.0029,11.2,57.8,0.0,0.43,0.77,0.09,0.14,0.966,13.686,0
1141.0,-42.0,19,23.6,36.1591,22.6,24.7,0.0,0.37,0.63,0.0,0.16,0.9522,14.5571,0
1183.0,42.0,18,40.7,62.3489,9.9,71.6,0.0,0.33,0.5,0.06,0.17,0.9563,15.6153,0
2009.0,-28.0,30,67.7,91.9299,23.0,90.1,0.0,0.3,0.63,0.1,0.37,0.963,14.5938,0
2037.0,28.0,29,47.9,63.2875,25.9,57.8,0.0,0.34,0.59,0.07,0.17,0.9547,14.936,0
1432.0,-19.0,37,81.8,126.0681,55.9,91.4,0.0,0.22,0.62,0.11,0.24,0.9601,15.4873,0
1451.0,19.0,36,89.0,161.5618,41.2,105.0,0.0,0.14,0.44,0.08,0.28,0.9647,14.1708,0
1961.0,45.0,22,83.8,184.501,70.1,95.2,0.0,0.27,0.73,0.05,0.41,0.9485,14.6918,0
1916.0,-45.0,22,67.5,60.3551,90.4,51.7,0.0,0.23,0.55,0.05,0.45,0.9504,14.5376,0
1577.0,-3.0,40,71.0,163.0506,45.6,79.5,0.0,0.2,0.45,0.07,0.2,0.9508,13.9201,0
1580.0,3.0,40,21.2,35.3543,33.4,18.2,2.0,0.47,0.65,0.03,0.07,0.9649,15.1417,0
1185.0,-120.0,44,64.6,110.0279,11.5,90.3,5.0,0.36,0.61,0.09,0.18,0.9138,13.7876,0
1305.0,120.0,44,56.1,78.9969,23.4,67.0,49.6,0.27,0.55,0.07,0.32,0.9607,14.6838,0
1699.0,-4.0,21,101.5,225.204,72.0,128.4,0.0,0.48,0.71,0.1,0.33,0.954,15.4638,0
1703.0,4.0,21,39.2,55.1026,31.4,45.1,0.0,0.43,0.71,0.0,0.24,0.9535,14.9121,0
1702.0,14.0,52,29.6,41.147,9.4,39.3,22.0,0.33,0.73,0.0,0.15,0.9768,13.969,0
1688.0,-14.0,52,25.2,39.4027,8.2,33.0,19.2,0.35,0.77,0.02,0.12,0.9723,14.6107,0
1624.0,-15.0,25,26.2,29.9774,16.2,32.8,0.0,0.36,0.68,0.0,0.16,0.9601,15.4105,0
1639.0,15.0,24,46.6,68.9208,11.6,67.7,0.0,0.33,0.67,0.04,0.25,0.9633,15.2737,0
1952.0,-29.0,24,63.9,83.8541,56.9,68.9,0.0,0.33,0.58,0.04,0.38,0.9268,15.0246,0
1981.0,29.0,24,40.6,49.3486,50.1,34.9,0.0,0.54,0.75,0.0,0.33,0.9627,14.8965,0
1733.0,-27.0,29,118.2,262.6559,19.5,170.2,0.0,0.24,0.48,0.1,0.21,0.9589,14.939,0
1760.0,27.0,29,82.3,207.7153,16.0,112.2,0.0,0.38,0.66,0.1,0.14,0.9687,13.9905,0
1707.0,-16.0,15,116.9,254.8869,44.9,261.0,0.0,0.33,0.67,0.13,0.27,0.9595,15.579,0
1723.0,16.0,15,41.7,64.5838,46.6,34.5,0.0,0.4,0.6,0.0,0.27,0.9458,15.0577,0
1350.0,-45.0,40,46.4,108.6554,18.8,55.6,0.0,0.42,0.7,0.05,0.1,0.9507,14.3234,0
1395.0,45.0,39,45.4,68.8804,35.4,48.4,0.0,0.33,0.54,0.03,0.26,0.93,13.1531,0
1713.0,-11.0,7,23.3,34.9271,23.3,0.0,0.0,0.57,0.71,0.0,0.14,0.9546,14.599,0
1724.0,11.0,6,140.5,273.1818,140.5,0.0,0.0,0.33,0.67,0.17,0.17,0.9508,14.743,0
1511.0,-34.0,47,65.4,153.134,23.1,41.2,229.3,0.21,0.68,0.06,0.23,0.9485,14.8147,0
1545.0,34.0,47,43.5,58.2375,31.4,56.9,6.8,0.36,0.55,0.02,0.23,0.9469,13.7367,0
1605.0,-14.0,14,94.3,262.5169,32.0,250.0,0.0,0.5,0.79,0.07,0.21,0.955,15.488,0
1619.0,14.0,13,189.5,362.7372,37.0,532.8,0.0,0.31,0.62,0.15,0.23,0.8785,13.6078,0
1211.0,175.0,25,123.2,274.1347,21.3,191.2,0.0,0.28,0.48,0.12,0.16,0.8985,13.1209,0
1036.0,-175.0,25,59.3,197.42,27.1,77.4,0.0,0.6,0.72,0.04,0.12,0.9188,13.5163,0
1884.0,-3.0,25,47.6,84.7201,57.9,40.7,0.0,0.56,0.76,0.08,0.12,0.9653,14.5581,0
1887.0,3.0,24,63.9,139.0378,44.8,75.3,0.0,0.46,0.83,0.08,0.17,0.956,14.8065,0
1657.0,-74.0,6,5.2,8.8186,5.2,0.0,0.0,0.67,0.83,0.0,0.0,0.9498,14.6343,0
1731.0,74.0,5,222.8,435.4385,222.8,0.0,0.0,0.2,0.4,0.2,0.2,0.757,10.547,0
2010.0,-252.0,31,102.3,218.6384,42.4,130.9,0.0,0.32,0.52,0.13,0.23,0.8627,12.545,0
2262.0,252.0,31,52.3,105.9972,24.9,63.5,0.0,0.48,0.68,0.06,0.19,0.963,15.3428,0
1701.0,-16.0,64,94.4,180.9126,58.6,55.9,157.4,0.39,0.59,0.12,0.3,0.9666,9.7782,0
1717.0,16.0,64,99.3,199.9484,56.3,29.7,198.2,0.42,0.67,0.12,0.27,0.9338,11.9361,0
722.0,282.0,35,172.5,253.5622,277.1,130.7,0.0,0.17,0.37,0.26,0.2,0.9713,16.0084,0
440.0,-282.0,34,174.7,227.6477,282.8,135.8,0.0,0.18,0.41,0.29,0.26,0.9546,12.6104,0
2292.0,-27.0,59,43.0,102.3917,53.7,47.5,30.2,0.34,0.63,0.07,0.14,0.9333,13.9717,0
2319.0,27.0,59,110.5,215.0828,71.3,67.0,193.3,0.37,0.61,0.15,0.22,0.9287,10.5357,0
1264.0,104.0,44,51.9,153.7203,13.2,38.1,251.8,0.39,0.59,0.05,0.11,0.9424,14.4447,0
1160.0,-104.0,43,67.7,167.4603,71.6,75.4,1.8,0.21,0.51,0.07,0.16,0.9516,12.4425,0
2289.0,97.0,16,25.5,52.2736,34.5,10.5,0.0,0.56,0.75,0.0,0.12,0.959,15.9038,0
2192.0,-97.0,15,40.6,85.7561,26.4,61.8,0.0,0.33,0.6,0.07,0.13,0.946,13.6052,0
1956.0,-32.0,57,89.0,210.1463,13.3,87.9,135.5,0.28,0.6,0.11,0.18,0.9558,14.4021,0
1988.0,32.0,56,114.2,223.5603,12.4,101.8,189.8,0.23,0.57,0.14,0.18,0.9383,11.315,0
2250.0,-180.0,37,144.4,280.9719,18.1,191.2,0.0,0.51,0.73,0.19,0.19,0.9639,14.7427,0
2430.0,180.0,36,158.6,314.9108,20.0,204.9,0.0,0.36,0.67,0.17,0.25,0.9644,14.8865,0
1866.0,-12.0,33,68.9,95.1958,33.0,84.5,0.0,0.33,0.61,0.09,0.36,0.933,14.3376,0
1878.0,12.0,33,86.9,108.6096,33.8,106.8,0.0,0.39,0.52,0.09,0.39,0.9684,15.1195,0
1290.0,-179.0,32,68.3,129.152,41.8,80.4,0.0,0.34,0.69,0.06,0.31,0.9569,14.8538,0
1469.0,179.0,31,110.8,217.0896,43.0,138.5,0.0,0.29,0.52,0.1,0.29,0.9624,14.9336,0
1891.0,-10.0,18,89.2,164.0633,42.9,147.1,0.0,0.33,0.67,0.11,0.28,0.9069,14.9202,0
1901.0,10.0,18,49.1,92.1192,40.4,57.7,0.0,0.44,0.83,0.11,0.11,0.9589,15.4718,0
841.0,5.0,15,15.7,21.1575,15.8,15.6,0.0,0.6,0.87,0.0,0.07,0.956,14.7552,0
836.0,-5.0,14,66.5,87.4614,27.8,136.2,0.0,0.36,0.5,0.07,0.36,0.9589,14.3361,0
1568.0,-37.0,24,35.1,54.1623,30.6,38.3,0.0,0.54,0.75,0.0,0.25,0.9528,13.8965,0
1605.0,37.0,23,69.2,118.4455,18.0,102.1,0.0,0.35,0.7,0.09,0.26,0.9529,14.6204,0
1662.0,26.0,17,57.8,63.6251,59.3,55.7,0.0,0.47,0.47,0.06,0.35,0.9438,14.39,0
1636.0,-26.0,16,86.8,170.3954,49.0,135.3,0.0,0.25,0.5,0.12,0.31,0.9573,15.3616,0
1866.0,-7.0,55,31.3,47.9796,37.3,36.1,17.9,0.47,0.71,0.0,0.24,0.9614,13.0221,0
1873.0,7.0,54,59.8,139.4803,39.4,48.4,94.8,0.26,0.41,0.04,0.28,0.9494,12.3335,0
1643.0,-3.0,24,49.7,86.3218,81.7,26.8,0.0,0.33,0.71,0.08,0.12,0.9255,14.5228,0
1646.0,3.0,23,131.1,229.7782,108.4,145.7,0.0,0.26,0.48,0.13,0.39,0.957,13.5396,0
2532.0,210.0,25,40.2,71.8411,15.9,56.3,0.0,0.56,0.96,0.08,0.12,0.9604,15.1578,0
2322.0,-210.0,24,36.6,55.69,6.8,54.5,0.0,0.46,0.83,0.04,0.21,0.957,14.7651,0
2428.0,254.0,35,58.5,169.5038,33.5,68.4,0.0,0.46,0.74,0.06,0.14,0.9619,15.6643,0
2174.0,-254.0,34,117.9,254.8232,36.7,147.2,0.0,0.35,0.59,0.12,0.26,0.9375,12.8397,0
1500.0,0.0,3,718.7,487.2836,718.7,0.0,0.0,0.0,0.0,0.67,0.33,0.9728,13.0067,0
1500.0,0.0,3,339.7,571.9443,339.7,0.0,0.0,0.33,0.67,0.33,0.0,0.9556,14.4074,0
1193.0,83.0,34,36.0,36.5451,19.8,42.8,0.0,0.32,0.5,0.0,0.29,0.9609,14.9631,0
1110.0,-83.0,34,43.9,69.0232,38.7,45.8,0.0,0.29,0.56,0.03,0.21,0.9487,13.9046,0
1932.0,3.0,56,84.3,154.3571,52.4,85.6,101.8,0.46,0.71,0.07,0.34,0.9645,12.0191,0
1929.0,-3.0,56,70.1,156.359,27.3,75.5,83.1,0.38,0.73,0.11,0.21,0.9684,13.7768,0
1433.0,-81.0,45,35.6,58.531,16.2,44.8,19.4,0.56,0.71,0.04,0.16,0.9406,14.6279,0
1514.0,81.0,44,69.1,162.4276,16.6,60.7,214.4,0.43,0.7,0.07,0.23,0.9718,13.626,0
1504.0,-10.0,38,63.2,87.8667,24.9,76.9,0.0,0.45,0.68,0.13,0.18,0.9463,12.7151,0
1514.0,10.0,38,45.3,70.5183,32.8,49.2,0.0,0.45,0.71,0.08,0.18,0.93,12.7643,0
1858.0,-13.0,65,28.0,42.9123,21.2,37.1,19.8,0.48,0.71,0.02,0.17,0.9448,12.4396,0
1871.0,13.0,64,36.2,47.7794,7.9,47.2,33.1,0.33,0.69,0.02,0.25,0.9487,12.6929,0
2386.0,18.0,56,60.9,137.9608,22.9,58.3,89.4,0.41,0.57,0.04,0.34,0.9712,15.4608,0
2368.0,-18.0,55,106.5,210.5526,25.0,72.0,217.2,0.35,0.53,0.16,0.16,0.9628,14.0291,0
1284.0,-22.0,35,83.0,233.6986,13.3,110.9,0.0,0.54,0.83,0.09,0.14,0.9329,14.2727,0
1306.0,22.0,35,90.7,233.3768,36.7,109.5,0.0,0.34,0.69,0.06,0.2,0.93,14.1558,0
2509.0,158.0,37,53.9,113.6911,5.8,71.8,0.0,0.43,0.7,0.03,0.24,0.9683,15.7798,0
2351.0,-158.0,36,65.8,123.3936,15.0,82.7,0.0,0.31,0.61,0.08,0.25,0.9379,14.0987,0
1114.0,-109.0,19,46.0,55.1453,48.5,43.2,0.0,0.42,0.74,0.05,0.26,0.9571,15.4819,0
1223.0,109.0,18,80.7,102.4866,47.9,113.6,0.0,0.44,0.61,0.17,0.22,0.9467,13.0418,0
1909.0,7.0,29,51.1,67.0505,25.7,64.5,0.0,0.31,0.55,0.07,0.28,0.9515,15.2671,0
1902.0,-7.0,29,38.1,55.4164,19.2,46.6,0.0,0.41,0.69,0.03,0.24,0.959,14.7573,0
1228.0,95.0,29,37.9,66.3404,24.3,45.0,0.0,0.38,0.62,0.03,0.28,0.962,15.5422,0
1133.0,-95.0,28,54.2,149.1536,22.3,69.4,0.0,0.5,0.71,0.04,0.18,0.9616,15.149,0
2392.0,43.0,27,39.0,62.9478,39.2,38.9,0.0,0.41,0.74,0.04,0.19,0.9574,14.5697,0
2349.0,-43.0,26,58.1,127.7704,19.1,78.7,0.0,0.31,0.54,0.04,0.23,0.9596,14.4351,0
2650.0,220.0,30,97.0,190.9927,29.4,130.8,0.0,0.23,0.6,0.07,0.37,0.9545,14.5894,0
2430.0,-220.0,29,160.3,278.7123,15.4,225.6,0.0,0.24,0.52,0.21,0.28,0.9551,14.3309,0
1932.0,-4.0,78,42.6,52.1738,35.2,40.0,46.6,0.35,0.63,0.01,0.29,0.9489,12.1769,0
1936.0,4.0,78,30.3,49.3689,30.6,38.0,24.2,0.42,0.72,0.0,0.21,0.9713,13.4094,0
1953.0,-1.0,14,76.7,126.599,59.9,118.8,0.0,0.21,0.57,0.14,0.14,0.9552,13.8059,0
1954.0,1.0,14,16.8,34.3426,25.2,1.6,0.0,0.43,0.86,0.0,0.14,0.9439,14.4942,0
2436.0,41.0,62,38.0,107.4519,9.7,40.4,47.6,0.4,0.79,0.03,0.19,0.9531,12.1616,0
2395.0,-41.0,62,26.7,47.832,19.0,46.0,4.7,0.32,0.69,0.03,0.13,0.9563,13.1553,0
1238.0,-330.0,12,148.4,279.8836,71.7,532.0,0.0,0.25,0.5,0.25,0.33,0.9491,13.9758,0
1568.0,330.0,12,14.9,27.6848,15.7,12.7,0.0,0.92,0.92,0.0,0.08,0.953,13.8152,0
1663.0,-9.0,16,54.9,121.3274,22.7,108.7,0.0,0.31,0.56,0.06,0.12,0.9559,15.144,0
1672.0,9.0,16,14.1,16.7072,12.9,15.6,0.0,0.5,0.88,0.0,0.06,0.9488,13.9771,0
1663.0,-5.0,28,31.9,41.1967,8.8,44.7,0.0,0.57,0.68,0.0,0.25,0.961,15.2146,0
1668.0,5.0,27,31.4,45.3272,12.1,41.0,0.0,0.41,0.7,0.0,0.22,0.9611,14.8117,0
1878.0,15.0,39,67.0,161.5207,20.6,83.0,0.0,0.26,0.56,0.05,0.23,0.9626,14.4227,0
1863.0,-15.0,39,31.2,41.2818,9.9,37.6,0.0,0.44,0.74,0.0,0.23,0.9666,15.4871,0
1561.0,2.0,44,127.7,227.5194,20.5,111.0,520.8,0.23,0.5,0.11,0.43,0.9641,15.6907,0
1559.0,-2.0,43,135.3,265.9903,20.8,82.7,787.8,0.37,0.72,0.16,0.26,0.9599,14.3651,0
1446.0,-1.0,21,47.8,65.8217,24.5,68.9,0.0,0.52,0.81,0.05,0.24,0.9594,14.5491,0
1447.0,1.0,20,126.2,239.5211,15.4,216.7,0.0,0.4,0.6,0.2,0.15,0.9544,15.2387,0
1890.0,10.0,14,59.1,142.5269,21.2,153.8,0.0,0.64,0.71,0.07,0.07,0.9521,14.4388,0
1880.0,-10.0,14,22.1,27.0966,20.4,25.0,0.0,0.43,0.57,0.0,0.21,0.9468,14.6317,0
1610.0,50.0,49,41.3,71.6745,21.3,52.9,25.2,0.47,0.63,0.04,0.24,0.9387,13.1822,0
1560.0,-50.0,48,54.9,70.385,23.4,65.2,51.9,0.27,0.5,0.04,0.29,0.9446,12.8576,0
2292.0,-92.0,49,97.5,157.9014,18.7,130.9,73.8,0.27,0.49,0.12,0.35,0.9668,14.8208,0
2384.0,92.0,48,90.7,204.6103,21.2,121.4,57.9,0.4,0.71,0.1,0.23,0.9688,14.037,0
1376.0,-29.0,51,78.1,197.3714,42.5,100.1,50.5,0.31,0.57,0.08,0.18,0.9631,13.694,0
1405.0,29.0,50,80.6,197.3491,36.2,107.8,42.6,0.26,0.62,0.06,0.28,0.8957,11.2697,0
1423.0,1.0,47,75.6,124.0882,22.8,77.5,143.3,0.34,0.57,0.13,0.21,0.9668,14.3801,0
1422.0,-1.0,47,69.1,127.7674,45.8,88.6,22.1,0.34,0.55,0.06,0.26,0.9673,13.7167,0
1114.0,-30.0,30,72.6,168.0307,41.1,88.3,0.0,0.5,0.7,0.1,0.23,0.9576,14.8075,0
1144.0,30.0,30,78.4,117.6168,38.2,95.7,0.0,0.23,0.6,0.1,0.3,0.9413,13.5315,0
1994.0,109.0,21,47.7,73.2969,25.1,68.2,0.0,0.43,0.67,0.1,0.24,0.963,15.836,0
1885.0,-109.0,20,108.3,229.5319,13.4,186.0,0.0,0.4,0.65,0.2,0.15,0.9026,14.0225,0
1934.0,136.0,58,47.7,133.144,28.5,34.9,79.7,0.41,0.66,0.02,0.24,0.9444,14.75,0
1798.0,-136.0,57,55.0,136.4017,31.9,43.0,86.6,0.44,0.7,0.04,0.23,0.9521,12.0848,0
1659.0,-51.0,35,37.1,40.9905,19.7,44.1,0.0,0.23,0.57,0.03,0.26,0.968,15.2966,0
1710.0,51.0,34,55.7,82.2272,20.6,68.4,0.0,0.38,0.65,0.06,0.32,0.9609,14.3577,0
762.0,53.0,42,160.0,271.9311,80.5,197.2,0.0,0.38,0.64,0.19,0.33,0.9637,13.0547,0
709.0,-53.0,41,193.1,330.76,64.9,244.5,0.0,0.34,0.71,0.22,0.2,0.9391,12.5037,0
1494.0,-8.0,55,75.2,151.0114,38.0,51.4,147.7,0.33,0.62,0.09,0.24,0.9449,11.5475,0
1502.0,8.0,55,46.8,138.3092,45.4,33.3,72.9,0.4,0.67,0.04,0.15,0.9457,13.7078,0
1159.0,-123.0,35,76.5,124.0705,27.8,95.9,0.0,0.29,0.49,0.06,0.4,0.9641,15.2012,0
1282.0,123.0,34,62.9,79.8464,28.2,75.4,0.0,0.24,0.44,0.09,0.29,0.9615,15.2043,0
2087.0,-53.0,39,61.8,93.0649,55.5,63.9,0.0,0.31,0.54,0.05,0.36,0.962,14.5403,0
2140.0,53.0,38,54.2,126.0803,35.2,60.0,0.0,0.39,0.55,0.03,0.24,0.9683,15.3606,0
1927.0,-29.0,33,64.5,130.3841,20.1,83.7,0.0,0.36,0.55,0.09,0.27,0.9634,15.1533,0
1956.0,29.0,32,106.2,225.3885,12.8,142.7,0.0,0.25,0.47,0.12,0.25,0.9307,14.0648,0
1372.0,119.0,52,37.0,75.0278,53.1,43.3,7.9,0.46,0.71,0.06,0.1,0.9628,13.6862,0
1253.0,-119.0,51,52.8,147.8864,47.2,40.7,87.2,0.33,0.67,0.04,0.2,0.9365,12.4082,0
1312.0,3.0,1,2.0,0.0,2.0,0.0,0.0,1.0,1.0,0.0,0.0,0.9837,13.0103,0
1649.0,-2.0,81,34.3,47.6054,36.0,35.3,33.2,0.32,0.62,0.01,0.23,0.9465,13.7042,0
1651.0,2.0,80,37.7,56.6721,11.1,37.4,43.8,0.34,0.6,0.01,0.2,0.9474,11.4764,0
2087.0,1.0,34,196.7,308.2113,73.0,248.3,0.0,0.26,0.56,0.21,0.44,0.9641,12.0221,0
2086.0,-1.0,34,172.6,295.3504,77.1,207.0,0.0,0.35,0.5,0.24,0.21,0.9587,15.1105,0
1723.0,252.0,30,47.7,66.8339,50.3,46.4,0.0,0.47,0.7,0.03,0.27,0.8993,14.0696,0
1471.0,-252.0,29,96.7,190.6721,30.3,126.5,0.0,0.28,0.52,0.1,0.28,0.9263,14.3642,0
2252.0,-62.0,30,40.9,61.202,23.6,49.5,0.0,0.4,0.67,0.03,0.27,0.9562,15.1833,0
2314.0,62.0,29,117.6,243.6795,36.4,154.1,0.0,0.31,0.66,0.1,0.31,0.961,15.2477,0
1371.0,-11.0,23,156.7,241.4113,109.6,192.9,0.0,0.3,0.43,0.22,0.35,0.919,14.5338,0
1382.0,11.0,22,196.7,305.078,83.7,274.9,0.0,0.32,0.59,0.27,0.14,0.9083,14.4271,0
1997.0,-17.0,20,46.9,71.4698,21.4,72.3,0.0,0.35,0.65,0.05,0.2,0.9585,14.9928,0
2014.0,17.0,20,9.9,18.0278,14.6,6.2,0.0,0.45,0.7,0.0,0.05,0.9568,15.7963,0
1336.0,15.0,40,88.9,186.0629,68.0,95.8,0.0,0.53,0.7,0.12,0.15,0.9158,13.8428,0
1321.0,-15.0,40,76.8,110.6611,12.2,98.2,14.0,0.25,0.75,0.07,0.33,0.9158,11.2511,0
946.0,-59.0,42,175.0,324.7195,73.0,187.3,500.0,0.38,0.6,0.19,0.14,0.9464,14.6254,0
1005.0,59.0,41,209.3,348.4511,22.2,246.0,500.0,0.27,0.49,0.24,0.17,0.9482,13.4652,0
1460.0,-62.0,27,79.9,141.2502,60.3,91.5,0.0,0.41,0.63,0.11,0.22,0.9645,15.3085,0
1522.0,62.0,26,60.3,105.2721,61.6,59.6,0.0,0.38,0.62,0.08,0.23,0.9534,14.8322,0
1865.0,110.0,29,55.8,79.9603,34.5,67.1,0.0,0.14,0.48,0.07,0.28,0.9591,14.8159,0
1755.0,-110.0,28,53.4,112.4713,20.8,68.8,0.0,0.25,0.71,0.07,0.07,0.9621,15.6591,0
1543.0,-3.0,29,101.0,199.0959,72.6,115.9,0.0,0.28,0.45,0.14,0.21,0.9617,14.454,0
1546.0,3.0,29,31.0,45.1992,31.1,31.0,0.0,0.48,0.69,0.0,0.21,0.9689,15.9334,0
1267.0,68.0,29,84.9,144.125,135.3,58.4,0.0,0.38,0.66,0.1,0.24,0.9533,15.3609,0
1199.0,-68.0,28,110.9,147.8835,114.1,109.3,0.0,0.39,0.54,0.14,0.36,0.9608,12.9802,0
1015.0,113.0,18,37.3,48.9766,51.6,19.5,0.0,0.5,0.67,0.0,0.28,0.9603,14.5802,0
902.0,-113.0,18,80.2,111.6247,106.1,54.3,0.0,0.44,0.61,0.06,0.33,0.957,14.0179,0
1182.0,87.0,32,133.4,175.3709,58.1,167.6,0.0,0.19,0.31,0.16,0.41,0.9509,14.1856,0
1095.0,-87.0,31,121.2,190.1999,41.6,153.7,0.0,0.26,0.52,0.16,0.29,0.9646,15.3121,0
2129.0,-16.0,33,82.2,186.0451,25.5,106.9,0.0,0.3,0.76,0.12,0.12,0.9672,15.7151,0
2145.0,16.0,33,70.4,203.1662,14.1,91.5,0.0,0.39,0.76,0.06,0.09,0.9558,13.1769,0
2271.0,20.0,33,41.5,57.2675,11.2,54.6,0.0,0.42,0.73,0.03,0.24,0.9715,15.2882,0
2251.0,-20.0,32,74.1,184.0198,7.7,100.1,0.0,0.28,0.59,0.06,0.22,0.9649,14.9,0
2410.0,-97.0,73,72.3,138.8296,48.3,43.0,106.2,0.32,0.74,0.08,0.29,0.968,9.9076,0
2507.0,97.0,72,43.2,104.1496,19.2,33.3,58.8,0.42,0.74,0.04,0.14,0.9409,13.0701,0
1534.0,25.0,32,116.9,203.9317,48.9,147.9,0.0,0.38,0.62,0.16,0.34,0.95,14.1527,0
1509.0,-25.0,31,52.3,81.0185,40.1,57.2,0.0,0.35,0.55,0.03,0.32,0.9629,14.6843,0
1565.0,12.0,11,126.0,293.4934,38.6,1000.0,0.0,0.36,0.64,0.09,0.18,0.9606,14.6871,0
1553.0,-12.0,11,22.5,52.1467,8.1,87.0,0.0,0.55,0.82,0.0,0.09,0.9508,14.9904,0
1588.0,93.0,36,60.2,108.3147,11.6,79.0,0.0,0.33,0.69,0.08,0.22,0.9599,14.5548,0
1495.0,-93.0,36,43.4,73.5159,25.0,49.5,0.0,0.39,0.56,0.06,0.17,0.9552,14.6298,0
1591.0,-13.0,25,46.5,75.0961,14.2,68.1,0.0,0.32,0.64,0.04,0.24,0.9676,14.4495,0
1604.0,13.0,25,21.5,34.0087,8.7,28.8,0.0,0.48,0.76,0.0,0.16,0.9585,14.8351,0
1394.0,89.0,30,68.9,157.3934,10.1,98.3,0.0,0.27,0.5,0.07,0.2,0.9653,14.8986,0
1305.0,-89.0,30,40.2,84.1293,16.0,50.5,0.0,0.4,0.67,0.03,0.2,0.9567,14.8787,0
1565.0,24.0,27,88.6,171.3353,31.9,121.9,0.0,0.41,0.59,0.11,0.19,0.9233,14.557,0
1541.0,-24.0,27,49.6,113.9832,10.2,69.3,0.0,0.44,0.7,0.07,0.11,0.96,14.9326,0
1539.0,51.0,53,75.8,147.6137,65.3,56.8,127.5,0.36,0.74,0.08,0.3,0.9462,11.4688,0
1488.0,-51.0,53,35.7,62.7398,24.0,47.4,18.3,0.47,0.79,0.08,0.08,0.9636,13.0379,0
1883.0,-3.0,15,148.1,267.1433,35.1,374.2,0.0,0.27,0.6,0.2,0.27,0.9478,14.3946,0
1886.0,3.0,14,42.9,67.5397,36.1,55.2,0.0,0.5,0.64,0.07,0.14,0.962,15.4292,0
2073.0,5.0,38,72.4,129.7456,19.2,91.5,0.0,0.39,0.63,0.11,0.16,0.9662,15.2445,0
2068.0,-5.0,38,71.4,125.3795,24.8,85.8,0.0,0.37,0.61,0.13,0.13,0.9616,14.9001,0
919.0,-145.0,73,78.3,137.0235,189.3,53.5,67.2,0.32,0.55,0.11,0.25,0.9701,13.1891,0
1064.0,145.0,73,85.0,161.2753,287.0,40.3,71.0,0.33,0.68,0.1,0.29,0.947,11.4464,0
2092.0,3.0,52,65.1,154.9346,12.9,74.2,85.8,0.29,0.56,0.08,0.23,0.9677,15.4089,0
2089.0,-3.0,51,88.0,178.4465,17.9,101.4,106.9,0.33,0.47,0.14,0.18,0.9362,12.7262,0
1892.0,-10.0,20,37.0,46.7474,53.5,20.4,0.0,0.4,0.65,0.0,0.3,0.9478,13.9373,0
1902.0,10.0,19,34.4,56.6709,54.8,16.1,0.0,0.32,0.68,0.05,0.21,0.9604,15.5118,0
1689.0,-23.0,28,71.8,202.6223,57.2,79.9,0.0,0.5,0.79,0.07,0.14,0.9585,15.5952,0
1712.0,23.0,27,95.5,202.8321,76.3,105.1,0.0,0.26,0.63,0.07,0.26,0.9264,14.9433,0
1737.0,40.0,37,24.4,33.6432,17.1,27.1,0.0,0.41,0.7,0.0,0.19,0.9401,14.6696,0
1697.0,-40.0,36,64.0,167.9541,17.7,79.4,0.0,0.31,0.53,0.06,0.17,0.9636,14.6742,0
2097.0,315.0,19,95.0,223.905,36.2,160.3,0.0,0.32,0.58,0.05,0.37,0.9536,15.0145,0
1782.0,-315.0,18,110.3,245.3146,28.1,192.4,0.0,0.28,0.5,0.11,0.28,0.9388,13.9177,0
1203.0,18.0,33,55.2,101.2295,73.1,47.4,0.0,0.33,0.52,0.03,0.3,0.9533,15.1277,0
1185.0,-18.0,32,67.8,176.3618,135.4,41.3,0.0,0.19,0.5,0.06,0.19,0.9167,13.4267,0
1903.0,-31.0,29,46.1,63.3056,18.8,60.5,0.0,0.38,0.76,0.03,0.21,0.9595,15.3646,0
1934.0,31.0,29,29.2,42.9623,24.7,31.3,0.0,0.55,0.9,0.0,0.17,0.966,13.7845,0
1889.0,6.0,42,38.5,56.4798,29.2,38.9,80.0,0.43,0.71,0.05,0.21,0.9417,14.1604,0
1883.0,-6.0,41,33.0,40.6079,25.2,35.6,30.0,0.46,0.73,0.0,0.24,0.9701,14.922,0
1500.0,4.0,32,76.4,197.7272,15.4,104.1,0.0,0.44,0.72,0.06,0.22,0.9638,14.8081,0
1496.0,-4.0,32,27.7,39.9665,18.6,31.3,0.0,0.41,0.75,0.0,0.28,0.959,14.7345,0
1641.0,75.0,40,105.5,160.0093,40.9,127.1,0.0,0.25,0.6,0.15,0.33,0.9602,12.3767,0
1566.0,-75.0,39,111.9,180.0054,60.1,127.5,0.0,0.31,0.59,0.13,0.33,0.9671,15.8832,0
1271.0,41.0,58,43.7,65.1583,73.4,31.7,47.0,0.34,0.71,0.05,0.21,0.9416,12.9524,0
1230.0,-41.0,57,82.5,106.7235,59.1,55.4,139.3,0.3,0.61,0.11,0.32,0.8789,10.4537,0
1554.0,-60.0,31,82.9,209.8615,14.2,115.7,0.0,0.26,0.61,0.1,0.19,0.9611,14.652,0
1614.0,60.0,31,47.1,112.4898,13.2,61.0,0.0,0.26,0.65,0.06,0.13,0.9663,15.9172,0
2218.0,-158.0,32,42.0,48.2701,88.1,21.0,0.0,0.41,0.56,0.0,0.31,0.9616,15.0847,0
2376.0,158.0,31,91.0,183.2546,37.6,112.8,0.0,0.29,0.52,0.1,0.32,0.953,14.5785,0
1082.0,-22.0,14,48.5,74.1254,44.0,59.8,0.0,0.29,0.71,0.07,0.21,0.9566,15.471,0
1104.0,22.0,13,89.9,133.1412,65.4,145.0,0.0,0.23,0.38,0.15,0.23,0.9545,15.3431,0
1021.0,-5.0,60,114.3,235.1577,127.5,104.2,123.0,0.3,0.7,0.08,0.35,0.9409,11.7102,0
1026.0,5.0,60,77.2,188.2195,69.9,112.7,29.8,0.42,0.62,0.08,0.18,0.947,13.2119,0
2394.0,284.0,61,37.5,129.6595,28.4,27.3,56.3,0.44,0.74,0.02,0.13,0.9557,13.6737,0
2110.0,-284.0,60,47.0,140.0092,20.8,30.8,81.3,0.43,0.65,0.05,0.15,0.9417,12.4795,0
2035.0,-7.0,29,65.8,144.6766,43.2,77.7,0.0,0.31,0.69,0.07,0.28,0.9665,15.7055,0
2042.0,7.0,28,93.8,149.6359,47.1,115.9,0.0,0.32,0.61,0.14,0.32,0.9568,13.6947,0
1220.0,15.0,44,170.1,297.8591,23.2,173.7,510.2,0.34,0.73,0.2,0.25,0.9201,14.1424,0
1205.0,-15.0,44,165.2,270.3914,23.4,201.8,201.4,0.41,0.61,0.25,0.27,0.9739,15.0972,0
1727.0,7.0,31,134.5,248.592,39.1,179.9,0.0,0.29,0.52,0.16,0.35,0.87,13.3167,0
1720.0,-7.0,31,120.7,250.8036,13.3,164.6,0.0,0.23,0.77,0.16,0.19,0.9625,14.8709,0
1041.0,-395.0,55,158.9,266.6156,73.2,194.5,144.9,0.27,0.56,0.2,0.36,0.9292,11.5182,0
1436.0,395.0,55,97.5,202.6212,42.1,132.2,63.7,0.24,0.6,0.13,0.22,0.9796,15.6266,0
1155.0,-24.0,10,16.8,15.0908,16.8,0.0,0.0,0.5,0.8,0.0,0.0,0.9544,15.6165,0
1179.0,24.0,9,13.3,25.9952,13.3,0.0,0.0,0.56,0.78,0.0,0.11,0.9499,13.3309,0
1927.0,56.0,23,25.5,31.0159,20.5,29.3,0.0,0.43,0.78,0.0,0.13,0.9571,15.4318,0
1871.0,-56.0,22,109.3,214.1664,61.7,142.2,0.0,0.32,0.55,0.18,0.23,0.9573,14.791,0
1138.0,12.0,32,97.4,194.2483,32.3,127.0,0.0,0.22,0.5,0.12,0.25,0.9636,14.8668,0
1126.0,-12.0,32,79.1,148.1891,23.0,101.0,0.0,0.31,0.66,0.12,0.16,0.9717,15.53,0
1760.0,9.0,32,19.9,21.7148,19.5,20.0,0.0,0.53,0.78,0.0,0.12,0.9581,15.3004,0
1751.0,-9.0,31,76.5,184.9785,6.6,105.2,0.0,0.39,0.65,0.1,0.23,0.9646,13.5636,0
1656.0,11.0,33,88.2,135.1085,41.4,108.6,0.0,0.33,0.79,0.15,0.24,0.9718,14.697,0
1645.0,-11.0,32,118.6,204.0487,43.8,147.8,0.0,0.34,0.66,0.16,0.34,0.9632,15.1082,0
1074.0,25.0,26,163.7,278.5952,74.3,219.6,0.0,0.35,0.58,0.23,0.27,0.9608,15.0744,0
1049.0,-25.0,25,181.7,300.867,101.6,226.8,0.0,0.36,0.68,0.24,0.2,0.9599,12.5902,0
2281.0,-29.0,39,76.3,221.1936,26.3,93.6,0.0,0.49,0.74,0.05,0.21,0.9405,14.5781,0
2310.0,29.0,38,128.4,270.4896,26.7,160.0,0.0,0.5,0.68,0.18,0.13,0.9493,12.5705,0
2049.0,58.0,36,64.4,88.9524,45.9,71.5,0.0,0.25,0.47,0.06,0.28,0.9628,15.2498,0
1991.0,-58.0,35,59.2,72.8164,45.8,63.8,0.0,0.26,0.63,0.03,0.43,0.9624,14.778,0
963.0,-92.0,16,114.2,207.5176,40.1,237.8,0.0,0.38,0.75,0.19,0.25,0.955,14.9363,0
1055.0,92.0,16,87.7,143.98,37.3,152.4,0.0,0.31,0.62,0.12,0.31,0.9603,13.9018,0
1445.0,95.0,14,46.4,48.5477,43.3,54.2,0.0,0.21,0.43,0.0,0.36,0.9494,14.4608,0
1350.0,-95.0,14,60.6,79.6577,75.1,34.4,0.0,0.36,0.57,0.07,0.36,0.9517,14.923,0
1764.0,-31.0,81,95.3,231.4517,27.8,60.4,137.3,0.36,0.63,0.12,0.12,0.9394,13.613,0
1795.0,31.0,80,108.7,227.1853,21.4,85.7,144.7,0.36,0.65,0.11,0.25,0.9653,9.3075,0
1507.0,-20.0,43,100.9,197.1189,36.4,132.5,0.0,0.35,0.63,0.12,0.28,0.9718,14.4436,0
1527.0,20.0,42,102.2,199.5928,27.8,134.7,0.7,0.45,0.57,0.12,0.29,0.9129,13.6105,0
1475.0,185.0,18,40.1,51.4947,28.3,54.8,0.0,0.33,0.61,0.06,0.28,0.9528,14.8651,0
1290.0,-185.0,18,60.9,126.6574,16.1,105.7,0.0,0.33,0.44,0.11,0.11,0.9574,15.3574,0
2332.0,-13.0,35,31.7,38.6807,22.1,35.6,0.0,0.43,0.77,0.0,0.26,0.9599,14.7575,0
2345.0,13.0,34,28.4,28.7203,15.4,33.1,0.0,0.41,0.65,0.0,0.24,0.9676,15.9204,0
2162.0,-35.0,32,41.3,62.7532,32.6,45.3,0.0,0.53,0.59,0.03,0.25,0.9659,14.8499,0
2197.0,35.0,31,93.4,220.1923,50.6,110.9,0.0,0.29,0.65,0.06,0.23,0.9318,12.9483,0
1639.0,-14.0,36,42.5,52.5061,35.3,45.3,0.0,0.28,0.53,0.03,0.33,0.9624,13.7954,0
1653.0,14.0,35,21.9,36.99,27.8,19.9,0.0,0.46,0.74,0.0,0.11,0.9655,14.8771,0
1310.0,-19.0,37,49.7,94.2549,22.0,60.0,0.0,0.49,0.81,0.05,0.16,0.9289,14.437,0
1329.0,19.0,36,92.8,181.2308,30.9,113.4,0.0,0.25,0.61,0.11,0.22,0.9685,14.9637,0
1600.0,54.0,41,101.0,223.6972,15.2,99.6,1000.0,0.32,0.66,0.15,0.15,0.9715,14.973,0
1546.0,-54.0,41,126.4,258.8737,21.2,99.8,1000.0,0.32,0.66,0.1,0.29,0.9657,15.158,0
1650.0,-44.0,33,102.8,252.9087,10.6,142.9,0.0,0.42,0.73,0.09,0.15,0.9673,15.4493,0
1694.0,44.0,32,139.4,284.3772,22.7,185.1,0.0,0.16,0.44,0.09,0.31,0.9574,14.6559,0
1572.0,7.0,16,77.2,134.9595,82.3,68.8,0.0,0.44,0.88,0.19,0.12,0.9553,13.4694,0
1565.0,-7.0,15,97.2,113.677,98.7,95.0,0.0,0.33,0.47,0.2,0.33,0.9469,14.7259,0
1412.0,-7.0,32,94.4,188.8794,61.5,109.4,0.0,0.16,0.56,0.16,0.19,0.9587,14.3746,0
1419.0,7.0,31,52.3,178.4949,16.1,67.1,0.0,0.35,0.61,0.03,0.13,0.9592,15.4934,0
1478.0,8.0,49,29.3,116.2366,18.0,13.1,95.9,0.45,0.82,0.02,0.04,0.9294,12.8104,0
1470.0,-8.0,48,26.9,60.48,17.1,12.6,84.2,0.27,0.71,0.02,0.08,0.9476,12.0846,0
1478.0,-3.0,30,76.4,87.907,76.5,76.4,0.0,0.2,0.67,0.1,0.33,0.963,15.3723,0
1481.0,3.0,30,59.2,65.9523,57.4,60.0,0.0,0.3,0.6,0.07,0.37,0.9597,15.192,0
1021.0,-18.0,14,82.9,174.6414,34.1,205.0,0.0,0.36,0.57,0.07,0.29,0.9562,14.6653,0
1039.0,18.0,14,32.6,51.7832,16.8,61.0,0.0,0.57,0.86,0.0,0.21,0.9546,15.1644,0
1640.0,-15.0,34,60.6,74.2151,56.1,62.5,0.0,0.26,0.53,0.09,0.32,0.9641,15.3489,0
1655.0,15.0,33,91.6,97.0296,47.6,108.1,0.0,0.24,0.45,0.18,0.3,0.9568,14.9264,0
1266.0,-12.0,35,92.2,182.8568,17.1,122.2,0.0,0.31,0.63,0.09,0.31,0.9582,14.6647,0
1278.0,12.0,35,94.4,244.9065,50.1,109.7,0.0,0.6,0.77,0.11,0.03,0.9615,13.919,0
1729.0,-40.0,30,66.7,92.3483,12.6,93.8,0.0,0.37,0.57,0.1,0.27,0.9687,15.8174,0
1769.0,40.0,29,113.0,208.3353,10.8,158.9,0.0,0.24,0.45,0.1,0.38,0.9345,14.1552,0
1691.0,-19.0,19,59.3,81.9011,28.7,93.3,0.0,0.42,0.63,0.11,0.26,0.9528,15.1417,0
1710.0,19.0,18,133.8,257.1746,9.7,257.9,0.0,0.44,0.67,0.22,0.11,0.8976,14.1366,0
1871.0,-16.0,44,98.7,202.1581,18.5,88.6,374.8,0.25,0.61,0.11,0.23,0.9446,14.9616,0
1887.0,16.0,44,103.0,171.6074,27.4,84.5,350.2,0.27,0.57,0.18,0.18,0.9698,14.9135,0
1707.0,-30.0,24,62.3,77.7306,52.5,69.3,0.0,0.33,0.67,0.12,0.21,0.9641,15.9306,0
1737.0,30.0,23,118.4,207.3148,31.7,174.1,0.0,0.13,0.43,0.13,0.48,0.9578,14.0636,0
813.0,-23.0,52,41.7,76.3363,46.9,48.2,21.2,0.4,0.62,0.06,0.19,0.9561,14.3709,0
836.0,23.0,51,59.3,78.9573,46.3,68.3,46.6,0.31,0.51,0.08,0.25,0.9085,10.7202,0
1968.0,46.0,48,117.0,150.1355,104.4,105.1,177.2,0.23,0.46,0.19,0.33,0.9548,12.3497,0
1922.0,-46.0,48,143.7,172.5144,102.2,123.0,254.1,0.19,0.4,0.23,0.4,0.9491,13.606,0
1655.0,24.0,29,91.1,199.9458,89.5,91.9,0.0,0.28,0.52,0.1,0.28,0.9584,15.363,0
1631.0,-24.0,28,148.1,272.8001,108.0,167.1,0.0,0.18,0.43,0.14,0.36,0.9263,13.7493,0
1394.0,-51.0,29,91.7,191.7467,28.1,125.1,0.0,0.38,0.62,0.14,0.28,0.9658,15.7049,0
1445.0,51.0,29,76.3,86.3387,40.2,92.6,0.0,0.31,0.52,0.1,0.38,0.9539,14.8254,0
1846.0,35.0,10,36.9,60.3535,36.9,0.0,0.0,0.5,0.9,0.0,0.2,0.9532,15.4573,0
1811.0,-35.0,9,208.4,326.7125,208.4,0.0,0.0,0.11,0.44,0.22,0.33,0.9463,13.9201,0
1239.0,-22.0,29,141.0,217.5921,98.3,163.5,0.0,0.31,0.41,0.21,0.31,0.9585,15.6576,0
1261.0,22.0,28,129.3,204.8336,67.2,158.7,0.0,0.29,0.32,0.14,0.43,0.9611,14.1874,0
1291.0,73.0,11,115.5,160.2288,123.3,37.0,0.0,0.45,0.45,0.27,0.09,0.7862,10.5231,0
1218.0,-73.0,11,136.5,296.018,55.7,500.0,0.0,0.36,0.64,0.18,0.18,0.953,15.2491,0
1510.0,-8.0,20,48.8,55.8314,63.5,34.0,0.0,0.25,0.65,0.05,0.25,0.9571,15.5491,0
1518.0,8.0,19,85.4,125.0223,62.9,105.6,0.0,0.32,0.47,0.11,0.26,0.9423,14.2076,0
1779.0,135.0,44,90.4,165.9828,25.0,79.6,335.2,0.23,0.48,0.16,0.25,0.9694,13.5572,0
1644.0,-135.0,44,62.7,84.4073,27.3,75.2,51.2,0.36,0.55,0.11,0.27,0.9632,15.2862,0
1720.0,-104.0,24,246.4,369.0235,99.6,351.2,0.0,0.12,0.29,0.25,0.33,0.9244,13.9151,0
1824.0,104.0,24,174.0,326.1469,33.8,258.1,0.0,0.42,0.58,0.17,0.25,0.9494,14.9142,0
1589.0,-7.0,31,43.5,72.5662,14.4,57.4,0.0,0.39,0.77,0.03,0.19,0.9656,15.4296,0
1596.0,7.0,30,65.3,104.9881,17.4,85.9,0.0,0.4,0.77,0.13,0.17,0.9667,14.038,0
1945.0,-12.0,29,89.2,194.6632,36.4,117.1,0.0,0.28,0.55,0.1,0.28,0.9598,14.2245,0
1957.0,12.0,29,33.3,38.8001,26.8,36.3,0.0,0.24,0.66,0.0,0.24,0.9588,15.0513,0
1624.0,46.0,49,103.3,190.0539,65.1,67.5,265.2,0.29,0.53,0.14,0.27,0.9572,14.0998,0
1578.0,-46.0,49,65.7,119.0858,62.0,83.4,16.0,0.39,0.63,0.1,0.22,0.9065,11.8839,0
1886.0,-91.0,40,50.6,76.3237,20.0,60.9,0.0,0.35,0.53,0.03,0.33,0.9461,13.817,0
1977.0,91.0,40,26.0,33.4453,8.7,32.1,1.0,0.4,0.7,0.0,0.1,0.9642,15.2864,0
1350.0,33.0,27,71.0,91.6954,57.1,79.1,0.0,0.41,0.52,0.11,0.26,0.9632,15.2074,0
1317.0,-33.0,26,91.6,199.2014,53.3,111.8,0.0,0.38,0.62,0.12,0.31,0.9269,14.5618,0
743.0,99.0,23,46.4,57.8075,18.5,67.8,0.0,0.35,0.7,0.0,0.3,0.953,14.7329,0
644.0,-99.0,23,48.4,65.247,28.0,61.6,0.0,0.3,0.7,0.04,0.3,0.9634,14.8845,0
1849.0,-8.0,60,40.8,73.2656,15.1,33.3,65.0,0.42,0.73,0.05,0.15,0.9543,13.7992,0
1857.0,8.0,60,61.5,101.4401,17.0,30.6,124.6,0.48,0.7,0.07,0.23,0.949,11.4276,0
1579.0,-9.0,57,95.0,201.6056,56.2,96.4,115.4,0.4,0.61,0.11,0.25,0.957,13.8117,0
1588.0,9.0,57,70.4,165.0202,51.0,86.3,53.7,0.4,0.63,0.07,0.21,0.9711,12.5966,0
1779.0,30.0,56,41.3,49.7227,26.9,56.4,21.9,0.38,0.61,0.0,0.27,0.9593,13.3796,0
1749.0,-30.0,56,46.2,70.3641,20.4,47.8,56.9,0.3,0.64,0.07,0.16,0.9405,12.7239,0
2055.0,-64.0,27,44.8,73.4838,14.8,62.4,0.0,0.56,0.74,0.07,0.15,0.9607,15.0858,0
2119.0,64.0,27,16.6,36.2376,2.8,23.6,0.0,0.44,0.81,0.0,0.07,0.9643,15.286,0
1858.0,-6.0,29,95.0,193.002,13.4,137.9,0.0,0.21,0.62,0.14,0.17,0.9575,14.1138,0
1864.0,6.0,29,33.2,50.3606,27.1,36.0,0.0,0.48,0.69,0.0,0.24,0.9659,15.5999,0
1474.0,14.0,27,44.8,62.0039,30.0,53.5,0.0,0.19,0.52,0.07,0.3,0.9592,14.6661,0
1460.0,-14.0,27,25.8,39.6982,21.4,27.9,0.0,0.48,0.78,0.0,0.19,0.9601,15.8448,0
1109.0,30.0,53,52.9,67.9408,36.8,48.8,74.8,0.28,0.64,0.06,0.28,0.9697,13.1157,0
1079.0,-30.0,53,37.0,61.1713,25.7,41.2,35.2,0.43,0.75,0.04,0.21,0.9571,12.7754,0
2136.0,27.0,51,37.3,52.8449,41.0,39.0,29.5,0.39,0.59,0.02,0.25,0.9643,14.8632,0
2109.0,-27.0,50,45.2,62.4071,21.2,57.2,31.9,0.22,0.64,0.02,0.28,0.9675,13.997,0
1761.0,-7.0,32,60.2,91.1554,68.7,56.3,0.0,0.44,0.56,0.12,0.16,0.9587,14.4885,0
1768.0,7.0,32,28.6,57.8457,47.3,21.2,0.0,0.62,0.75,0.03,0.09,0.9567,14.9482,0
2555.0,28.0,51,101.4,179.8822,6.1,124.4,125.5,0.22,0.61,0.16,0.24,0.9608,14.7448,0
2527.0,-28.0,50,120.1,195.3598,8.0,126.6,194.0,0.24,0.58,0.12,0.34,0.9583,14.3882,0
1714.0,-2.0,44,82.0,143.0525,29.5,95.7,110.0,0.32,0.52,0.09,0.25,0.9514,13.0994,0
1716.0,2.0,44,85.2,174.7115,39.9,97.6,92.6,0.36,0.57,0.11,0.14,0.9543,12.6688,0
919.0,-131.0,23,132.0,228.412,83.6,169.3,0.0,0.17,0.48,0.22,0.22,0.8475,11.8319,0
1050.0,131.0,23,41.3,91.4815,63.9,26.8,0.0,0.48,0.78,0.04,0.22,0.9595,15.1578,0
1637.0,-29.0,16,37.3,87.9778,52.3,12.3,0.0,0.56,0.75,0.06,0.06,0.9576,14.486,0
1666.0,29.0,16,29.2,73.6646,38.9,16.9,0.0,0.44,0.81,0.06,0.06,0.9537,15.1964,0
1891.0,16.0,31,49.1,74.3283,25.1,60.5,0.0,0.39,0.68,0.06,0.29,0.9632,14.8647,0
1875.0,-16.0,31,51.2,58.4474,47.1,52.9,0.0,0.42,0.61,0.0,0.39,0.9492,13.4897,0
1809.0,0.0,26,86.2,192.7999,50.9,108.3,0.0,0.19,0.42,0.04,0.38,0.9601,14.4369,0
1809.0,0.0,25,121.6,236.3049,40.7,167.1,0.0,0.24,0.6,0.12,0.28,0.9496,14.6102,0
1735.0,3.0,25,111.3,144.08,62.1,144.1,0.0,0.2,0.4,0.24,0.36,0.9594,15.7887,0
1732.0,-3.0,25,80.2,142.0243,42.2,101.5,0.0,0.4,0.64,0.08,0.28,0.9609,15.1464,0
1199.0,53.0,51,55.1,77.9738,36.5,54.9,72.7,0.31,0.53,0.04,0.29,0.9051,14.1606,0
1146.0,-53.0,50,71.3,136.5654,104.3,48.0,107.9,0.36,0.68,0.1,0.22,0.9205,13.5875,0
1404.0,-7.0,36,53.2,73.7585,11.3,69.3,0.0,0.31,0.58,0.06,0.25,0.9694,14.8831,0
1411.0,7.0,35,64.1,109.4203,16.2,80.7,0.0,0.2,0.49,0.11,0.17,0.9366,14.7614,0
1101.0,-24.0,35,78.3,100.2553,83.7,76.2,0.0,0.23,0.54,0.09,0.43,0.9615,13.8919,0
1125.0,24.0,35,68.4,51.8063,72.2,67.0,0.0,0.23,0.43,0.0,0.66,0.9661,15.6273,0
1603.0,-73.0,26,119.0,176.0499,28.6,175.6,0.0,0.27,0.46,0.15,0.35,0.9613,15.2628,0
1676.0,73.0,25,108.6,122.2859,21.6,157.5,0.0,0.24,0.44,0.2,0.32,0.9571,14.7164,0
1225.0,-1.0,10,11.9,25.9805,11.9,0.0,0.0,0.5,0.8,0.0,0.1,0.9485,14.6801,0
1226.0,1.0,10,84.9,163.3554,34.4,539.0,0.0,0.2,0.4,0.1,0.2,0.9437,13.5308,0
1306.0,-447.0,27,65.1,99.7304,40.5,79.5,0.0,0.37,0.59,0.04,0.37,0.962,14.702,0
1753.0,447.0,27,55.9,115.9652,45.6,61.1,0.0,0.26,0.67,0.04,0.26,0.9587,15.4062,0
1562.0,80.0,14,173.8,253.4352,89.5,384.5,0.0,0.07,0.21,0.21,0.43,0.9575,14.6308,0
1482.0,-80.0,14,70.9,87.2043,86.2,43.2,0.0,0.29,0.71,0.07,0.29,0.9575,15.7114,0
1512.0,38.0,32,85.1,190.2293,43.9,103.8,0.0,0.38,0.62,0.06,0.34,0.959,13.8258,0
1474.0,-38.0,31,108.1,241.5928,30.2,140.0,0.0,0.26,0.68,0.1,0.23,0.9562,14.6678,0
2193.0,-121.0,28,48.1,68.3078,26.2,60.3,0.0,0.54,0.71,0.07,0.25,0.9622,16.1074,0
2314.0,121.0,27,88.4,105.8502,17.9,123.7,0.0,0.37,0.59,0.22,0.22,0.9288,13.2989,0
1952.0,-31.0,24,46.7,70.1269,25.4,61.9,0.0,0.29,0.67,0.04,0.29,0.9639,15.7331,0
1983.0,31.0,24,34.3,42.0524,16.0,45.3,0.0,0.62,0.88,0.0,0.25,0.9623,15.0374,0
1692.0,-52.0,27,39.8,62.8074,29.5,45.9,0.0,0.48,0.59,0.07,0.15,0.9628,15.6072,0
1744.0,52.0,26,101.2,201.6895,39.1,134.1,0.0,0.15,0.46,0.12,0.31,0.9594,14.9017,0
1330.0,99.0,6,17.5,26.4254,17.5,0.0,0.0,0.83,0.83,0.0,0.17,0.9553,14.9497,0
1231.0,-99.0,6,25.5,27.2672,25.5,0.0,0.0,0.33,0.67,0.0,0.17,0.9485,14.3647,0
1588.0,-12.0,11,13.5,19.8966,14.9,0.0,0.0,0.64,1.0,0.0,0.09,0.9601,15.7507,0
1600.0,12.0,10,154.8,311.5573,60.9,1000.0,0.0,0.5,0.6,0.2,0.2,0.9489,14.5688,0
1757.0,-26.0,15,98.6,255.9648,30.9,234.0,0.0,0.4,0.67,0.13,0.13,0.9516,15.4303,0
1783.0,26.0,15,33.6,46.817,25.7,45.5,0.0,0.4,0.6,0.0,0.2,0.9513,14.7098,0
1854.0,6.0,42,82.5,158.0599,40.7,93.6,124.0,0.26,0.6,0.1,0.33,0.9586,12.8552,0
1848.0,-6.0,42,81.5,216.3652,23.9,71.6,354.0,0.36,0.74,0.12,0.12,0.9672,15.2804,0
1065.0,42.0,28,80.8,188.2261,36.6,105.3,0.0,0.29,0.57,0.04,0.32,0.9574,13.0674,0
1023.0,-42.0,28,54.4,188.0341,12.7,74.1,0.0,0.68,0.89,0.04,0.14,0.962,14.5143,0
1460.0,-24.0,46,67.4,151.6006,45.3,83.8,22.0,0.35,0.59,0.07,0.28,0.9472,12.7581,0
1484.0,24.0,46,54.1,152.3027,17.1,70.1,32.9,0.5,0.74,0.07,0.15,0.9594,14.3739,0
2321.0,13.0,34,38.9,72.6274,9.6,51.0,0.0,0.41,0.68,0.06,0.18,0.9601,15.3104,0
2308.0,-13.0,34,34.0,45.7367,11.4,42.1,0.0,0.41,0.79,0.0,0.26,0.9597,14.6889,0
1747.0,12.0,44,57.2,60.5894,13.6,72.3,53.2,0.34,0.61,0.05,0.39,0.962,14.9427,0
1735.0,-12.0,44,68.7,106.4116,20.6,65.9,172.4,0.34,0.64,0.05,0.32,0.9523,13.4834,0
1433.0,-114.0,42,34.1,43.6459,27.1,37.8,13.0,0.31,0.57,0.0,0.24,0.9675,14.4596,0
1547.0,114.0,42,28.5,55.4037,16.7,34.5,3.7,0.31,0.67,0.02,0.14,0.9661,13.7977,0
1853.0,1.0,29,145.1,204.6151,37.7,201.6,0.0,0.14,0.52,0.31,0.28,0.9606,13.4791,0
1852.0,-1.0,28,107.8,205.342,45.4,137.4,0.0,0.36,0.57,0.18,0.25,0.961,15.2705,0
1350.0,-23.0,23,37.7,69.1792,16.2,54.2,0.0,0.35,0.65,0.09,0.09,0.9597,15.1471,0
1373.0,23.0,22,98.7,222.0953,18.0,154.5,0.0,0.32,0.59,0.14,0.14,0.9159,14.691,0
2413.0,82.0,59,35.0,134.8573,3.4,31.8,56.6,0.51,0.9,0.03,0.07,0.9488,13.3904,0
2331.0,-82.0,58,66.3,186.4905,14.7,38.4,134.9,0.52,0.76,0.05,0.17,0.9077,11.418,0
1651.0,-42.0,10,76.6,92.9483,76.6,0.0,0.0,0.2,0.5,0.2,0.2,0.9568,15.221,0
1693.0,42.0,10,49.0,76.5884,54.4,0.0,0.0,0.2,0.7,0.1,0.1,0.958,15.8995,0
1886.0,49.0,17,32.3,64.9141,14.6,57.6,0.0,0.35,0.59,0.06,0.06,0.9591,15.15,0
1837.0,-49.0,17,23.8,31.641,14.6,34.2,0.0,0.53,0.76,0.0,0.24,0.9572,15.0795,0
1996.0,14.0,22,29.8,72.1519,48.5,14.2,0.0,0.5,0.77,0.05,0.05,0.9603,15.5636,0
1982.0,-14.0,21,51.2,131.0231,52.0,50.6,0.0,0.52,0.76,0.1,0.05,0.949,14.6581,0
1889.0,4.0,33,83.5,186.896,25.2,108.9,0.0,0.39,0.73,0.09,0.18,0.9656,15.1034,0
1885.0,-4.0,33,102.5,190.6581,17.3,134.5,0.0,0.3,0.55,0.15,0.3,0.964,14.3672,0
2040.0,-11.0,24,27.1,28.2503,23.8,29.4,0.0,0.21,0.67,0.0,0.17,0.9532,14.5246,0
2051.0,11.0,23,44.4,99.0013,19.4,60.4,0.0,0.22,0.39,0.04,0.17,0.9534,14.8859,0
1783.0,65.0,9,21.6,22.3446,21.6,0.0,0.0,0.33,0.56,0.0,0.11,0.9514,15.2263,0
1718.0,-65.0,8,17.5,15.353,17.5,0.0,0.0,0.5,0.88,0.0,0.0,0.9554,14.7754,0
1864.0,40.0,37,75.6,145.0365,9.9,99.9,0.0,0.49,0.7,0.08,0.3,0.9354,14.9797,0
1824.0,-40.0,37,58.8,115.2866,41.1,64.5,0.0,0.51,0.76,0.11,0.19,0.9605,14.3336,0
1032.0,41.0,26,124.4,262.0657,29.7,183.6,0.0,0.31,0.62,0.08,0.42,0.9602,14.7961,0
991.0,-41.0,26,74.1,192.9249,30.0,97.5,0.0,0.35,0.5,0.04,0.27,0.9649,16.0345,0
1571.0,-5.0,18,13.7,24.3958,8.8,19.9,0.0,0.56,0.83,0.0,0.11,0.9583,15.2379,0
1576.0,5.0,17,105.8,250.826,9.6,214.0,0.0,0.29,0.53,0.12,0.12,0.9526,13.5801,0
1803.0,20.0,41,62.8,91.9957,56.9,53.9,389.0,0.34,0.68,0.1,0.27,0.957,14.4981,0
1783.0,-20.0,41,46.6,61.3694,53.7,44.6,44.0,0.34,0.59,0.02,0.29,0.957,14.578,0
1104.0,391.0,56,184.0,362.3227,34.7,188.8,268.2,0.29,0.52,0.16,0.18,0.9577,15.2239,0
713.0,-391.0,55,202.4,360.6758,44.3,213.2,271.1,0.29,0.64,0.22,0.2,0.8581,8.2574,0
2076.0,159.0,18,19.1,22.7438,21.0,16.8,0.0,0.44,0.67,0.0,0.11,0.9637,15.4756,0
1917.0,-159.0,17,47.2,64.6766,49.4,44.8,0.0,0.41,0.65,0.06,0.29,0.9516,15.0788,0
1779.0,-33.0,25,27.7,50.9375,23.3,30.7,0.0,0.48,0.72,0.0,0.12,0.9591,15.693,0
1812.0,33.0,24,94.8,214.0238,13.9,143.3,0.0,0.25,0.62,0.17,0.08,0.9596,14.03,0
1398.0,14.0,57,22.7,28.8102,18.9,25.5,20.0,0.42,0.82,0.0,0.23,0.9603,13.4141,0
1384.0,-14.0,56,38.4,55.4261,33.0,33.6,49.6,0.36,0.62,0.02,0.2,0.9681,12.0573,0
1857.0,-4.0,25,22.2,21.7581,22.6,21.9,0.0,0.28,0.48,0.0,0.08,0.9651,15.7287,0
1861.0,4.0,24,87.2,206.0237,15.9,130.1,0.0,0.29,0.5,0.12,0.21,0.9614,15.1851,0
1928.0,-33.0,22,121.3,240.3428,29.9,197.4,0.0,0.5,0.64,0.14,0.23,0.96,15.6617,0
1961.0,33.0,22,69.7,100.9532,20.8,103.6,0.0,0.41,0.64,0.18,0.05,0.955,13.9048,0
993.0,90.0,70,105.7,233.039,85.2,135.2,83.0,0.27,0.51,0.16,0.16,0.9699,12.9897,0
903.0,-90.0,69,156.8,304.0778,59.4,156.6,186.1,0.25,0.77,0.17,0.22,0.8952,9.192,0
1870.0,16.0,61,62.5,144.8509,33.5,77.7,54.7,0.34,0.7,0.08,0.16,0.9571,14.5859,0
1854.0,-16.0,61,64.4,142.9468,20.7,90.0,47.5,0.26,0.61,0.08,0.21,0.921,12.1159,0
1712.0,17.0,43,27.1,29.3581,21.3,27.2,45.7,0.49,0.74,0.0,0.26,0.9634,15.0244,0
1695.0,-17.0,43,43.3,47.8549,32.8,40.1,91.8,0.35,0.53,0.02,0.3,0.918,13.0477,0
1867.0,12.0,42,53.7,157.0341,34.3,63.8,0.0,0.4,0.62,0.05,0.17,0.9556,13.8183,0
1855.0,-12.0,41,67.9,156.3162,53.0,76.9,0.0,0.29,0.46,0.05,0.32,0.9297,12.1892,0
1210.0,-73.0,23,81.5,120.7292,52.2,104.1,0.0,0.35,0.61,0.04,0.52,0.9669,15.3007,0
1283.0,73.0,23,66.0,73.5203,67.7,65.0,0.0,0.35,0.48,0.09,0.3,0.9574,15.1713,0
1900.0,56.0,34,39.7,62.6764,22.6,46.8,0.0,0.44,0.62,0.03,0.21,0.8938,12.9454,0
1844.0,-56.0,34,22.9,44.7941,12.9,26.5,0.0,0.59,0.79,0.0,0.06,0.9384,12.8678,0
1695.0,27.0,42,78.1,166.9195,31.5,98.9,0.5,0.24,0.55,0.07,0.36,0.8781,12.3873,0
1668.0,-27.0,42,29.6,41.8162,34.2,31.1,0.0,0.36,0.64,0.0,0.26,0.9581,15.0054,0
1764.0,-46.0,64,74.6,172.1416,22.5,55.4,120.2,0.5,0.7,0.09,0.23,0.9362,12.869,0
1810.0,46.0,64,47.2,153.7686,34.4,31.1,71.3,0.41,0.73,0.03,0.12,0.969,13.8691,0
1001.0,27.0,24,205.9,341.0075,31.9,330.1,0.0,0.33,0.67,0.25,0.21,0.9598,15.7316,0
974.0,-27.0,24,249.7,324.6581,100.3,339.3,0.0,0.17,0.46,0.42,0.17,0.9118,12.0798,0
1738.0,29.0,30,82.1,183.4889,53.9,96.2,0.0,0.33,0.57,0.07,0.33,0.9541,14.7424,0
1709.0,-29.0,30,33.4,37.1787,45.7,28.2,0.0,0.33,0.63,0.0,0.3,0.9602,14.9454,0
2616.0,-64.0,39,78.9,165.5199,27.3,96.8,0.0,0.38,0.74,0.1,0.31,0.9578,14.7327,0
2680.0,64.0,39,32.0,48.1508,12.9,37.8,0.0,0.49,0.85,0.03,0.15,0.9673,15.3966,0
2130.0,84.0,41,26.0,36.2215,26.1,26.9,0.0,0.51,0.78,0.0,0.22,0.8865,11.7751,0
2046.0,-84.0,40,48.3,53.5863,19.1,58.4,8.0,0.35,0.6,0.03,0.38,0.884,12.4189,0
1368.0,-24.0,29,32.8,43.9979,38.2,29.9,0.0,0.48,0.66,0.0,0.28,0.9594,14.8617,0
1392.0,24.0,29,60.4,91.0626,53.7,63.5,0.0,0.38,0.59,0.07,0.34,0.9335,13.1558,0
2173.0,-104.0,43,44.6,51.8074,10.1,53.4,71.3,0.3,0.65,0.02,0.37,0.9512,13.3588,0
2277.0,104.0,43,27.5,51.1335,4.3,38.1,0.0,0.58,0.79,0.05,0.14,0.9611,14.6988,0
1837.0,-1.0,26,66.3,101.9627,21.1,94.6,0.0,0.19,0.42,0.12,0.19,0.9595,14.696,0
1838.0,1.0,26,39.2,93.5922,9.3,54.9,0.0,0.42,0.69,0.04,0.15,0.9629,14.9438,0
1308.0,-9.0,20,57.4,65.9046,33.2,81.6,0.0,0.35,0.65,0.0,0.45,0.9617,14.7787,0
1317.0,9.0,20,124.5,223.1036,64.7,173.5,0.0,0.1,0.4,0.1,0.5,0.9492,13.4699,0
1370.0,2.0,32,41.3,55.3576,17.8,52.0,0.0,0.31,0.69,0.03,0.25,0.9669,16.0078,0
1368.0,-2.0,31,67.6,98.7001,33.3,81.7,0.0,0.29,0.55,0.1,0.32,0.9301,13.5023,0
1490.0,2.0,25,92.1,151.519,35.6,129.7,0.0,0.4,0.56,0.12,0.24,0.967,16.3311,0
1488.0,-2.0,25,58.9,104.1013,12.3,85.1,0.0,0.36,0.68,0.16,0.04,0.9582,14.1446,0
1609.0,45.0,31,50.1,76.1462,25.9,61.7,0.0,0.39,0.84,0.06,0.23,0.895,11.8458,0
1564.0,-45.0,30,79.6,106.3539,75.2,81.5,0.0,0.37,0.63,0.13,0.33,0.9606,13.7521,0
1222.0,-339.0,16,100.3,163.2049,61.3,165.3,0.0,0.12,0.25,0.06,0.5,0.9559,15.3233,0
1561.0,339.0,15,150.7,275.6596,31.7,329.3,0.0,0.27,0.4,0.27,0.2,0.88,13.221,0
941.0,113.0,19,47.2,58.4059,28.4,68.0,0.0,0.37,0.74,0.0,0.37,0.9638,15.7826,0
828.0,-113.0,18,80.9,83.0315,71.6,90.2,0.0,0.33,0.44,0.11,0.44,0.9567,13.8774,0
1858.0,-17.0,49,53.7,143.8042,24.6,50.9,95.3,0.39,0.65,0.04,0.14,0.9495,13.6729,0
1875.0,17.0,49,73.2,140.5623,27.4,65.0,139.2,0.27,0.61,0.06,0.33,0.9647,14.551,0
1481.0,38.0,18,111.3,241.4608,63.1,171.6,0.0,0.28,0.33,0.11,0.22,0.9599,15.4903,0
1443.0,-38.0,18,52.0,84.3494,43.4,60.6,0.0,0.28,0.56,0.06,0.11,0.9673,15.2287,0
1745.0,65.0,18,101.4,234.577,17.2,206.8,0.0,0.39,0.61,0.11,0.11,0.9561,15.0768,0
1680.0,-65.0,18,32.3,74.4674,16.9,47.7,0.0,0.56,0.67,0.06,0.06,0.9562,15.5974,0
1085.0,49.0,12,125.7,146.9083,127.6,116.0,0.0,0.33,0.42,0.25,0.33,0.9461,13.0078,0
1036.0,-49.0,12,46.0,75.728,44.4,50.7,0.0,0.67,0.83,0.08,0.17,0.952,15.3412,0
1412.0,82.0,38,68.8,109.9589,24.2,84.8,0.0,0.37,0.63,0.05,0.32,0.9297,12.6793,0
1330.0,-82.0,37,49.1,92.7006,34.9,53.6,0.0,0.35,0.65,0.03,0.32,0.9579,15.1489,0
1636.0,21.0,23,101.7,144.1068,24.2,161.3,0.0,0.3,0.65,0.13,0.35,0.9587,14.782,0
1615.0,-21.0,23,55.1,96.9552,13.9,81.6,0.0,0.39,0.78,0.13,0.13,0.9544,14.791,0
1469.0,62.0,26,82.6,204.9168,15.4,124.6,0.0,0.42,0.65,0.12,0.04,0.9602,15.7244,0
1407.0,-62.0,26,46.0,105.9273,12.7,63.6,0.0,0.35,0.58,0.08,0.08,0.9664,15.7349,0
1590.0,-2.0,58,51.2,147.9569,42.0,45.9,65.1,0.53,0.79,0.03,0.22,0.9337,13.5679,0
1592.0,2.0,57,80.5,196.7546,23.0,59.9,143.5,0.37,0.65,0.07,0.21,0.9122,11.4901,0
1740.0,-11.0,43,50.9,82.8084,38.0,59.0,12.7,0.42,0.79,0.09,0.12,0.9674,15.474,0
1751.0,11.0,42,76.4,133.5405,31.7,90.4,70.0,0.36,0.62,0.1,0.26,0.972,13.4828,0
2090.0,12.0,24,65.8,119.8021,14.2,102.6,0.0,0.29,0.54,0.12,0.12,0.9554,14.9328,0
2078.0,-12.0,24,30.5,81.7696,4.2,46.2,0.0,0.42,0.79,0.04,0.08,0.9616,15.4265,0
1384.0,-74.0,33,154.7,213.0804,47.9,201.2,0.0,0.3,0.64,0.27,0.21,0.9617,14.3554,0
1458.0,74.0,33,112.5,181.4787,87.0,122.1,0.0,0.45,0.7,0.15,0.27,0.9563,13.6094,0
2069.0,-25.0,61,66.0,144.43,82.6,86.0,29.6,0.25,0.54,0.05,0.31,0.9582,12.3476,0
2094.0,25.0,61,80.4,190.6687,39.2,112.3,53.8,0.28,0.51,0.05,0.26,0.9669,14.0038,0
1912.0,45.0,33,52.9,103.6865,71.1,45.0,0.0,0.48,0.7,0.03,0.3,0.9632,15.8391,0
1867.0,-45.0,32,76.6,104.4682,15.0,100.7,0.0,0.31,0.59,0.19,0.16,0.8987,13.9333,0
1544.0,125.0,63,54.4,119.2799,23.2,38.6,88.6,0.32,0.52,0.03,0.27,0.9653,13.3842,0
1419.0,-125.0,63,54.0,122.624,13.4,56.1,66.5,0.41,0.65,0.06,0.19,0.9726,12.2223,0
1712.0,-3.0,40,82.4,180.3876,18.4,103.7,0.0,0.3,0.68,0.1,0.2,0.9574,14.8698,0
1715.0,3.0,39,98.6,178.3729,30.0,119.2,0.0,0.36,0.59,0.15,0.26,0.9291,11.7034,0
1290.0,-13.0,25,92.8,193.1519,19.7,141.6,0.0,0.2,0.6,0.12,0.24,0.963,15.6019,0
1303.0,13.0,25,71.4,173.6189,21.4,99.6,0.0,0.28,0.76,0.08,0.16,0.952,14.4903,0
1358.0,7.0,16,104.9,241.9562,38.3,215.8,0.0,0.31,0.5,0.06,0.25,0.9547,14.5235,0
1351.0,-7.0,16,20.6,23.0101,16.6,25.7,0.0,0.69,0.81,0.0,0.12,0.9548,15.6428,0
2021.0,50.0,44,122.9,249.4105,37.3,158.8,68.0,0.32,0.61,0.11,0.3,0.9722,16.0283,0
1971.0,-50.0,43,143.0,255.1817,39.3,189.0,30.8,0.26,0.44,0.16,0.37,0.9645,14.0158,0
1625.0,2.0,57,74.9,150.6932,26.3,90.7,75.6,0.3,0.58,0.09,0.3,0.9421,14.4398,0
1623.0,-2.0,56,97.3,163.0797,47.7,112.3,97.2,0.16,0.57,0.12,0.25,0.9531,10.2657,0
1428.0,17.0,30,114.3,254.6431,66.3,138.2,0.0,0.4,0.67,0.13,0.2,0.9676,15.3291,0
1411.0,-17.0,29,117.0,266.5576,47.2,148.4,0.0,0.41,0.69,0.14,0.07,0.8862,10.4766,0
1579.0,55.0,13,64.8,145.4276,12.9,237.7,0.0,0.31,0.46,0.08,0.15,0.9587,15.1453,0
1524.0,-55.0,13,14.6,20.8987,7.1,31.5,0.0,0.69,0.85,0.0,0.15,0.9576,15.0696,0
604.0,24.0,18,197.7,296.7393,85.8,337.5,0.0,0.11,0.33,0.22,0.5,0.9663,15.6087,0
580.0,-24.0,18,160.9,249.6689,150.1,171.7,0.0,0.22,0.33,0.17,0.44,0.9042,13.9015,0
1693.0,-2.0,45,110.1,203.3254,46.4,114.7,209.8,0.33,0.62,0.18,0.2,0.9624,13.9687,0
1695.0,2.0,44,114.9,246.2169,24.0,121.2,240.8,0.39,0.66,0.16,0.07,0.9622,14.6321,0
1601.0,43.0,19,118.4,225.3918,68.6,173.8,0.0,0.11,0.37,0.11,0.42,0.957,15.3727,0
1558.0,-43.0,19,38.2,54.714,13.3,60.6,0.0,0.47,0.68,0.0,0.32,0.9617,15.6781,0
1597.0,19.0,28,120.0,159.5802,67.9,148.9,0.0,0.25,0.57,0.14,0.43,0.9561,14.6732,0
1578.0,-19.0,27,122.7,174.2012,77.7,145.2,0.0,0.33,0.59,0.22,0.19,0.9596,14.8849,0
1784.0,-80.0,25,47.2,44.644,18.9,66.1,0.0,0.24,0.76,0.0,0.36,0.9614,15.6927,0
1864.0,80.0,25,59.2,72.4864,31.2,75.0,0.0,0.44,0.68,0.08,0.24,0.9221,13.6944,0
1168.0,-36.0,58,50.1,142.5849,133.2,39.0,22.4,0.33,0.52,0.05,0.16,0.9436,14.1946,0
1204.0,36.0,57,119.2,259.523,76.4,139.8,106.2,0.44,0.72,0.12,0.21,0.8025,9.7074,0
1892.0,-11.0,45,138.0,310.1838,39.2,193.9,0.6,0.33,0.71,0.11,0.2,0.9619,15.68,0
1903.0,11.0,44,127.3,301.0511,39.9,174.6,1.0,0.5,0.66,0.11,0.11,0.8652,10.1358,0
1106.0,-489.0,28,66.0,188.1303,15.7,94.0,0.0,0.46,0.64,0.04,0.25,0.9582,14.9704,0
1595.0,489.0,27,124.2,272.0246,77.1,147.7,0.0,0.33,0.56,0.11,0.3,0.9565,14.251,0
2250.0,-31.0,47,65.3,155.9552,9.7,51.2,205.6,0.32,0.7,0.09,0.19,0.9467,13.8131,0
2281.0,31.0,47,25.0,51.3128,6.7,37.2,0.2,0.51,0.85,0.02,0.15,0.9685,16.1168,0
1736.0,-71.0,55,64.9,190.4093,19.3,78.6,68.1,0.42,0.65,0.05,0.18,0.9537,14.2848,0
1807.0,71.0,54,87.5,199.8436,39.0,103.5,84.5,0.43,0.67,0.09,0.22,0.9155,10.7471,0
1348.0,-45.0,26,49.3,66.5761,14.1,71.3,0.0,0.31,0.58,0.08,0.27,0.9643,15.216,0
1393.0,45.0,25,63.5,197.1761,7.1,95.2,0.0,0.32,0.8,0.04,0.16,0.9634,15.4675,0
1554.0,8.0,57,93.7,151.3459,62.9,134.9,39.1,0.3,0.58,0.14,0.35,0.9549,10.6925,0
1546.0,-8.0,57,101.1,226.6335,48.6,166.1,19.1,0.32,0.63,0.12,0.25,0.9443,14.2554,0
1073.0,-99.0,28,61.2,68.1308,80.3,50.6,0.0,0.32,0.5,0.04,0.39,0.9642,12.9814,0
1172.0,99.0,28,31.6,38.7014,24.6,35.0,0.0,0.29,0.64,0.0,0.32,0.9503,14.0879,0
1716.0,-30.0,51,103.2,208.9587,10.8,84.2,239.1,0.37,0.59,0.1,0.25,0.9295,13.6471,0
1746.0,30.0,51,64.5,147.2908,10.8,54.8,129.2,0.45,0.75,0.08,0.2,0.9625,13.1682,0
1624.0,-66.0,18,34.4,46.3429,44.8,21.4,0.0,0.5,0.61,0.0,0.17,0.9536,14.4186,0
1690.0,66.0,17,29.1,33.8941,27.4,30.9,0.0,0.41,0.65,0.0,0.24,0.9553,14.9819,0
1498.0,14.0,24,82.2,199.7797,37.5,114.2,0.0,0.38,0.71,0.04,0.29,0.9662,15.0263,0
1484.0,-14.0,23,98.3,212.6603,50.7,128.9,0.0,0.3,0.48,0.13,0.17,0.9093,13.4829,0
1516.0,3.0,43,132.4,254.5423,28.9,113.5,666.7,0.49,0.58,0.16,0.26,0.9634,15.6352,0
1513.0,-3.0,42,163.2,280.8278,20.6,188.9,334.0,0.19,0.5,0.21,0.29,0.9634,14.4548,0
1659.0,-16.0,38,45.4,44.9266,38.1,48.0,0.0,0.42,0.63,0.0,0.34,0.97,15.7985,0
1675.0,16.0,37,59.9,114.5007,36.9,67.3,0.0,0.32,0.51,0.03,0.3,0.9598,14.8285,0
1494.0,-87.0,67,50.4,91.8197,44.0,76.3,24.0,0.45,0.72,0.06,0.22,0.974,12.7708,0
1581.0,87.0,66,45.4,82.4256,17.8,66.3,31.4,0.42,0.77,0.05,0.24,0.9584,12.0991,0
1992.0,-84.0,54,63.5,91.5755,27.9,62.0,92.2,0.3,0.61,0.06,0.3,0.9689,14.2912,0
2076.0,84.0,54,45.5,78.3956,46.6,48.9,38.1,0.35,0.59,0.06,0.22,0.9631,14.243,0
1802.0,-32.0,41,44.7,66.8851,37.4,48.6,0.0,0.32,0.63,0.05,0.2,0.9674,15.3387,0
1834.0,32.0,40,75.0,174.3491,51.6,84.6,0.0,0.4,0.6,0.07,0.2,0.8703,12.636,0
1458.0,-24.0,6,39.7,44.3787,39.7,0.0,0.0,0.33,0.67,0.0,0.17,0.9551,15.0481,0
1482.0,24.0,5,103.6,214.4407,103.6,0.0,0.0,0.6,0.6,0.2,0.0,0.944,14.1358,0
2375.0,7.0,28,60.4,110.285,18.6,83.7,0.0,0.43,0.71,0.11,0.14,0.9672,15.1655,0
2368.0,-7.0,28,36.0,58.6032,21.3,42.9,0.0,0.46,0.75,0.04,0.18,0.9663,14.6493,0
1676.0,124.0,35,85.1,202.369,27.4,108.2,0.0,0.23,0.74,0.09,0.26,0.9365,14.3437,0
1552.0,-124.0,35,46.4,77.2194,22.9,54.5,0.0,0.46,0.6,0.09,0.23,0.9332,14.7731,0
1376.0,-56.0,37,66.5,176.1963,19.3,84.0,0.0,0.35,0.7,0.05,0.22,0.8818,13.5202,0
1432.0,56.0,37,33.2,69.696,14.6,39.1,0.0,0.46,0.7,0.03,0.19,0.9646,15.05,0
2075.0,2.0,26,40.0,86.8364,31.9,45.1,0.0,0.5,0.65,0.08,0.04,0.9449,13.9151,0
2073.0,-2.0,26,9.0,12.3207,7.6,9.8,0.0,0.62,0.81,0.0,0.0,0.9506,14.3235,0
2209.0,111.0,55,133.3,268.3273,75.4,41.8,354.8,0.36,0.62,0.16,0.2,0.9475,13.3554,0
2098.0,-111.0,55,105.0,257.4893,16.2,37.9,280.9,0.4,0.64,0.09,0.22,0.9712,15.2108,0
1737.0,26.0,58,52.4,113.665,33.3,49.3,68.3,0.4,0.66,0.05,0.21,0.9673,12.9657,0
1711.0,-26.0,57,76.3,139.6062,31.2,62.3,122.2,0.33,0.7,0.09,0.25,0.9588,12.2472,0
1127.0,-31.0,39,104.0,216.4994,63.9,117.8,0.0,0.51,0.67,0.15,0.23,0.9531,13.4963,0
1158.0,31.0,39,59.2,114.0548,34.0,66.8,0.0,0.46,0.87,0.1,0.15,0.9682,13.107,0
1436.0,-10.0,19,139.1,198.7328,23.6,267.3,0.0,0.26,0.68,0.21,0.26,0.9607,15.8901,0
1446.0,10.0,19,111.4,137.5145,29.4,185.1,0.0,0.26,0.47,0.21,0.26,0.9601,15.1054,0
2250.0,-1.0,32,120.6,245.7495,94.8,132.3,0.0,0.28,0.66,0.09,0.38,0.9631,13.3052,0
2251.0,1.0,32,89.2,243.2254,43.2,107.1,0.0,0.44,0.69,0.06,0.19,0.9606,15.111,0
2029.0,-26.0,34,58.3,75.349,60.2,57.5,0.0,0.26,0.56,0.09,0.24,0.9581,15.2076,0
2055.0,26.0,34,36.6,76.7614,26.3,40.2,0.0,0.41,0.74,0.06,0.09,0.964,14.4378,0
1744.0,26.0,23,22.7,38.8618,6.7,34.9,0.0,0.48,0.83,0.0,0.13,0.9565,15.0812,0
1718.0,-26.0,22,27.3,44.693,5.0,42.8,0.0,0.45,0.77,0.0,0.18,0.9628,15.1578,0
1633.0,87.0,13,36.0,36.973,36.9,33.0,0.0,0.46,0.69,0.0,0.31,0.9473,14.7412,0
1546.0,-87.0,12,26.6,37.1201,28.6,20.7,0.0,0.33,0.83,0.0,0.08,0.9519,14.8538,0
1348.0,40.0,17,49.9,87.9502,14.7,100.1,0.0,0.35,0.71,0.12,0.12,0.9586,15.5295,0
1308.0,-40.0,16,132.0,258.901,31.3,261.4,0.0,0.38,0.56,0.19,0.19,0.9622,14.7442,0
1585.0,-54.0,60,47.3,110.2336,43.0,41.4,58.4,0.4,0.7,0.08,0.1,0.9708,12.748,0
1639.0,54.0,59,38.2,86.5536,18.8,49.3,30.2,0.39,0.71,0.05,0.17,0.9684,12.8076,0
1660.0,2.0,26,51.7,51.0557,49.7,53.0,0.0,0.27,0.38,0.0,0.46,0.945,13.4538,0
1658.0,-2.0,25,40.2,57.7792,16.0,53.9,0.0,0.56,0.72,0.0,0.24,0.8712,13.3208,0
2260.0,-12.0,47,109.0,243.7191,19.8,57.1,459.3,0.26,0.51,0.13,0.23,0.9442,12.9249,0
2272.0,12.0,47,20.9,29.9899,9.9,29.5,0.9,0.38,0.66,0.0,0.11,0.965,14.8444,0
1302.0,-19.0,53,154.6,284.1573,32.4,108.9,354.1,0.57,0.75,0.23,0.15,0.9028,10.3754,0
1321.0,19.0,52,95.6,238.4308,48.0,80.5,163.4,0.37,0.62,0.12,0.13,0.9664,14.7978,0
1389.0,-9.0,32,66.2,132.6416,17.3,88.5,0.0,0.31,0.78,0.09,0.16,0.9649,15.2849,0
1398.0,9.0,31,62.3,159.1933,20.9,79.3,0.0,0.48,0.68,0.06,0.23,0.9655,14.5456,0
1257.0,-27.0,44,88.3,172.8089,38.7,111.7,37.0,0.41,0.73,0.14,0.2,0.9618,14.0638,0
1284.0,27.0,43,98.3,177.0983,64.2,121.5,0.8,0.33,0.56,0.16,0.21,0.9217,11.635,0
2255.0,-5.0,53,54.9,97.8664,6.0,54.5,93.6,0.47,0.72,0.08,0.21,0.9478,14.4242,0
2260.0,5.0,53,58.9,105.1615,7.7,56.7,96.5,0.4,0.68,0.09,0.23,0.9565,13.9861,0
1997.0,61.0,43,47.9,78.3337,22.2,57.7,36.3,0.35,0.74,0.05,0.23,0.9601,13.6466,0
1936.0,-61.0,43,26.7,37.3558,31.0,22.8,46.5,0.44,0.81,0.0,0.23,0.9635,14.0283,0
1748.0,29.0,67,87.6,133.7375,46.5,114.8,72.7,0.39,0.67,0.15,0.3,0.976,11.3535,0
1719.0,-29.0,67,113.3,235.7395,34.6,106.0,146.3,0.39,0.67,0.13,0.25,0.9527,13.4326,0
2130.0,-115.0,21,41.4,61.4098,29.8,52.0,0.0,0.33,0.71,0.05,0.19,0.9616,13.6922,0
2245.0,115.0,21,8.8,14.7262,12.2,6.2,0.0,0.76,0.9,0.0,0.05,0.9474,14.8992,0
1700.0,-2.0,38,144.8,275.3168,70.9,171.2,0.0,0.29,0.61,0.18,0.26,0.9023,10.7881,0
1702.0,2.0,38,79.4,224.009,32.7,93.9,0.0,0.34,0.71,0.05,0.21,0.9555,14.2088,0
1725.0,-20.0,12,24.4,22.6453,24.6,23.5,0.0,0.25,0.58,0.0,0.08,0.956,15.056,0
1745.0,20.0,11,22.6,17.5401,24.6,14.0,0.0,0.0,0.36,0.0,0.09,0.9596,14.7403,0
1182.0,88.0,27,147.4,264.6491,57.8,200.1,0.0,0.26,0.67,0.22,0.22,0.9612,14.2064,0
1094.0,-88.0,26,126.7,278.8506,19.3,183.5,0.0,0.27,0.62,0.15,0.19,0.9628,15.1491,0
981.0,16.0,9,24.2,59.4281,24.2,0.0,0.0,0.56,0.78,0.0,0.11,0.9574,15.5468,0
965.0,-16.0,8,146.2,346.0412,146.2,0.0,0.0,0.38,0.5,0.12,0.25,0.945,14.468,0
1399.0,8.0,25,116.7,270.248,31.8,173.3,0.0,0.32,0.6,0.08,0.28,0.9606,15.8295,0
1391.0,-8.0,24,127.2,283.5292,35.7,182.1,0.0,0.29,0.54,0.12,0.21,0.9075,13.6954,0
1333.0,13.0,30,105.0,106.9665,43.3,135.9,0.0,0.23,0.53,0.17,0.4,0.9582,14.0994,0
1320.0,-13.0,29,67.9,183.5066,26.6,86.5,0.0,0.38,0.69,0.03,0.31,0.9537,14.1771,0
1809.0,37.0,55,59.0,90.0956,22.0,51.8,98.1,0.38,0.67,0.02,0.31,0.9271,12.2154,0
1772.0,-37.0,54,59.3,149.8353,20.7,31.8,137.3,0.43,0.74,0.09,0.13,0.9602,13.745,0
1549.0,19.0,68,28.3,47.4961,46.7,33.7,15.9,0.46,0.75,0.01,0.16,0.9625,12.3698,0
1530.0,-19.0,68,24.0,35.7564,30.8,38.0,7.4,0.41,0.69,0.0,0.18,0.957,12.5984,0
1990.0,59.0,24,111.3,212.5427,84.5,130.5,0.0,0.5,0.71,0.17,0.21,0.8755,12.4158,0
1931.0,-59.0,23,142.4,290.5243,37.1,210.1,0.0,0.48,0.78,0.13,0.26,0.9473,15.2029,0
1819.0,-36.0,58,18.6,26.1596,22.5,26.4,3.2,0.17,0.53,0.0,0.09,0.9487,13.1463,0
1855.0,36.0,58,19.6,35.8614,26.6,28.0,3.0,0.31,0.66,0.0,0.12,0.9501,12.1001,0
2167.0,13.0,26,30.8,36.9873,41.3,24.3,0.0,0.65,0.77,0.0,0.19,0.9593,15.2733,0
2154.0,-13.0,25,95.3,200.9269,80.7,103.5,0.0,0.24,0.6,0.12,0.36,0.9558,14.7543,0
1264.0,-61.0,27,80.1,116.6314,43.1,101.9,0.0,0.26,0.52,0.15,0.22,0.9609,15.8835,0
1325.0,61.0,26,60.3,100.2489,45.8,68.1,0.0,0.38,0.58,0.12,0.15,0.959,14.9482,0
1431.0,4.0,33,106.7,192.7808,16.8,145.8,0.0,0.27,0.61,0.12,0.36,0.9353,15.4944,0
1427.0,-4.0,33,59.5,84.4919,17.4,75.3,0.0,0.33,0.67,0.06,0.3,0.957,15.3753,0
1890.0,-28.0,64,74.8,214.4696,21.3,100.7,64.8,0.42,0.7,0.06,0.17,0.9566,13.6516,0
1918.0,28.0,63,111.0,244.2764,27.1,119.5,131.8,0.35,0.63,0.11,0.22,0.9308,11.0245,0
1579.0,44.0,67,112.7,261.9115,18.0,52.5,214.7,0.48,0.73,0.12,0.22,0.9272,10.4699,0
1535.0,-44.0,67,104.2,284.654,13.4,23.4,219.9,0.54,0.69,0.09,0.12,0.9596,13.3298,0
1859.0,1.0,5,20.4,16.3187,20.4,0.0,0.0,0.4,0.6,0.0,0.0,0.9461,14.3176,0
1858.0,-1.0,4,18.0,26.932,18.0,0.0,0.0,0.75,0.75,0.0,0.25,0.952,14.6789,0
965.0,-18.0,52,63.7,79.7529,30.3,78.2,55.2,0.33,0.58,0.06,0.33,0.9695,13.4491,0
983.0,18.0,51,48.9,74.4276,33.8,58.5,36.4,0.45,0.75,0.06,0.24,0.963,13.2142,0
1520.0,-33.0,51,54.6,124.7212,13.9,77.1,30.1,0.39,0.61,0.08,0.16,0.9233,12.7132,0
1553.0,33.0,51,36.3,78.3283,15.2,49.9,17.9,0.33,0.61,0.02,0.22,0.942,13.7167,0
2080.0,36.0,14,62.4,67.37,58.1,73.0,0.0,0.36,0.5,0.07,0.43,0.9577,15.5449,0
2044.0,-36.0,14,30.3,34.8258,35.8,20.4,0.0,0.36,0.57,0.0,0.36,0.9533,14.7206,0
1819.0,-49.0,26,67.5,115.1605,26.7,92.9,0.0,0.23,0.58,0.12,0.15,0.9581,15.0328,0
1868.0,49.0,26,31.2,31.8371,34.4,29.5,0.0,0.27,0.65,0.0,0.27,0.9649,14.784,0
2042.0,60.0,42,24.0,39.2453,7.6,31.0,0.0,0.57,0.83,0.02,0.19,0.9628,14.959,0
1982.0,-60.0,41,37.4,49.9724,12.2,46.1,19.0,0.29,0.61,0.0,0.24,0.961,13.4221,0
1819.0,67.0,78,91.7,232.2404,17.7,65.5,131.8,0.47,0.77,0.08,0.18,0.8653,9.7461,0
1752.0,-67.0,78,54.0,130.4239,25.4,63.8,53.0,0.44,0.76,0.05,0.22,0.9558,12.1925,0
1844.0,112.0,34,39.1,51.2595,5.2,53.2,0.0,0.44,0.74,0.0,0.29,0.963,15.4825,0
1732.0,-112.0,33,44.6,67.7034,3.4,60.0,0.0,0.39,0.67,0.06,0.21,0.9612,15.5002,0
1965.0,-6.0,56,68.6,164.4881,51.4,50.2,113.8,0.39,0.71,0.09,0.14,0.958,13.6229,0
1971.0,6.0,56,95.3,216.7662,12.3,36.0,244.0,0.39,0.73,0.14,0.16,0.9698,13.728,0
990.0,-43.0,15,112.1,252.4146,40.2,256.0,0.0,0.2,0.53,0.07,0.4,0.957,15.7844,0
1033.0,43.0,15,166.7,258.9751,78.9,298.3,0.0,0.13,0.47,0.2,0.4,0.8899,13.2804,0
1967.0,-13.0,23,117.4,263.4353,20.2,192.2,0.0,0.22,0.57,0.09,0.17,0.9595,14.4835,0
1980.0,13.0,23,53.9,93.0249,26.3,71.6,0.0,0.3,0.57,0.04,0.26,0.9608,15.618,0
1379.0,39.0,34,77.5,179.3644,53.5,87.5,0.0,0.18,0.47,0.09,0.32,0.8931,12.5568,0
1340.0,-39.0,33,48.6,172.273,12.3,62.2,0.0,0.48,0.7,0.03,0.06,0.9685,16.0976,0
1205.0,-120.0,29,67.7,187.768,28.7,88.2,0.0,0.45,0.62,0.07,0.14,0.9623,14.0411,0
1325.0,120.0,28,139.9,302.8037,18.0,197.6,0.0,0.25,0.43,0.11,0.29,0.9661,14.7996,0
2205.0,-22.0,43,63.8,152.2688,61.8,65.3,55.3,0.35,0.63,0.05,0.33,0.9705,14.9583,0
2227.0,22.0,42,79.6,174.8415,24.1,101.3,29.0,0.38,0.52,0.1,0.19,0.9416,13.6486,0
1674.0,62.0,33,109.8,201.6076,42.8,138.9,0.0,0.36,0.58,0.15,0.27,0.9665,16.2666,0
1612.0,-62.0,32,115.3,190.987,57.2,138.1,0.0,0.28,0.41,0.12,0.44,0.9011,13.8267,0
1554.0,-8.0,28,42.5,76.8719,12.0,59.5,0.0,0.46,0.79,0.04,0.18,0.9485,11.9154,0
1562.0,8.0,28,13.3,18.6628,11.4,14.2,0.0,0.43,0.96,0.0,0.04,0.961,15.361,0
1363.0,-14.0,32,112.1,130.672,62.2,134.7,0.0,0.34,0.5,0.25,0.31,0.9596,14.7677,0
1377.0,14.0,32,122.3,201.6926,79.3,139.1,0.0,0.28,0.44,0.22,0.28,0.9524,14.5003,0
1995.0,-41.0,29,71.5,127.9446,47.3,84.2,0.0,0.28,0.52,0.07,0.34,0.961,14.6756,0
2036.0,41.0,29,34.8,63.4305,26.6,38.5,0.0,0.45,0.76,0.03,0.17,0.9628,15.5569,0
1996.0,10.0,46,72.1,105.0,17.3,81.4,116.5,0.3,0.59,0.09,0.33,0.9617,12.779,0
1986.0,-10.0,46,58.8,87.2739,15.2,77.5,34.9,0.3,0.59,0.07,0.28,0.9597,14.2495,0
1262.0,16.0,42,134.5,207.6341,29.9,165.2,197.0,0.29,0.55,0.26,0.19,0.958,12.8366,0
1246.0,-16.0,42,115.2,218.1594,30.0,139.5,127.7,0.4,0.6,0.14,0.21,0.9559,13.0582,0
1672.0,-20.0,38,117.7,206.6024,54.7,140.2,0.0,0.29,0.53,0.13,0.39,0.9656,16.0808,0
1692.0,20.0,37,125.5,206.503,53.9,148.5,0.0,0.24,0.57,0.14,0.38,0.9636,12.7406,0
2486.0,-27.0,30,74.6,198.3686,36.8,93.5,0.0,0.33,0.57,0.07,0.13,0.9646,14.6381,0
2513.0,27.0,30,47.6,107.4647,46.1,48.2,0.0,0.43,0.73,0.07,0.1,0.9643,14.8292,0
2036.0,-13.0,4,177.2,304.1221,177.2,0.0,0.0,0.25,0.5,0.25,0.25,0.9649,13.8918,0
2049.0,13.0,4,17.8,22.9693,17.8,0.0,0.0,0.25,0.5,0.0,0.0,0.9556,14.392,0
2032.0,9.0,67,70.3,149.3429,34.6,66.6,87.6,0.43,0.78,0.09,0.21,0.8956,10.9685,0
2023.0,-9.0,67,62.5,157.5624,20.0,64.0,74.6,0.49,0.81,0.07,0.18,0.9001,12.9753,0
1446.0,16.0,20,60.9,96.5532,50.5,71.3,0.0,0.3,0.65,0.1,0.15,0.9599,15.5946,0
1430.0,-16.0,19,139.5,256.3956,56.8,213.9,0.0,0.16,0.53,0.21,0.11,0.9541,14.0898,0
1171.0,-55.0,19,90.7,190.213,82.3,100.1,0.0,0.58,0.74,0.16,0.11,0.9579,15.243,0
1226.0,55.0,18,110.4,260.4587,108.3,112.6,0.0,0.78,0.78,0.17,0.06,0.6652,9.0582,0
1151.0,-36.0,36,43.7,63.5213,7.2,57.8,0.0,0.39,0.61,0.06,0.28,0.8968,12.9046,0
1187.0,36.0,36,23.5,29.439,10.1,27.9,0.0,0.5,0.67,0.0,0.25,0.9368,13.8486,0
1314.0,10.0,35,91.4,168.1631,24.5,118.2,0.0,0.2,0.66,0.09,0.34,0.9721,11.962,0
1304.0,-10.0,35,103.8,168.5803,14.4,134.8,0.0,0.34,0.6,0.14,0.26,0.9625,14.7664,0
1411.0,28.0,21,50.0,64.1607,35.5,63.2,0.0,0.48,0.67,0.05,0.29,0.9649,16.3818,0
1383.0,-28.0,20,131.8,236.7274,78.2,175.6,0.0,0.35,0.5,0.15,0.3,0.8598,12.9898,0
1725.0,19.0,17,24.1,36.7908,15.2,36.7,0.0,0.59,0.65,0.0,0.24,0.9012,14.2815,0
1706.0,-19.0,17,117.0,241.8641,48.2,194.4,0.0,0.29,0.59,0.12,0.24,0.9404,14.5177,0
2317.0,83.0,37,52.2,79.6873,9.9,67.9,0.0,0.38,0.7,0.08,0.22,0.9138,14.848,0
2234.0,-83.0,37,31.6,106.0546,6.8,39.5,0.0,0.57,0.81,0.03,0.11,0.968,15.6267,0
1383.0,-16.0,21,40.2,53.1353,27.7,51.5,0.0,0.29,0.71,0.0,0.33,0.9635,15.2955,0
1399.0,16.0,20,57.1,61.1159,39.3,71.6,0.0,0.35,0.55,0.0,0.4,0.9552,15.0947,0
2341.0,131.0,39,30.5,72.59,15.2,35.7,0.0,0.41,0.79,0.03,0.08,0.962,15.7002,0
2210.0,-131.0,38,45.4,57.1034,22.2,52.7,0.0,0.34,0.66,0.05,0.21,0.9717,12.7427,0
1460.0,11.0,55,44.7,72.5692,46.5,35.0,62.9,0.27,0.67,0.04,0.24,0.9632,12.2246,0
1449.0,-11.0,55,37.4,50.7556,43.0,35.6,37.6,0.31,0.67,0.02,0.25,0.9438,12.5086,0
2062.0,-95.0,39,77.7,182.9207,76.8,78.1,0.0,0.33,0.56,0.08,0.18,0.9605,15.9355,0
2157.0,95.0,39,71.4,109.8259,92.8,65.0,0.0,0.26,0.41,0.1,0.31,0.9559,13.7312,0
2166.0,-29.0,51,42.0,53.7714,29.1,55.8,16.2,0.49,0.78,0.02,0.25,0.9122,12.0233,0
2195.0,29.0,50,40.0,63.7527,34.0,42.9,37.2,0.36,0.72,0.02,0.3,0.9669,14.5615,0
2226.0,6.0,69,38.6,59.6332,22.7,40.8,41.8,0.41,0.75,0.03,0.2,0.958,12.9064,0
2220.0,-6.0,69,57.6,140.1848,10.6,47.0,82.3,0.35,0.57,0.04,0.19,0.9568,12.9634,0
2520.0,41.0,55,106.8,204.0948,115.5,112.2,90.3,0.29,0.6,0.13,0.29,0.9539,12.9321,0
2479.0,-41.0,55,121.7,233.376,106.1,133.5,108.2,0.45,0.67,0.16,0.16,0.9399,12.5232,0
1788.0,-5.0,40,103.8,253.4674,41.7,124.6,0.0,0.38,0.68,0.07,0.23,0.9636,14.3583,0
1793.0,5.0,40,80.7,190.2673,32.8,97.8,0.0,0.4,0.57,0.07,0.23,0.9408,14.6381,0
985.0,-55.0,43,59.9,78.7575,52.6,66.2,21.0,0.4,0.67,0.07,0.3,0.9674,11.571,0
1040.0,55.0,42,60.5,91.9062,68.1,59.9,43.7,0.48,0.76,0.12,0.19,0.9285,13.5811,0
2040.0,52.0,26,25.4,47.2356,17.7,30.2,0.0,0.62,0.85,0.04,0.08,0.9649,15.4255,0
1988.0,-52.0,25,61.3,197.5845,16.7,86.4,0.0,0.4,0.68,0.04,0.2,0.8725,12.1575,0
2265.0,-96.0,26,42.8,90.5974,13.8,61.0,0.0,0.54,0.85,0.04,0.23,0.9638,14.7299,0
2361.0,96.0,25,60.0,81.5815,12.8,86.5,0.0,0.28,0.56,0.12,0.24,0.9615,15.2593,0
1849.0,20.0,50,34.0,112.2507,113.1,16.0,9.0,0.64,0.82,0.02,0.12,0.9345,12.601,0
1829.0,-20.0,49,49.6,103.7882,32.9,53.5,53.0,0.35,0.63,0.04,0.24,0.9665,12.6539,0
1897.0,-79.0,36,56.5,93.6197,66.4,52.7,0.0,0.31,0.72,0.08,0.14,0.9345,13.8316,0
1976.0,79.0,36,38.6,57.8003,32.4,40.7,0.0,0.5,0.67,0.03,0.19,0.9629,15.0531,0
1878.0,21.0,43,51.9,57.8645,55.1,53.3,27.7,0.28,0.51,0.0,0.4,0.944,13.1984,0
1857.0,-21.0,43,38.9,60.2715,32.8,43.9,14.5,0.4,0.74,0.05,0.21,0.9639,13.9508,0
1518.0,11.0,9,18.7,18.5607,18.7,0.0,0.0,0.44,0.67,0.0,0.0,0.9466,14.7432,0
1507.0,-11.0,8,54.6,143.6752,54.6,0.0,0.0,0.62,0.88,0.12,0.0,0.9462,14.7615,0
2027.0,42.0,60,71.7,144.3732,26.8,51.2,125.0,0.38,0.6,0.05,0.3,0.9314,12.7942,0
1985.0,-42.0,60,59.2,135.8825,25.2,48.9,88.4,0.25,0.62,0.05,0.2,0.9376,13.4126,0
1342.0,-35.0,25,74.6,198.2942,10.2,117.5,0.0,0.24,0.48,0.04,0.2,0.8844,13.5869,0
1377.0,35.0,24,19.0,27.4012,19.7,18.7,0.0,0.46,0.75,0.0,0.12,0.9562,14.8732,0
1903.0,-1.0,30,45.2,85.7955,23.2,56.2,0.0,0.3,0.53,0.03,0.23,0.9644,15.0028,0
1904.0,1.0,30,37.1,51.5095,30.4,40.0,0.0,0.47,0.63,0.0,0.27,0.9637,15.2718,0
1775.0,-32.0,47,118.4,251.801,22.7,59.7,506.7,0.34,0.64,0.13,0.23,0.9208,12.6529,0
1807.0,32.0,47,98.4,250.9276,24.9,37.4,410.0,0.51,0.74,0.13,0.13,0.9533,13.8274,0
1855.0,-4.0,34,101.7,202.5169,20.9,135.3,0.0,0.41,0.65,0.15,0.21,0.9713,14.8747,0
1859.0,4.0,33,112.1,219.3825,5.9,151.9,0.0,0.52,0.73,0.18,0.18,0.9534,14.8784,0
1112.0,8.0,33,68.8,94.1142,46.5,78.5,0.0,0.33,0.52,0.09,0.33,0.9506,14.111,0
1104.0,-8.0,32,43.2,63.7728,38.3,45.2,0.0,0.41,0.69,0.03,0.28,0.9637,14.9558,0
1832.0,16.0,49,126.6,237.4843,44.0,74.9,390.8,0.16,0.47,0.12,0.43,0.9731,12.6303,0
1816.0,-16.0,48,59.0,149.1063,16.4,52.7,122.6,0.33,0.65,0.04,0.29,0.9687,15.4092,0
1896.0,4.0,43,20.1,24.9235,35.0,17.1,0.0,0.35,0.74,0.0,0.12,0.948,13.5334,0
1892.0,-4.0,42,30.4,38.8292,26.1,23.2,115.0,0.29,0.57,0.02,0.14,0.9587,13.7833,0
1597.0,8.0,22,76.9,84.7466,44.2,104.2,0.0,0.27,0.55,0.09,0.45,0.9649,15.1535,0
1589.0,-8.0,22,80.5,132.1351,37.8,110.1,0.0,0.32,0.59,0.09,0.36,0.9596,15.2852,0
1612.0,29.0,28,41.9,75.8854,27.2,50.1,0.0,0.43,0.71,0.07,0.21,0.957,15.418,0
1583.0,-29.0,27,103.6,215.5553,26.2,142.3,0.0,0.33,0.48,0.11,0.22,0.9512,14.0949,0
1402.0,-14.0,18,125.1,234.5164,52.8,215.4,0.0,0.28,0.72,0.11,0.39,0.8982,11.2242,0
1416.0,14.0,18,25.2,37.089,33.0,17.4,0.0,0.33,0.78,0.0,0.17,0.9612,15.7268,0
2219.0,8.0,14,28.2,45.2313,8.0,78.8,0.0,0.43,0.86,0.0,0.14,0.9591,14.9282,0
2211.0,-8.0,13,78.8,93.1861,66.7,106.2,0.0,0.15,0.54,0.15,0.23,0.9638,15.8063,0
1682.0,69.0,33,66.1,181.9517,18.4,86.9,0.0,0.39,0.82,0.09,0.09,0.959,14.8271,0
1613.0,-69.0,32,76.7,183.1921,28.2,95.6,0.0,0.47,0.69,0.12,0.22,0.8119,10.7351,0
2380.0,-136.0,26,67.0,77.0693,30.7,89.7,0.0,0.38,0.5,0.04,0.42,0.9623,15.2259,0
2516.0,136.0,26,70.3,192.252,28.4,92.4,0.0,0.42,0.62,0.04,0.35,0.9611,15.5901,0
1290.0,-53.0,31,56.4,87.2172,40.4,64.0,0.0,0.45,0.77,0.06,0.26,0.9623,15.1381,0
1343.0,53.0,30,118.9,230.1822,28.0,157.8,0.0,0.43,0.6,0.13,0.33,0.9296,14.7054,0
1687.0,-49.0,26,74.5,199.7967,11.2,114.1,0.0,0.35,0.42,0.12,0.04,0.9614,15.525,0
1736.0,49.0,26,19.1,33.8076,17.3,20.0,0.0,0.35,0.62,0.0,0.08,0.9635,15.2355,0
1903.0,-2.0,47,37.5,84.6162,13.3,54.2,0.3,0.45,0.68,0.04,0.11,0.9547,14.328,0
1905.0,2.0,46,74.7,182.882,26.1,106.6,0.3,0.48,0.7,0.11,0.09,0.8978,9.7475,0
1176.0,-36.0,40,102.8,129.8572,37.2,124.6,0.0,0.25,0.55,0.2,0.33,0.9308,13.9061,0
1212.0,36.0,40,75.5,114.4998,32.9,90.8,0.0,0.45,0.57,0.17,0.17,0.939,13.8449,0
1220.0,4.0,29,59.4,98.1462,36.1,71.6,0.0,0.45,0.72,0.1,0.21,0.963,15.6484,0
1216.0,-4.0,28,81.2,110.6101,58.1,92.1,0.0,0.32,0.61,0.14,0.32,0.9541,14.8868,0
2251.0,11.0,24,93.8,213.4426,19.4,146.9,0.0,0.42,0.62,0.12,0.12,0.9608,15.5989,0
2240.0,-11.0,24,33.2,60.8855,29.8,35.3,0.0,0.33,0.71,0.04,0.17,0.9517,15.0235,0
1923.0,1.0,33,50.2,82.1478,18.5,64.0,0.0,0.21,0.45,0.06,0.18,0.9627,15.2483,0
1922.0,-1.0,32,26.9,42.2488,16.2,31.1,0.0,0.28,0.62,0.03,0.06,0.9557,15.3797,0
1896.0,-53.0,17,62.9,92.7563,90.6,23.3,0.0,0.41,0.65,0.06,0.41,0.9582,14.6655,0
1949.0,53.0,17,104.8,142.6741,37.2,180.9,0.0,0.24,0.41,0.18,0.35,0.96,15.8716,0
1052.0,-199.0,34,40.7,95.4161,18.1,50.1,0.0,0.38,0.79,0.06,0.12,0.9329,12.505,0
1251.0,199.0,34,43.2,88.3477,69.9,33.6,0.0,0.35,0.65,0.06,0.12,0.9357,13.9347,0
1353.0,8.0,35,62.2,55.8454,28.0,75.9,0.0,0.2,0.37,0.03,0.54,0.9544,14.484,0
1345.0,-8.0,35,35.4,45.8707,22.8,39.7,0.0,0.31,0.86,0.0,0.23,0.956,14.5806,0
1314.0,118.0,25,98.4,205.6156,51.6,129.7,0.0,0.44,0.76,0.12,0.32,0.952,14.1815,0
1196.0,-118.0,25,63.4,89.2828,78.2,55.1,0.0,0.4,0.64,0.12,0.24,0.9578,13.7542,0
1793.0,9.0,18,47.6,95.9688,26.3,74.2,0.0,0.33,0.78,0.11,0.11,0.9628,16.143,0
1784.0,-9.0,18,83.2,127.7195,28.1,138.2,0.0,0.33,0.44,0.17,0.17,0.9576,14.4607,0
2055.0,-44.0,48,31.1,41.0892,53.4,30.0,7.4,0.48,0.73,0.0,0.23,0.9409,12.9724,0
2099.0,44.0,47,45.0,84.6337,28.4,34.0,104.8,0.34,0.64,0.04,0.19,0.9497,12.6003,0
1016.0,-50.0,42,19.7,32.9639,24.1,17.8,25.5,0.55,0.81,0.0,0.07,0.9452,13.8971,0
1066.0,50.0,41,31.8,58.9894,13.0,38.6,15.5,0.34,0.66,0.02,0.1,0.9497,14.0989,0
1332.0,-92.0,30,112.3,179.0963,101.6,117.7,0.0,0.27,0.47,0.07,0.6,0.8975,12.9745,0
1424.0,92.0,30,93.3,184.4186,84.1,97.2,0.0,0.23,0.63,0.1,0.37,0.9637,15.643,0
1287.0,-2.0,17,78.1,170.2193,44.6,126.0,0.0,0.47,0.71,0.06,0.35,0.9552,14.2562,0
1289.0,2.0,16,133.2,243.8132,65.4,220.4,0.0,0.25,0.5,0.12,0.5,0.9,13.4247,0
2218.0,13.0,18,98.7,243.3513,20.2,196.9,0.0,0.33,0.5,0.11,0.17,0.9626,15.4774,0
2205.0,-13.0,18,18.7,21.7581,16.9,20.4,0.0,0.39,0.89,0.0,0.11,0.9581,15.1708,0
2124.0,105.0,25,66.7,78.4621,64.4,68.3,0.0,0.24,0.56,0.12,0.36,0.962,14.8638,0
2019.0,-105.0,25,23.8,39.6572,21.4,25.1,0.0,0.6,0.88,0.0,0.2,0.9616,16.3545,0
2134.0,-1.0,42,82.5,212.8269,34.6,104.0,0.0,0.33,0.6,0.07,0.21,0.9657,15.7617,0
2135.0,1.0,41,103.1,218.1784,85.8,115.0,2.5,0.2,0.54,0.1,0.34,0.9625,14.6192,0
1706.0,-10.0,23,42.4,61.7405,30.8,51.3,0.0,0.39,0.57,0.04,0.26,0.9569,14.8448,0
1716.0,10.0,23,71.2,205.4679,20.4,103.8,0.0,0.43,0.7,0.04,0.3,0.9574,14.9403,0
1301.0,-6.0,41,40.2,55.333,9.9,47.2,133.0,0.39,0.71,0.05,0.17,0.9437,13.7703,0
1307.0,6.0,41,25.3,35.1271,23.2,25.8,26.5,0.51,0.76,0.0,0.15,0.9653,14.2434,0
2413.0,-6.0,41,36.5,45.4291,22.7,38.7,110.0,0.41,0.71,0.0,0.29,0.9717,14.2723,0
2419.0,6.0,40,49.7,109.4931,23.9,56.8,68.0,0.53,0.8,0.07,0.12,0.9102,12.1045,0
1896.0,-107.0,40,61.2,83.0767,23.0,73.9,0.0,0.3,0.65,0.03,0.38,0.9684,14.5374,0
2003.0,107.0,39,65.9,165.5039,20.0,79.7,0.0,0.38,0.72,0.05,0.23,0.9473,14.7717,0
1935.0,-22.0,33,152.5,295.9544,64.9,190.5,0.0,0.21,0.58,0.15,0.27,0.9593,12.4792,0
1957.0,22.0,32,148.2,328.8158,21.2,197.9,0.0,0.44,0.72,0.12,0.16,0.9601,15.1956,0
1562.0,22.0,15,91.4,252.5484,30.8,212.6,0.0,0.27,0.67,0.07,0.07,0.9612,15.6735,0
1540.0,-22.0,15,69.4,139.6909,50.3,98.0,0.0,0.2,0.4,0.07,0.2,0.9592,15.3939,0
1791.0,-99.0,42,43.7,152.9882,23.4,53.4,0.0,0.33,0.6,0.02,0.12,0.9659,15.6773,0
1890.0,99.0,41,68.8,174.2303,37.3,82.8,0.0,0.32,0.56,0.05,0.27,0.9017,11.7202,0
1460.0,75.0,33,28.1,34.7845,21.8,30.8,0.0,0.36,0.64,0.0,0.15,0.9647,15.5785,0
1385.0,-75.0,32,43.9,51.8663,23.2,52.0,0.0,0.28,0.56,0.0,0.31,0.9556,14.807,0
1581.0,-11.0,53,132.5,293.0924,6.7,53.7,411.2,0.34,0.58,0.13,0.19,0.9697,11.3508,0
1592.0,11.0,53,47.5,191.3326,5.4,15.5,143.1,0.51,0.77,0.04,0.06,0.9552,14.0758,0
802.0,33.0,36,80.9,132.1424,56.2,90.4,0.0,0.31,0.5,0.08,0.36,0.9684,15.1497,0
769.0,-33.0,35,114.6,158.0229,157.0,100.0,0.0,0.4,0.57,0.23,0.26,0.875,10.6712,0
2073.0,-25.0,27,183.3,266.0783,100.6,231.9,0.0,0.26,0.41,0.37,0.15,0.962,15.6134,0
2098.0,25.0,26,167.5,244.4923,66.8,220.8,0.0,0.15,0.54,0.27,0.31,0.9285,13.4482,0
2250.0,-80.0,39,39.2,42.5895,18.7,46.3,0.0,0.38,0.72,0.0,0.31,0.9651,16.0675,0
2330.0,80.0,38,50.6,103.5595,5.0,64.7,0.0,0.5,0.71,0.03,0.29,0.9651,13.9346,0
1648.0,-55.0,15,70.9,98.8454,34.1,144.4,0.0,0.53,0.6,0.07,0.33,0.9555,14.1309,0
1703.0,55.0,15,19.9,31.66,17.0,24.3,0.0,0.47,0.67,0.0,0.07,0.944,14.7254,0
1384.0,31.0,33,30.5,46.5954,16.1,36.8,0.0,0.36,0.58,0.0,0.18,0.9605,15.6113,0
1353.0,-31.0,32,49.4,68.5222,20.3,60.8,0.0,0.22,0.66,0.03,0.28,0.9294,13.5146,0
1686.0,-5.0,27,66.8,61.8978,61.5,69.9,0.0,0.37,0.63,0.04,0.48,0.9573,13.6357,0
1691.0,5.0,27,33.3,43.8324,45.9,26.9,0.0,0.52,0.81,0.0,0.26,0.9581,15.6595,0
1777.0,-29.0,30,88.3,169.0387,41.7,111.5,0.0,0.4,0.6,0.07,0.33,0.9528,15.1255,0
1806.0,29.0,30,77.7,100.7154,35.9,95.7,0.0,0.3,0.53,0.1,0.37,0.959,14.461,0
2170.0,318.0,38,46.3,166.5301,2.2,62.1,0.0,0.58,0.89,0.05,0.05,0.9623,14.0008,0
1852.0,-318.0,38,16.6,31.3752,9.8,18.8,0.0,0.66,0.87,0.0,0.08,0.9545,14.2303,0
2198.0,65.0,24,63.0,90.0147,58.2,66.5,0.0,0.42,0.58,0.04,0.33,0.9488,14.7359,0
2133.0,-65.0,24,24.7,27.5689,28.8,22.3,0.0,0.5,0.75,0.0,0.17,0.9526,14.9347,0
1129.0,25.0,28,54.3,61.2093,47.8,57.9,0.0,0.11,0.39,0.04,0.36,0.9606,14.7364,0
1104.0,-25.0,27,76.4,86.1082,44.8,92.2,0.0,0.22,0.41,0.11,0.41,0.9611,15.4566,0
2124.0,18.0,61,24.7,35.7491,27.9,30.6,14.8,0.26,0.56,0.0,0.2,0.9672,13.8417,0
2106.0,-18.0,60,21.4,29.3762,17.0,34.6,4.5,0.25,0.52,0.0,0.13,0.9707,14.8796,0
2037.0,-2.0,56,52.0,71.9447,44.5,33.5,91.3,0.34,0.54,0.09,0.25,0.9713,13.7764,0
2039.0,2.0,55,52.2,95.988,27.8,29.2,109.1,0.51,0.76,0.09,0.2,0.9637,13.3816,0
1410.0,-66.0,35,67.9,76.9589,39.6,79.2,0.0,0.26,0.49,0.09,0.31,0.961,14.9492,0
1476.0,66.0,35,48.5,65.886,30.0,55.0,0.0,0.43,0.66,0.06,0.26,0.9665,15.4746,0
1230.0,-91.0,17,172.2,328.7011,25.2,382.3,0.0,0.29,0.71,0.18,0.18,0.9526,14.6395,0
1321.0,91.0,17,74.6,239.4768,15.7,140.9,0.0,0.35,0.82,0.06,0.12,0.9558,15.508,0
2008.0,50.0,33,72.5,178.4161,52.8,81.1,0.0,0.33,0.58,0.09,0.18,0.9269,13.7475,0
1958.0,-50.0,33,28.8,44.8468,21.0,31.7,0.0,0.33,0.64,0.03,0.12,0.9376,14.9442,0
2009.0,2.0,27,81.0,171.195,65.2,90.4,0.0,0.33,0.56,0.07,0.3,0.9721,15.4674,0
2007.0,-2.0,27,66.6,190.7451,6.6,96.7,0.0,0.41,0.7,0.04,0.22,0.9251,14.3017,0
1467.0,-8.0,14,78.1,83.1722,63.0,115.8,0.0,0.5,0.71,0.07,0.43,0.9587,15.5765,0
1475.0,8.0,13,124.1,253.4717,45.1,301.8,0.0,0.46,0.69,0.23,0.15,0.9685,13.0278,0
1274.0,114.0,27,35.1,71.6421,14.3,47.4,0.0,0.41,0.74,0.07,0.07,0.9589,15.3363,0
1160.0,-114.0,26,83.7,204.3089,14.0,120.6,0.0,0.31,0.62,0.12,0.19,0.9634,15.416,0
2008.0,7.0,1,2.0,0.0,2.0,0.0,0.0,0.0,1.0,0.0,0.0,0.9837,13.0103,0
1707.0,-29.0,22,91.2,107.9844,89.2,92.8,0.0,0.36,0.59,0.14,0.36,0.9549,15.3804,0
1736.0,29.0,22,112.9,135.3262,80.4,135.3,0.0,0.14,0.41,0.18,0.32,0.9587,15.3388,0
1417.0,-57.0,24,32.5,39.2484,19.0,42.1,0.0,0.46,0.62,0.0,0.17,0.9697,16.2909,0
1474.0,57.0,24,112.8,225.6143,16.9,170.4,0.0,0.29,0.5,0.12,0.25,0.9609,14.471,0
2898.0,93.0,27,80.5,206.1854,24.0,113.7,0.0,0.26,0.41,0.07,0.22,0.9226,14.4832,0
2805.0,-93.0,27,11.9,21.7449,14.0,10.9,0.0,0.67,0.85,0.0,0.07,0.9597,15.123,0
1757.0,10.0,22,82.2,214.7802,11.7,140.9,0.0,0.32,0.64,0.09,0.18,0.9626,15.0774,0
1747.0,-10.0,22,8.4,16.1792,4.8,10.8,0.0,0.73,0.86,0.0,0.05,0.9615,15.3841,0
1498.0,68.0,21,59.8,90.9074,24.4,92.0,0.0,0.38,0.52,0.1,0.24,0.9607,15.4516,0
1430.0,-68.0,21,31.1,37.757,23.6,36.8,0.0,0.43,0.62,0.0,0.29,0.9512,14.6499,0
1900.0,-360.0,20,32.2,41.5019,36.8,27.7,0.0,0.45,0.6,0.0,0.2,0.9611,15.9869,0
2260.0,360.0,20,17.1,19.4598,5.1,26.8,0.0,0.35,0.7,0.0,0.1,0.9487,14.8089,0
2124.0,32.0,53,65.4,109.4689,37.2,35.9,155.4,0.17,0.45,0.09,0.21,0.9698,14.4022,0
2092.0,-32.0,52,65.5,124.1701,27.3,21.5,193.4,0.25,0.33,0.1,0.17,0.9739,15.3704,0
2341.0,234.0,61,77.4,177.3266,26.1,40.6,154.5,0.23,0.41,0.05,0.31,0.9568,13.7296,0
2107.0,-234.0,60,89.5,164.9157,32.0,55.2,163.1,0.27,0.52,0.1,0.3,0.9598,13.6979,0
1505.0,1.0,39,106.9,227.4684,38.9,130.3,0.0,0.38,0.62,0.18,0.18,0.8898,13.2813,0
1504.0,-1.0,39,92.9,224.4333,34.7,110.4,0.0,0.46,0.74,0.08,0.26,0.9416,14.3915,0
1371.0,-39.0,25,26.6,40.4546,15.0,34.4,0.0,0.48,0.72,0.0,0.12,0.963,15.7041,0
1410.0,39.0,24,83.9,236.3046,10.0,128.2,0.0,0.33,0.58,0.08,0.04,0.9561,14.6106,0
1079.0,9.0,32,87.2,177.8741,38.7,109.2,0.0,0.34,0.56,0.06,0.38,0.9388,13.9959,0
1070.0,-9.0,32,89.8,176.6458,43.8,107.9,0.0,0.25,0.66,0.06,0.41,0.9557,14.707,0
932.0,-27.0,39,57.5,97.1296,63.2,55.5,0.0,0.36,0.59,0.05,0.28,0.9572,14.2912,0
959.0,27.0,39,67.1,162.7364,72.6,65.4,0.0,0.46,0.67,0.08,0.15,0.9236,12.0618,0
1208.0,74.0,31,38.7,50.0021,10.8,52.0,0.0,0.42,0.71,0.03,0.26,0.9644,15.8957,0
1134.0,-74.0,30,40.8,87.7428,6.4,55.5,0.0,0.47,0.7,0.03,0.17,0.9586,15.3935,0
1852.0,12.0,58,48.0,59.296,19.9,32.8,88.9,0.29,0.72,0.03,0.33,0.9702,13.799,0
1840.0,-12.0,58,29.4,47.3185,28.3,21.0,43.1,0.47,0.74,0.02,0.16,0.9544,12.4786,0
987.0,244.0,19,56.1,80.4111,47.3,65.8,0.0,0.53,0.58,0.11,0.21,0.8979,13.134,0
743.0,-244.0,18,172.4,273.8388,109.8,235.1,0.0,0.28,0.33,0.17,0.44,0.9493,15.1471,0
1607.0,33.0,52,104.7,209.7384,19.4,152.5,56.2,0.44,0.65,0.13,0.27,0.9633,13.9235,0
1574.0,-33.0,52,119.7,217.6173,23.3,177.5,53.1,0.27,0.5,0.15,0.27,0.9537,13.7593,0
1158.0,-4.0,65,57.8,106.4587,15.1,108.5,14.0,0.42,0.66,0.11,0.15,0.9452,11.6529,0
1162.0,4.0,65,48.6,110.0594,18.8,89.9,11.3,0.35,0.74,0.08,0.15,0.9754,14.2675,0
2285.0,90.0,54,34.4,63.6913,18.1,34.5,45.9,0.35,0.61,0.06,0.07,0.9402,13.5729,0
2195.0,-90.0,53,68.4,161.4983,16.4,54.7,131.3,0.38,0.64,0.08,0.21,0.9572,13.0789,0
2421.0,-67.0,59,48.0,137.0942,17.6,28.0,95.6,0.34,0.59,0.05,0.1,0.9479,13.7868,0
2488.0,67.0,58,78.4,192.2812,18.8,38.6,169.6,0.28,0.62,0.09,0.17,0.9059,11.1352,0
1406.0,41.0,31,45.5,49.8958,13.8,60.6,0.0,0.39,0.68,0.0,0.39,0.9614,15.7107,0
1365.0,-41.0,30,88.8,186.3763,5.9,124.3,0.0,0.23,0.57,0.1,0.27,0.9628,15.4068,0
1388.0,-166.0,24,114.1,216.4075,36.7,169.4,0.0,0.42,0.67,0.17,0.21,0.9582,14.756,0
1554.0,166.0,24,50.9,104.0472,43.4,55.4,0.0,0.67,0.79,0.04,0.21,0.97,15.2283,0
902.0,-209.0,29,102.6,227.6417,24.9,143.4,0.0,0.24,0.52,0.1,0.28,0.9582,15.2326,0
1111.0,209.0,29,40.3,59.1121,27.3,46.2,0.0,0.31,0.72,0.07,0.14,0.9625,14.5554,0
1366.0,-94.0,33,46.8,66.9473,47.4,46.6,0.0,0.45,0.76,0.03,0.3,0.9579,14.6262,0
1460.0,94.0,32,89.0,183.0883,36.0,109.8,0.0,0.34,0.69,0.09,0.31,0.9624,14.6628,0
2341.0,-11.0,11,19.5,36.7543,21.4,0.0,0.0,0.55,0.82,0.0,0.09,0.9508,15.3073,0
2352.0,11.0,10,60.3,112.715,61.9,46.0,0.0,0.4,0.7,0.1,0.1,0.9556,13.7871,0
994.0,64.0,29,73.0,128.7901,25.7,97.9,0.0,0.48,0.66,0.1,0.21,0.963,14.9852,0
930.0,-64.0,28,68.0,124.1925,26.0,87.9,0.0,0.29,0.46,0.11,0.18,0.9542,15.1816,0
1630.0,12.0,35,64.4,79.2621,46.0,71.8,0.0,0.31,0.6,0.11,0.31,0.9617,14.7332,0
1618.0,-12.0,35,56.9,102.8473,24.7,68.0,0.0,0.37,0.71,0.06,0.29,0.962,14.6128,0
1422.0,12.0,39,142.1,249.8912,22.8,183.2,0.0,0.21,0.56,0.23,0.26,0.9634,14.646,0
1410.0,-12.0,38,93.1,173.7581,11.1,118.5,0.0,0.37,0.5,0.16,0.16,0.9117,14.3207,0
757.0,64.0,25,34.0,48.217,55.9,19.3,0.0,0.48,0.76,0.04,0.2,0.9552,15.291,0
693.0,-64.0,25,111.8,195.6231,100.8,118.0,0.0,0.2,0.4,0.12,0.52,0.9394,12.9459,0
2030.0,-7.0,37,107.4,244.7045,16.6,141.1,0.0,0.41,0.65,0.08,0.27,0.9559,14.1386,0
2037.0,7.0,37,33.5,46.9885,12.2,40.3,0.0,0.32,0.65,0.0,0.22,0.9667,14.5287,0
1828.0,97.0,18,25.2,40.9882,13.3,40.0,0.0,0.44,0.83,0.0,0.17,0.956,14.8876,0
1731.0,-97.0,17,46.1,85.4838,13.8,82.5,0.0,0.18,0.47,0.12,0.12,0.9559,15.3315,0
1013.0,216.0,11,105.1,185.2088,107.6,80.0,0.0,0.45,0.55,0.18,0.09,0.9549,15.6717,0
797.0,-216.0,10,132.1,147.0944,142.4,39.0,0.0,0.2,0.3,0.4,0.0,0.9523,14.8915,0
1897.0,17.0,19,15.3,25.1021,11.9,19.1,0.0,0.47,0.68,0.0,0.11,0.9563,15.4863,0
1880.0,-17.0,18,54.5,80.1471,15.7,93.3,0.0,0.28,0.44,0.06,0.28,0.9492,14.8102,0
2316.0,58.0,68,62.1,132.0024,3.1,39.7,107.0,0.41,0.68,0.04,0.26,0.9662,14.0493,0
2258.0,-58.0,68,31.1,51.0806,9.7,36.1,32.6,0.49,0.78,0.01,0.18,0.9348,12.9357,0
1569.0,-25.0,28,134.5,170.2731,165.1,117.5,0.0,0.21,0.36,0.21,0.36,0.9594,15.3651,0
1594.0,25.0,27,185.3,252.0531,133.2,211.4,0.0,0.19,0.44,0.3,0.26,0.9279,14.7771,0
771.0,-3.0,3,54.3,59.7188,54.3,0.0,0.0,0.33,1.0,0.0,0.33,0.9564,14.4774,0
774.0,3.0,2,61.5,84.1457,61.5,0.0,0.0,0.0,0.5,0.0,0.5,0.96,13.8908,0
1444.0,5.0,27,111.3,169.392,64.5,138.8,0.0,0.3,0.59,0.22,0.26,0.9666,15.4042,0
1439.0,-5.0,27,83.3,151.2791,21.7,114.1,0.0,0.44,0.78,0.07,0.3,0.9603,15.0349,0
2052.0,-12.0,28,21.0,29.7875,25.4,18.5,0.0,0.29,0.75,0.0,0.11,0.9573,15.4615,0
2064.0,12.0,27,79.3,202.4995,12.8,112.5,0.0,0.33,0.48,0.11,0.07,0.9591,14.8211,0
1264.0,1.0,27,24.5,36.6159,36.6,17.4,0.0,0.52,0.81,0.0,0.11,0.951,14.803,0
1263.0,-1.0,26,45.3,72.5162,65.7,34.5,0.0,0.42,0.73,0.04,0.19,0.9181,12.3829,0
1609.0,-45.0,4,35.0,47.2582,35.0,0.0,0.0,0.75,0.75,0.0,0.25,0.7148,10.7773,0
1654.0,45.0,4,18.0,10.4243,18.0,0.0,0.0,0.25,0.5,0.0,0.0,0.9496,14.1744,0
1161.0,63.0,24,52.1,71.6764,18.2,76.4,0.0,0.33,0.71,0.08,0.25,0.9636,15.9797,0
1098.0,-63.0,24,61.3,107.1466,13.8,89.8,0.0,0.42,0.71,0.08,0.17,0.9645,15.1637,0
1921.0,-66.0,35,106.3,206.594,37.1,133.9,0.0,0.29,0.63,0.14,0.2,0.9341,14.2279,0
1987.0,66.0,35,68.0,156.1956,21.7,84.0,0.0,0.46,0.74,0.11,0.14,0.9531,13.8831,0
1734.0,17.0,34,49.9,69.1753,32.1,57.2,0.0,0.53,0.74,0.06,0.24,0.9572,15.1156,0
1717.0,-17.0,33,73.9,176.6965,37.0,87.8,0.0,0.42,0.55,0.03,0.33,0.9041,13.3371,0
2369.0,58.0,57,88.8,213.0,12.7,57.4,188.9,0.28,0.6,0.09,0.21,0.9618,15.2306,0
2311.0,-58.0,56,52.0,82.1055,13.0,79.0,25.1,0.29,0.61,0.07,0.2,0.9,11.3443,0
1598.0,-32.0,25,50.2,58.6482,47.4,52.1,0.0,0.36,0.6,0.04,0.32,0.9682,15.7082,0
1630.0,32.0,24,70.4,113.167,41.3,87.8,0.0,0.29,0.5,0.12,0.29,0.9516,15.0054,0
1427.0,-46.0,39,52.8,97.8282,68.1,47.6,0.0,0.36,0.59,0.05,0.26,0.9662,14.2535,0
1473.0,46.0,39,67.9,115.3047,24.7,80.9,0.0,0.26,0.62,0.1,0.23,0.9537,14.2426,0
1874.0,15.0,45,43.1,61.751,23.4,44.9,71.8,0.29,0.53,0.04,0.2,0.9499,13.4671,0
1859.0,-15.0,44,36.0,49.0415,18.9,33.6,81.0,0.36,0.57,0.02,0.23,0.9551,14.9844,0
2127.0,94.0,36,29.8,44.7267,14.1,35.8,0.0,0.39,0.61,0.03,0.11,0.9578,15.3834,0
2033.0,-94.0,35,39.7,49.7641,10.4,49.8,0.0,0.26,0.57,0.03,0.17,0.966,15.6596,0
1810.0,11.0,32,51.2,58.4087,31.2,60.3,0.0,0.22,0.56,0.03,0.34,0.9634,15.4193,0
1799.0,-11.0,32,29.8,45.8392,31.2,29.3,0.0,0.38,0.66,0.0,0.19,0.9555,14.6957,0
972.0,0.0,26,114.5,183.7492,19.4,174.0,0.0,0.23,0.38,0.15,0.31,0.9589,14.1307,0
972.0,0.0,26,104.3,165.3389,49.0,133.6,0.0,0.31,0.5,0.08,0.5,0.963,15.5189,0
1394.0,-76.0,70,64.8,132.8444,43.1,42.3,94.4,0.41,0.71,0.06,0.29,0.959,12.4884,0
1470.0,76.0,69,57.1,113.2216,44.7,44.1,73.8,0.42,0.71,0.07,0.19,0.9643,11.3178,0
2124.0,17.0,64,104.2,207.3321,24.5,95.2,148.5,0.39,0.62,0.12,0.2,0.9545,11.3232,0
2107.0,-17.0,64,88.4,180.5058,28.6,84.8,114.2,0.41,0.64,0.14,0.19,0.9672,14.5294,0
1764.0,19.0,23,79.9,139.5887,28.8,119.2,0.0,0.43,0.65,0.13,0.22,0.9612,15.4834,0
1745.0,-19.0,23,63.4,163.7989,46.7,74.2,0.0,0.39,0.7,0.04,0.17,0.9543,15.3466,0
1628.0,-1.0,39,50.4,66.8492,24.0,59.5,0.0,0.36,0.64,0.05,0.28,0.9651,15.0529,0
1629.0,1.0,38,63.9,164.0867,23.0,76.6,0.0,0.42,0.66,0.03,0.32,0.9351,14.6828,0
2154.0,19.0,25,57.6,74.5817,41.2,68.5,0.0,0.32,0.68,0.08,0.28,0.9564,14.7457,0
2135.0,-19.0,25,36.5,51.5656,49.8,29.1,0.0,0.48,0.76,0.04,0.12,0.9668,15.6976,0
1474.0,-89.0,37,43.2,59.1466,32.1,47.3,0.0,0.27,0.59,0.03,0.24,0.9395,12.7805,0
1563.0,89.0,37,23.6,39.1033,54.0,13.9,0.0,0.49,0.7,0.0,0.14,0.9252,13.3722,0
1858.0,-74.0,23,46.3,118.3042,19.2,67.2,0.0,0.43,0.87,0.04,0.13,0.9659,14.9676,0
1932.0,74.0,22,27.3,44.4449,16.6,34.7,0.0,0.55,0.73,0.0,0.23,0.9624,15.0524,0
1612.0,-35.0,34,72.1,143.0066,5.1,100.0,0.0,0.26,0.59,0.12,0.18,0.9606,15.7605,0
1647.0,35.0,34,46.1,99.2839,0.4,62.5,0.0,0.56,0.82,0.09,0.12,0.9622,15.4502,0
1924.0,-74.0,27,52.9,70.9107,16.0,74.6,0.0,0.22,0.63,0.07,0.22,0.9614,15.3988,0
1998.0,74.0,27,22.1,31.4321,16.2,25.1,0.0,0.52,0.74,0.0,0.15,0.955,15.2182,0
1007.0,49.0,28,79.7,121.3993,27.0,108.9,0.0,0.18,0.57,0.07,0.39,0.9601,14.4951,0
958.0,-49.0,28,56.5,81.3085,36.4,66.1,0.0,0.36,0.64,0.07,0.21,0.9687,14.5115,0
915.0,-22.0,1,5.0,0.0,5.0,0.0,0.0,0.0,1.0,0.0,0.0,0.9837,13.0103,0
937.0,22.0,1,2.0,0.0,2.0,0.0,0.0,0.0,1.0,0.0,0.0,0.9837,13.0103,0
2067.0,69.0,29,56.0,66.8524,44.8,61.9,0.0,0.24,0.45,0.03,0.31,0.9649,15.7778,0
1998.0,-69.0,29,83.9,117.3509,64.7,92.5,0.0,0.41,0.62,0.21,0.17,0.9587,15.2677,0
1614.0,29.0,35,54.3,72.3687,26.1,65.6,0.0,0.54,0.77,0.03,0.31,0.9636,15.5479,0
1585.0,-29.0,35,71.1,104.1765,37.9,82.6,0.0,0.37,0.74,0.11,0.29,0.9569,13.2991,0
1469.0,-400.0,68,53.5,104.6366,9.1,73.0,48.4,0.46,0.84,0.07,0.21,0.9027,10.273,0
1869.0,400.0,68,35.2,79.5678,42.0,55.3,12.3,0.43,0.75,0.04,0.15,0.9544,13.0449,0
1247.0,-114.0,33,121.2,281.3759,18.4,166.0,0.0,0.48,0.64,0.12,0.21,0.9529,13.4695,0
1361.0,114.0,32,64.7,185.4325,19.4,82.3,0.0,0.38,0.66,0.06,0.12,0.9629,13.4899,0
1225.0,-69.0,32,33.2,39.0716,45.3,27.6,0.0,0.47,0.66,0.0,0.28,0.9572,14.4847,0
1294.0,69.0,31,58.0,70.832,60.8,56.9,0.0,0.26,0.58,0.1,0.35,0.9643,14.4684,0
1818.0,-7.0,37,45.4,46.9476,24.3,53.2,0.0,0.43,0.68,0.0,0.41,0.9685,16.1652,0
1825.0,7.0,37,57.6,88.8398,75.0,52.1,0.0,0.3,0.51,0.08,0.32,0.9354,13.6729,0
1795.0,26.0,34,56.3,73.8863,38.9,63.5,0.0,0.21,0.44,0.06,0.38,0.9146,12.6201,0
1769.0,-26.0,34,54.6,172.0339,15.4,68.6,0.0,0.41,0.76,0.03,0.18,0.9541,15.2879,0
1389.0,29.0,24,53.1,92.9597,27.1,71.7,0.0,0.33,0.46,0.08,0.21,0.9552,13.9458,0
1360.0,-29.0,24,13.2,16.3972,18.4,10.1,0.0,0.54,0.92,0.0,0.0,0.9586,15.5653,0
1740.0,77.0,62,53.1,94.0057,15.4,82.3,30.5,0.48,0.74,0.08,0.15,0.9535,12.6519,0
1663.0,-77.0,61,59.4,104.7507,29.6,81.6,41.4,0.41,0.74,0.08,0.2,0.9415,11.9043,0
1839.0,53.0,29,24.0,30.8366,25.9,23.1,0.0,0.34,0.66,0.0,0.17,0.9621,15.4887,0
1786.0,-53.0,28,38.4,84.0782,20.6,46.8,0.0,0.54,0.75,0.07,0.11,0.9554,14.6391,0
1701.0,-16.0,22,44.5,54.9968,52.6,37.7,0.0,0.18,0.5,0.05,0.27,0.9638,15.786,0
1717.0,16.0,22,76.5,209.505,40.9,101.2,0.0,0.32,0.64,0.05,0.41,0.9548,13.2441,0
1417.0,-7.0,22,81.0,139.1671,59.9,98.5,0.0,0.32,0.73,0.14,0.23,0.9649,16.3338,0
1424.0,7.0,21,156.9,241.1165,83.0,212.3,0.0,0.19,0.57,0.24,0.33,0.9624,13.9191,0
1900.0,-7.0,34,43.4,56.6676,14.2,55.5,0.0,0.26,0.56,0.06,0.24,0.9599,14.6233,0
1907.0,7.0,33,55.1,134.7741,10.2,72.0,0.0,0.39,0.73,0.09,0.15,0.9284,14.2536,0
882.0,-118.0,36,94.0,194.2369,45.0,112.8,0.0,0.28,0.53,0.08,0.33,0.9585,15.4294,0
1000.0,118.0,36,108.9,205.6085,57.8,125.9,0.0,0.25,0.58,0.11,0.36,0.9554,12.6094,0
1840.0,-3.0,27,51.4,61.4325,25.1,66.9,0.0,0.41,0.74,0.0,0.41,0.9624,15.5919,0
1843.0,3.0,26,119.2,217.183,33.3,164.6,0.0,0.35,0.54,0.12,0.35,0.9178,13.5183,0
1425.0,42.0,50,56.7,109.4788,8.0,63.4,85.1,0.36,0.6,0.08,0.16,0.9731,15.6719,0
1383.0,-42.0,50,56.9,93.0915,13.3,41.9,133.6,0.42,0.66,0.06,0.24,0.8964,12.5256,0
1080.0,-42.0,25,71.4,86.871,19.9,105.7,0.0,0.28,0.64,0.08,0.4,0.9569,14.6488,0
1122.0,42.0,25,57.7,66.3907,38.4,68.5,0.0,0.32,0.64,0.04,0.28,0.9507,13.7349,0
1738.0,156.0,55,79.2,191.3297,28.6,49.0,173.3,0.25,0.47,0.07,0.2,0.9639,13.7966,0
1582.0,-156.0,55,60.3,187.3045,26.1,27.6,140.8,0.42,0.69,0.04,0.16,0.9592,13.9537,0
2037.0,-25.0,25,144.7,243.8833,67.5,196.1,0.0,0.28,0.52,0.2,0.36,0.951,14.8283,0
2062.0,25.0,25,84.8,148.2862,55.0,101.6,0.0,0.32,0.6,0.12,0.32,0.9632,15.2356,0
1071.0,95.0,59,72.4,106.9312,117.7,77.8,40.1,0.29,0.61,0.05,0.34,0.9098,11.1387,0
976.0,-95.0,59,74.7,176.6761,166.3,48.4,73.0,0.39,0.69,0.1,0.19,0.872,11.4779,0
2174.0,22.0,34,65.5,110.5741,83.9,57.8,0.0,0.41,0.65,0.06,0.32,0.9721,15.9884,0
2152.0,-22.0,33,104.5,196.0389,51.0,124.6,0.0,0.39,0.64,0.18,0.18,0.9563,14.5631,0
1094.0,-97.0,35,120.3,232.5865,49.5,148.6,0.0,0.29,0.43,0.11,0.34,0.9664,15.762,0
1191.0,97.0,35,151.9,232.4907,55.8,185.2,0.0,0.09,0.2,0.2,0.43,0.9562,14.2923,0
2275.0,2.0,37,85.9,226.6896,12.6,113.0,0.0,0.19,0.51,0.05,0.19,0.9139,14.0823,0
2273.0,-2.0,37,76.9,227.4487,15.1,96.7,0.0,0.46,0.73,0.05,0.11,0.9677,15.2985,0
1266.0,-16.0,38,116.6,201.1633,48.8,140.8,0.0,0.32,0.55,0.16,0.29,0.9481,13.4043,0
1282.0,16.0,38,100.3,185.5477,56.3,114.0,0.0,0.29,0.58,0.16,0.18,0.9549,12.2614,0
1903.0,22.0,35,98.5,203.6933,24.0,128.2,0.0,0.37,0.63,0.11,0.23,0.9547,14.2683,0
1881.0,-22.0,35,78.5,198.9288,21.0,98.4,0.0,0.49,0.71,0.09,0.09,0.958,14.5686,0
1623.0,19.0,19,74.2,127.3889,27.2,126.3,0.0,0.37,0.58,0.11,0.26,0.9596,15.5528,0
1604.0,-19.0,18,162.5,277.9395,61.4,263.6,0.0,0.22,0.44,0.17,0.44,0.9594,15.3028,0
2275.0,22.0,10,88.0,158.2979,88.0,0.0,0.0,0.5,0.8,0.2,0.1,0.9544,15.5447,0
2253.0,-22.0,10,24.7,34.9223,27.3,1.0,0.0,0.4,0.7,0.0,0.2,0.9562,14.9952,0
1472.0,6.0,27,44.5,54.8224,47.3,42.9,0.0,0.22,0.44,0.0,0.33,0.9657,16.129,0
1466.0,-6.0,26,37.3,77.9589,24.3,44.2,0.0,0.42,0.77,0.04,0.12,0.9544,14.865,0
1354.0,-23.0,3,30.3,30.1386,30.3,0.0,0.0,0.33,0.33,0.0,0.33,0.9535,14.2286,0
1377.0,23.0,3,8.7,10.9697,8.7,0.0,0.0,0.67,0.67,0.0,0.0,0.9554,14.1826,0
1688.0,38.0,35,103.5,223.5375,51.9,124.2,0.0,0.51,0.69,0.14,0.29,0.9191,14.4388,0
1650.0,-38.0,34,145.8,290.8386,17.1,192.2,0.0,0.35,0.65,0.15,0.24,0.9328,13.6379,0
1436.0,-26.0,27,106.5,119.1481,108.3,105.5,0.0,0.3,0.48,0.15,0.52,0.9628,14.4609,0
1462.0,26.0,27,48.5,69.2822,85.8,29.8,0.0,0.48,0.67,0.07,0.3,0.8955,12.7046,0
1515.0,97.0,24,146.6,200.6468,76.1,196.9,0.0,0.42,0.67,0.25,0.21,0.9521,14.207,0
1418.0,-97.0,24,122.2,177.7864,44.2,169.0,0.0,0.29,0.67,0.17,0.42,0.9574,13.9133,0
1804.0,-28.0,31,65.2,181.0916,18.1,87.6,0.0,0.42,0.74,0.06,0.16,0.9328,13.9295,0
1832.0,28.0,31,19.5,29.2869,13.1,22.1,0.0,0.48,0.81,0.0,0.1,0.9599,14.6052,0
1589.0,-16.0,21,33.4,54.1595,46.1,21.8,0.0,0.24,0.81,0.0,0.19,0.9689,16.2828,0
1605.0,16.0,20,96.9,218.3329,48.7,136.4,0.0,0.2,0.55,0.05,0.35,0.9075,14.0137,0
847.0,-24.0,6,39.2,38.9893,39.2,0.0,0.0,0.33,0.67,0.0,0.33,0.9545,15.123,0
871.0,24.0,5,313.2,395.6889,313.2,0.0,0.0,0.0,0.4,0.4,0.4,0.9231,11.8532,0
1808.0,95.0,38,52.2,56.6371,30.9,59.8,0.0,0.47,0.79,0.03,0.37,0.9523,14.9102,0
1713.0,-95.0,38,61.7,87.0836,38.1,69.1,0.0,0.5,0.68,0.08,0.26,0.9702,14.769,0
1276.0,-60.0,32,76.9,188.6301,20.1,102.7,0.0,0.44,0.59,0.09,0.22,0.9551,14.2402,0
1336.0,60.0,32,53.6,176.0385,34.8,60.9,0.0,0.47,0.78,0.03,0.16,0.9554,14.2854,0
1784.0,-3.0,56,62.7,77.6095,43.8,75.1,51.2,0.29,0.66,0.09,0.3,0.9574,13.3222,0
1787.0,3.0,56,61.2,92.923,47.9,79.0,36.9,0.38,0.62,0.05,0.32,0.9637,13.6765,0
1396.0,-4.0,13,68.2,104.1691,27.0,205.7,0.0,0.15,0.54,0.15,0.15,0.959,15.5505,0
1400.0,4.0,12,24.2,17.7669,22.0,31.0,0.0,0.33,0.58,0.0,0.08,0.9501,15.0213,0
1427.0,2.0,39,41.4,57.1806,18.5,49.3,0.0,0.46,0.62,0.03,0.21,0.9598,14.9515,0
1425.0,-2.0,38,57.6,93.8111,36.4,64.1,0.0,0.34,0.66,0.11,0.16,0.9275,12.6175,0
1847.0,1.0,31,34.6,45.9969,45.1,29.6,0.0,0.52,0.77,0.0,0.29,0.9594,15.1821,0
1846.0,-1.0,30,60.9,68.4777,66.2,58.6,0.0,0.3,0.43,0.1,0.27,0.9609,14.7072,0
1574.0,12.0,47,30.8,45.6177,23.1,35.3,22.6,0.36,0.66,0.02,0.21,0.9573,14.1485,0
1562.0,-12.0,46,41.7,74.7192,17.2,53.0,25.0,0.26,0.54,0.04,0.24,0.9482,13.1036,0
2024.0,-7.0,36,81.4,178.32,33.4,99.9,0.0,0.36,0.61,0.08,0.25,0.9484,14.6,0
2031.0,7.0,36,25.5,34.0944,19.4,27.5,0.0,0.53,0.72,0.0,0.14,0.9619,14.9725,0
1192.0,4.0,30,99.1,182.5188,69.0,114.1,0.0,0.2,0.4,0.07,0.43,0.9217,13.9285,0
1188.0,-4.0,30,70.2,80.5744,83.2,64.6,0.0,0.27,0.53,0.07,0.43,0.9578,14.9229,0
1938.0,0.0,31,76.2,112.2372,49.0,89.2,0.0,0.32,0.58,0.13,0.26,0.966,14.856,0
1938.0,0.0,30,90.2,185.2918,50.1,107.4,0.0,0.43,0.67,0.13,0.17,0.9505,14.4953,0
1937.0,-12.0,41,46.1,56.2013,25.7,54.4,1.0,0.27,0.61,0.02,0.32,0.9638,14.7689,0
1949.0,12.0,40,45.7,51.6538,24.0,52.5,37.0,0.4,0.65,0.0,0.38,0.9658,14.1895,0
1754.0,9.0,27,90.3,144.1337,27.7,127.1,0.0,0.19,0.52,0.11,0.3,0.9624,15.2423,0
1745.0,-9.0,26,60.5,100.0493,42.9,69.9,0.0,0.31,0.58,0.08,0.23,0.9584,14.9862,0
1954.0,13.0,32,28.3,33.5975,37.0,24.3,0.0,0.34,0.59,0.0,0.25,0.9618,15.415,0
1941.0,-13.0,31,76.3,180.0243,46.3,88.5,0.0,0.23,0.42,0.06,0.26,0.9567,14.7615,0
876.0,72.0,18,64.6,139.6855,31.8,105.5,0.0,0.33,0.72,0.06,0.33,0.9526,14.3818,0
804.0,-72.0,17,37.2,47.2563,25.9,49.9,0.0,0.53,0.65,0.0,0.24,0.961,14.7887,0
2060.0,133.0,69,25.8,38.0459,21.3,45.3,7.2,0.38,0.65,0.0,0.17,0.9737,13.2023,0
1927.0,-133.0,69,20.9,41.6503,6.6,31.9,14.2,0.36,0.74,0.01,0.1,0.9738,13.2089,0
1876.0,-5.0,43,61.5,67.6079,20.4,75.8,56.0,0.33,0.58,0.05,0.4,0.9432,14.0808,0
1881.0,5.0,43,75.1,119.4312,45.7,85.1,66.0,0.37,0.7,0.12,0.28,0.9623,14.9278,0
2367.0,24.0,49,44.3,82.7163,30.3,54.7,25.0,0.41,0.57,0.06,0.18,0.9281,11.9197,0
2343.0,-24.0,49,25.2,58.1903,13.3,35.8,4.1,0.47,0.8,0.02,0.1,0.9701,14.7166,0
2119.0,-69.0,38,68.2,106.5069,28.9,82.2,0.0,0.47,0.68,0.18,0.16,0.9638,15.7146,0
2188.0,69.0,37,121.3,208.9791,16.8,154.9,0.0,0.24,0.57,0.19,0.32,0.9356,13.5314,0
900.0,304.0,25,102.5,124.0884,79.5,117.8,0.0,0.2,0.44,0.16,0.36,0.9536,14.2276,0
596.0,-304.0,24,82.9,123.3655,51.4,101.8,0.0,0.21,0.62,0.08,0.29,0.9555,15.3546,0
1983.0,20.0,18,20.1,29.0697,12.6,29.5,0.0,0.17,0.72,0.0,0.11,0.9556,15.305,0
1963.0,-20.0,17,59.6,98.5152,7.4,118.4,0.0,0.18,0.53,0.06,0.29,0.9513,14.8694,0
1080.0,47.0,28,60.6,93.4636,46.6,68.3,0.0,0.32,0.61,0.04,0.29,0.963,14.0187,0
1033.0,-47.0,27,34.3,52.1142,29.9,36.4,0.0,0.41,0.74,0.04,0.19,0.9517,15.0695,0
850.0,-89.0,82,43.3,123.8254,37.1,97.0,6.5,0.38,0.76,0.06,0.17,0.7705,7.4678,0
939.0,89.0,82,51.8,188.7965,21.3,99.1,25.1,0.24,0.44,0.04,0.13,0.9648,15.2561,0
1250.0,639.0,33,56.2,179.4914,22.4,70.9,0.0,0.36,0.67,0.06,0.15,0.969,15.5668,0
611.0,-639.0,32,127.9,289.4314,24.7,168.3,0.0,0.41,0.69,0.16,0.09,0.8681,10.2962,0
2269.0,19.0,19,113.0,223.7186,56.0,176.3,0.0,0.26,0.32,0.11,0.42,0.9556,14.5421,0
2250.0,-19.0,18,99.1,230.3066,51.0,147.1,0.0,0.44,0.67,0.06,0.39,0.9645,16.4421,0
1772.0,-53.0,27,92.4,187.8089,48.8,118.0,0.0,0.3,0.67,0.04,0.56,0.9625,14.6034,0
1825.0,53.0,27,52.3,63.0199,39.1,58.8,0.0,0.33,0.63,0.04,0.37,0.9612,14.9194,0
1514.0,-2.0,47,91.1,174.1936,118.8,64.7,165.0,0.4,0.6,0.15,0.19,0.9303,13.2523,0
1516.0,2.0,46,116.9,220.7383,58.8,82.9,337.4,0.3,0.63,0.15,0.24,0.9423,13.6684,0
1441.0,-19.0,48,84.5,136.8706,61.2,82.3,122.0,0.52,0.69,0.19,0.21,0.9409,14.5913,0
1460.0,19.0,48,109.1,183.2683,92.1,78.7,227.7,0.42,0.58,0.17,0.31,0.972,12.7925,0
1868.0,29.0,61,42.8,63.6641,60.7,49.1,25.4,0.33,0.69,0.02,0.3,0.9654,13.6908,0
1839.0,-29.0,60,59.2,89.389,61.2,46.3,76.9,0.33,0.68,0.05,0.27,0.9489,13.2422,0
1678.0,22.0,43,31.6,35.4899,22.1,33.6,42.7,0.26,0.53,0.0,0.19,0.969,15.4765,0
1656.0,-22.0,42,35.0,63.8699,18.3,42.2,14.0,0.33,0.71,0.05,0.17,0.9208,14.1659,0
2102.0,99.0,51,64.9,77.618,17.0,71.4,90.6,0.33,0.55,0.1,0.31,0.9479,13.6753,0
2003.0,-99.0,51,49.5,80.9877,57.4,47.9,47.5,0.37,0.71,0.06,0.25,0.9653,14.785,0
2039.0,193.0,19,41.1,75.5814,15.6,69.4,0.0,0.53,0.74,0.11,0.16,0.9606,15.1777,0
1846.0,-193.0,18,77.4,96.2785,14.4,140.4,0.0,0.28,0.44,0.22,0.11,0.9531,15.0912,0
1840.0,68.0,39,44.2,66.2865,13.2,54.9,0.0,0.33,0.62,0.05,0.21,0.9699,14.8413,0
1772.0,-68.0,39,24.8,42.8237,6.7,30.2,0.0,0.49,0.74,0.03,0.08,0.9575,14.4739,0
1145.0,25.0,12,141.6,212.5176,111.2,293.5,0.0,0.33,0.58,0.17,0.33,0.9467,15.1115,0
1120.0,-25.0,12,89.2,127.9722,103.4,46.3,0.0,0.5,0.83,0.17,0.25,0.9562,14.2215,0
1243.0,-53.0,19,26.9,30.7678,27.0,26.8,0.0,0.32,0.74,0.0,0.21,0.9618,15.0029,0
1296.0,53.0,18,22.0,42.4791,6.3,37.7,0.0,0.56,0.83,0.0,0.11,0.9573,15.3854,0
2212.0,-16.0,30,64.8,180.3872,27.4,83.5,0.0,0.33,0.67,0.03,0.27,0.9572,14.439,0
2228.0,16.0,29,81.5,194.0117,56.7,92.7,0.0,0.34,0.59,0.1,0.24,0.9581,13.9891,0
1436.0,96.0,13,24.7,31.9202,30.7,4.7,0.0,0.46,0.69,0.0,0.15,0.9533,15.6487,0
1340.0,-96.0,12,154.2,279.546,46.8,476.3,0.0,0.25,0.58,0.17,0.42,0.9508,13.3708,0
2150.0,-19.0,35,125.0,237.539,33.7,161.5,0.0,0.26,0.46,0.11,0.34,0.9606,15.1091,0
2169.0,19.0,35,67.0,170.1632,23.2,82.2,0.0,0.34,0.74,0.03,0.31,0.9672,15.4701,0
1306.0,4.0,56,85.5,157.9085,74.6,104.7,56.4,0.43,0.64,0.09,0.38,0.9627,13.7248,0
1302.0,-4.0,55,117.0,183.7985,97.8,80.0,197.2,0.31,0.49,0.16,0.33,0.9508,13.5642,0
1745.0,48.0,43,71.4,167.9501,13.9,94.5,31.7,0.4,0.7,0.09,0.21,0.9159,13.3022,0
1697.0,-48.0,42,54.8,159.4607,6.2,72.3,24.7,0.52,0.76,0.05,0.14,0.9631,15.3728,0
1787.0,84.0,50,33.6,53.736,25.7,44.6,8.5,0.44,0.74,0.04,0.22,0.9657,14.6362,0
1703.0,-84.0,49,62.2,149.5808,18.4,60.3,107.2,0.37,0.57,0.04,0.29,0.9038,12.8283,0
1949.0,114.0,50,72.8,98.457,19.5,70.0,134.6,0.44,0.72,0.14,0.2,0.9497,13.6593,0
1835.0,-114.0,50,58.8,85.5503,36.2,52.7,93.9,0.48,0.76,0.06,0.26,0.9657,14.8566,0
1274.0,-8.0,32,72.2,165.0849,26.3,93.1,0.0,0.28,0.59,0.09,0.12,0.9595,15.1272,0
1282.0,8.0,32,51.8,153.4866,33.0,59.2,0.0,0.44,0.75,0.03,0.22,0.9535,14.1835,0
1689.0,2.0,69,64.8,114.8685,77.7,63.7,61.6,0.33,0.61,0.1,0.16,0.9752,12.936,0
1687.0,-2.0,68,57.1,104.1176,78.9,74.5,32.3,0.37,0.71,0.09,0.21,0.9616,13.0976,0
978.0,-10.0,43,244.7,346.8208,82.6,307.3,159.3,0.42,0.65,0.35,0.12,0.9468,13.4297,0
988.0,10.0,43,258.8,329.43,77.7,294.8,397.0,0.28,0.51,0.37,0.21,0.9072,12.8464,0
2384.0,18.0,35,54.2,72.1248,24.9,65.9,0.0,0.23,0.49,0.03,0.23,0.935,12.6466,0
2366.0,-18.0,35,36.3,46.0469,19.0,42.2,0.0,0.46,0.8,0.0,0.29,0.9558,14.7292,0
2427.0,19.0,47,52.3,56.6649,58.8,47.2,64.7,0.28,0.6,0.02,0.36,0.9553,13.8191,0
2408.0,-19.0,46,61.8,92.6165,32.0,60.1,107.4,0.37,0.63,0.07,0.33,0.9647,14.7048,0
1439.0,46.0,9,24.0,33.1549,24.0,0.0,0.0,0.33,0.56,0.0,0.22,0.9579,15.0955,0
1393.0,-46.0,9,57.7,109.0229,57.7,0.0,0.0,0.22,0.78,0.11,0.11,0.9564,14.9195,0
1601.0,-6.0,50,82.2,159.3452,92.4,100.9,15.8,0.3,0.62,0.1,0.24,0.9646,14.1698,0
1607.0,6.0,49,118.9,209.6708,35.1,135.3,145.2,0.33,0.63,0.16,0.27,0.9093,12.2104,0
1054.0,14.0,46,51.1,72.8335,56.2,55.4,21.0,0.46,0.76,0.07,0.26,0.9449,12.9725,0
1040.0,-14.0,45,75.0,140.8626,42.6,86.6,65.8,0.38,0.6,0.07,0.33,0.9553,13.384,0
1619.0,-85.0,28,25.3,30.5093,14.1,31.6,0.0,0.54,0.75,0.0,0.25,0.9583,14.2816,0
1704.0,85.0,27,53.5,70.0936,52.7,53.9,0.0,0.33,0.63,0.04,0.3,0.9607,13.7104,0
1137.0,118.0,44,152.8,228.6999,87.8,177.2,132.5,0.25,0.45,0.2,0.39,0.9681,15.7119,0
1019.0,-118.0,43,193.3,293.0857,77.8,240.3,100.8,0.26,0.58,0.28,0.28,0.9001,10.4387,0
1076.0,28.0,23,89.6,95.0243,42.6,125.7,0.0,0.39,0.7,0.13,0.43,0.9507,14.046,0
1048.0,-28.0,22,150.2,240.8635,39.9,226.5,0.0,0.36,0.64,0.27,0.18,0.9647,12.5446,0
1083.0,50.0,31,96.0,200.6547,32.3,126.3,0.0,0.45,0.68,0.1,0.23,0.9613,14.6051,0
1033.0,-50.0,31,41.8,81.5669,20.9,50.4,0.0,0.52,0.71,0.03,0.16,0.9546,14.8581,0
1283.0,-14.0,46,87.5,169.0224,81.3,96.6,52.3,0.28,0.63,0.13,0.2,0.9422,11.8655,0
1297.0,14.0,46,86.2,191.5258,17.8,88.3,165.1,0.28,0.57,0.07,0.28,0.9595,14.676,0
1705.0,-76.0,17,38.1,72.0169,43.9,29.7,0.0,0.53,0.82,0.06,0.18,0.9581,15.7582,0
1781.0,76.0,16,62.9,110.7986,31.2,103.7,0.0,0.25,0.62,0.06,0.25,0.9545,15.012,0
1928.0,6.0,50,66.6,148.9759,28.9,49.8,154.9,0.44,0.66,0.06,0.24,0.9241,12.0134,0
1922.0,-6.0,50,28.0,49.9441,30.9,23.4,38.5,0.5,0.76,0.02,0.16,0.9661,14.5126,0
1509.0,21.0,52,97.7,159.8272,58.9,131.7,45.1,0.33,0.56,0.17,0.29,0.9413,13.7476,0
1488.0,-21.0,51,82.0,152.7081,17.8,115.9,45.3,0.31,0.63,0.06,0.33,0.9425,14.1217,0
1452.0,-9.0,68,90.0,166.7953,17.0,48.5,160.4,0.38,0.59,0.16,0.13,0.9723,12.8051,0
1461.0,9.0,68,91.6,176.7395,34.9,38.0,164.6,0.35,0.65,0.15,0.21,0.9616,12.7485,0
1523.0,-147.0,22,47.1,98.09,16.1,73.0,0.0,0.45,0.77,0.09,0.14,0.9645,16.0936,0
1670.0,147.0,21,104.7,237.3507,18.6,169.2,0.0,0.43,0.62,0.14,0.1,0.8695,13.4809,0
1603.0,-7.0,57,38.1,50.7716,18.9,40.9,44.4,0.37,0.67,0.02,0.26,0.9492,13.1365,0
1610.0,7.0,57,37.4,55.1711,8.1,43.7,41.4,0.44,0.68,0.04,0.19,0.9558,13.397,0
1317.0,-30.0,11,27.4,29.8573,27.2,29.0,0.0,0.36,0.64,0.0,0.18,0.9466,14.5078,0
1347.0,30.0,11,24.9,24.5212,28.2,10.0,0.0,0.45,0.55,0.0,0.18,0.957,14.4767,0
1206.0,-18.0,18,82.9,78.8278,79.9,86.8,0.0,0.33,0.44,0.06,0.5,0.9541,14.893,0
1224.0,18.0,17,135.5,235.3338,96.2,179.6,0.0,0.24,0.47,0.06,0.53,0.9486,13.0246,0
1699.0,5.0,29,80.1,184.5446,28.7,107.1,0.0,0.28,0.52,0.07,0.28,0.9624,15.0521,0
1694.0,-5.0,29,34.3,54.6847,25.7,38.1,0.0,0.48,0.79,0.0,0.21,0.9629,15.6658,0
1891.0,-21.0,54,41.3,66.0296,17.7,44.8,50.6,0.39,0.65,0.04,0.22,0.9695,13.7596,0
1912.0,21.0,53,86.3,198.6488,11.6,67.7,174.0,0.4,0.68,0.09,0.23,0.9633,11.9986,0
1531.0,30.0,35,64.7,96.6584,37.4,75.7,0.0,0.29,0.57,0.09,0.26,0.9645,14.4226,0
1501.0,-30.0,34,112.3,218.0565,49.3,135.0,0.0,0.29,0.59,0.12,0.26,0.9262,13.4934,0
1614.0,-110.0,28,45.9,98.9684,82.9,25.4,0.0,0.57,0.75,0.11,0.07,0.9562,15.817,0
1724.0,110.0,27,106.6,215.1864,87.2,116.3,0.0,0.44,0.59,0.19,0.15,0.9572,15.627,0
1860.0,-33.0,11,77.0,108.9991,84.7,0.0,0.0,0.55,0.64,0.18,0.27,0.9513,15.3595,0
1893.0,33.0,10,170.1,330.7377,77.9,1000.0,0.0,0.2,0.8,0.2,0.1,0.9172,12.811,0
1849.0,-5.0,53,47.8,76.5737,10.6,39.4,95.5,0.45,0.68,0.06,0.25,0.96,14.2829,0
1854.0,5.0,53,29.8,56.749,8.1,38.2,25.9,0.49,0.77,0.04,0.17,0.9643,12.8347,0
1633.0,29.0,27,120.0,244.6762,26.3,175.1,0.0,0.37,0.59,0.11,0.26,0.933,14.0494,0
1604.0,-29.0,27,64.5,192.5861,10.8,91.3,0.0,0.37,0.63,0.04,0.22,0.9624,15.6313,0
1650.0,12.0,32,101.6,184.4119,134.1,86.8,0.0,0.25,0.56,0.12,0.34,0.9301,14.3382,0
1638.0,-12.0,32,59.2,178.9138,117.7,36.4,0.0,0.56,0.69,0.03,0.16,0.9303,14.987,0
1841.0,-16.0,26,34.3,50.2408,58.8,19.0,0.0,0.42,0.65,0.04,0.12,0.9579,12.7659,0
1857.0,16.0,25,92.9,209.6254,17.3,135.4,0.0,0.4,0.68,0.12,0.12,0.9556,14.3715,0
1828.0,32.0,42,87.1,179.744,17.3,114.0,32.5,0.48,0.69,0.14,0.17,0.9234,12.9112,0
1796.0,-32.0,42,71.9,171.0278,28.6,91.8,3.7,0.43,0.76,0.12,0.14,0.9357,14.6744,0
1688.0,14.0,30,47.8,82.4256,21.8,60.8,0.0,0.4,0.6,0.07,0.2,0.9673,16.2092,0
1674.0,-14.0,29,60.0,91.9637,15.7,79.9,0.0,0.1,0.55,0.1,0.24,0.9614,15.2649,0
1798.0,-1.0,37,49.1,101.9164,12.8,62.5,0.0,0.41,0.68,0.05,0.14,0.9623,14.506,0
1799.0,1.0,37,40.7,89.1108,12.4,49.8,0.0,0.43,0.73,0.05,0.16,0.9576,14.9864,0
1793.0,39.0,26,26.8,49.474,30.6,24.4,0.0,0.54,0.77,0.0,0.19,0.9614,14.8711,0
1754.0,-39.0,25,94.9,219.7766,14.9,139.9,0.0,0.36,0.68,0.12,0.12,0.8785,13.1371,0
1068.0,96.0,58,78.8,110.232,91.0,91.5,50.7,0.36,0.6,0.12,0.29,0.9614,13.1723,0
972.0,-96.0,57,80.7,119.0455,26.0,75.9,116.1,0.32,0.58,0.12,0.28,0.972,13.3865,0
1332.0,-6.0,31,106.5,197.0616,112.8,103.5,0.0,0.35,0.61,0.13,0.29,0.9203,11.9556,0
1338.0,6.0,31,64.8,179.9559,56.8,68.1,0.0,0.45,0.65,0.03,0.29,0.9586,13.6806,0
1055.0,53.0,16,49.6,67.2913,24.5,91.5,0.0,0.25,0.69,0.06,0.31,0.9581,15.6119,0
1002.0,-53.0,15,80.3,113.7351,42.6,137.0,0.0,0.53,0.6,0.13,0.2,0.9628,13.4605,0
1841.0,36.0,27,36.8,62.0757,24.5,44.1,0.0,0.41,0.63,0.04,0.15,0.9571,16.0756,0
1805.0,-36.0,26,42.6,74.8417,28.7,50.0,0.0,0.35,0.69,0.04,0.15,0.9595,14.5252,0
970.0,-69.0,33,146.5,286.367,55.4,186.1,0.0,0.39,0.48,0.18,0.3,0.9725,14.166,0
1039.0,69.0,32,185.3,305.9999,64.1,232.8,0.0,0.34,0.56,0.25,0.19,0.9084,13.0796,0
1643.0,-33.0,42,67.3,116.8793,100.8,53.8,103.0,0.43,0.62,0.1,0.24,0.9441,14.7101,0
1676.0,33.0,41,97.3,191.0402,106.2,67.8,500.0,0.41,0.73,0.17,0.17,0.9614,13.6005,0
1938.0,13.0,64,43.9,133.3593,26.3,24.2,75.9,0.38,0.77,0.05,0.14,0.9465,13.003,0
1925.0,-13.0,63,92.9,215.2767,30.7,40.1,182.3,0.4,0.81,0.11,0.21,0.8828,9.8025,0
1687.0,71.0,40,75.7,125.3721,25.3,92.5,0.0,0.33,0.53,0.05,0.38,0.9648,15.0474,0
1616.0,-71.0,40,54.6,60.5698,35.0,59.2,96.0,0.28,0.5,0.03,0.38,0.9445,13.9942,0
1803.0,-27.0,39,135.5,221.4911,75.2,156.3,0.0,0.08,0.38,0.18,0.36,0.9643,14.3175,0
1830.0,27.0,38,88.3,185.0157,73.2,93.0,0.0,0.37,0.63,0.13,0.24,0.9651,15.2885,0
1917.0,15.0,63,33.2,69.2402,23.1,23.3,50.6,0.46,0.71,0.02,0.17,0.9494,14.2194,0
1902.0,-15.0,62,30.1,58.1797,14.4,41.2,21.7,0.44,0.69,0.02,0.13,0.9645,12.8803,0
1136.0,-74.0,18,130.7,230.8103,73.4,202.2,0.0,0.17,0.28,0.17,0.39,0.9526,14.6206,0
1210.0,74.0,18,46.3,66.1078,59.7,33.0,0.0,0.5,0.67,0.06,0.28,0.9609,14.1363,0
2169.0,57.0,40,90.8,202.6639,67.8,98.4,0.0,0.35,0.62,0.1,0.15,0.9677,14.1096,0
2112.0,-57.0,40,76.5,202.0806,38.9,87.9,73.0,0.4,0.55,0.07,0.1,0.9641,14.8073,0
2008.0,2.0,30,74.4,103.2839,34.3,94.5,0.0,0.2,0.5,0.1,0.33,0.9676,15.6339,0
2006.0,-2.0,29,75.7,98.3997,39.4,92.0,0.0,0.34,0.48,0.1,0.34,0.9614,14.3677,0
2216.0,-148.0,43,51.3,72.4646,7.8,69.0,19.7,0.35,0.7,0.07,0.28,0.9668,15.5436,0
2364.0,148.0,43,46.1,69.1555,10.2,63.0,0.2,0.44,0.65,0.05,0.23,0.8959,13.547,0
1616.0,0.0,21,95.4,90.1679,67.5,120.8,0.0,0.29,0.57,0.14,0.48,0.9554,15.5429,0
1616.0,0.0,20,115.0,172.5917,46.4,171.1,0.0,0.2,0.45,0.15,0.3,0.9524,15.3602,0
2395.0,55.0,53,40.8,137.1233,18.6,24.5,95.3,0.4,0.64,0.02,0.11,0.9645,14.5421,0
2340.0,-55.0,52,55.3,145.308,18.8,38.2,120.1,0.29,0.62,0.06,0.17,0.9378,12.9211,0
1945.0,-116.0,37,58.9,111.829,18.6,73.9,0.0,0.43,0.76,0.05,0.24,0.9629,15.0579,0
2061.0,116.0,36,77.7,166.3466,20.6,96.7,0.0,0.39,0.64,0.08,0.22,0.9673,14.6607,0
1842.0,-11.0,43,56.8,81.617,19.9,66.8,80.0,0.42,0.63,0.12,0.16,0.9723,15.4385,0
1853.0,11.0,42,57.6,68.715,64.0,59.7,17.7,0.33,0.62,0.1,0.29,0.9157,13.5068,0
1819.0,95.0,1,0.0,0.0,0.0,0.0,0.0,1.0,1.0,0.0,0.0,0.9837,13.0103,0
1724.0,-95.0,1,6.0,0.0,6.0,0.0,0.0,0.0,0.0,0.0,0.0,0.9837,13.0103,0
1998.0,15.0,59,40.0,67.0588,50.5,30.2,50.1,0.39,0.73,0.02,0.24,0.961,11.767,0
1983.0,-15.0,59,31.4,93.2546,44.8,15.9,48.8,0.58,0.88,0.02,0.14,0.9417,12.5053,0
2025.0,-4.0,62,67.1,186.2921,76.6,46.1,91.5,0.23,0.47,0.08,0.15,0.9704,15.1227,0
2029.0,4.0,61,87.2,201.3117,87.6,84.0,91.5,0.28,0.57,0.11,0.18,0.916,10.511,0
1863.0,58.0,37,75.7,173.0371,13.7,98.7,0.0,0.35,0.65,0.08,0.19,0.9682,15.9459,0
1805.0,-58.0,37,41.3,59.2837,20.6,48.0,0.0,0.51,0.65,0.03,0.24,0.959,14.8331,0
1498.0,-3.0,27,110.9,217.0659,12.7,168.7,0.0,0.19,0.48,0.15,0.26,0.9572,14.7484,0
1501.0,3.0,27,24.1,25.0997,20.0,26.1,0.0,0.37,0.63,0.0,0.15,0.9592,14.9624,0
1863.0,-11.0,2,2.5,3.5355,2.5,0.0,0.0,0.0,1.0,0.0,0.0,0.9612,13.741,0
1874.0,11.0,2,0.0,0.0,0.0,0.0,0.0,1.0,1.0,0.0,0.0,0.9754,13.2172,0
2237.0,54.0,27,35.2,44.2745,19.7,44.3,0.0,0.41,0.78,0.0,0.3,0.9428,14.728,0
2183.0,-54.0,26,48.0,73.121,55.6,44.1,0.0,0.27,0.73,0.04,0.27,0.9611,15.0998,0
1932.0,-3.0,23,89.0,218.4704,21.0,141.2,0.0,0.39,0.65,0.09,0.17,0.9495,14.3883,0
1935.0,3.0,23,47.8,103.4553,10.6,71.7,0.0,0.48,0.61,0.09,0.13,0.9596,15.0319,0
2165.0,98.0,27,59.9,193.2788,6.9,91.1,0.0,0.56,0.78,0.04,0.15,0.9616,14.577,0
2067.0,-98.0,27,19.8,23.8538,10.8,24.3,0.0,0.48,0.7,0.0,0.11,0.9604,15.0179,0
2011.0,-63.0,45,100.8,218.1726,79.7,46.1,471.2,0.38,0.56,0.16,0.09,0.9656,14.5047,0
2074.0,63.0,44,91.9,190.5781,36.4,75.9,287.6,0.43,0.68,0.16,0.11,0.924,13.5432,0
2372.0,-49.0,16,55.1,118.8096,30.8,95.7,0.0,0.31,0.5,0.06,0.19,0.964,15.7512,0
2421.0,49.0,16,19.9,31.7467,10.7,31.7,0.0,0.44,0.69,0.0,0.06,0.9514,14.6233,0
1477.0,-8.0,25,51.3,94.135,15.5,75.2,0.0,0.48,0.64,0.08,0.12,0.9662,16.1179,0
1485.0,8.0,24,90.6,155.0764,14.6,136.2,0.0,0.25,0.62,0.17,0.12,0.9499,14.4171,0
1783.0,13.0,36,31.5,39.7043,10.6,39.6,0.0,0.33,0.64,0.0,0.22,0.9619,15.4045,0
1770.0,-13.0,35,68.0,179.3844,9.9,88.1,0.0,0.26,0.6,0.06,0.23,0.9682,15.278,0
1194.0,8.0,23,100.8,237.8502,16.3,165.8,0.0,0.52,0.7,0.13,0.13,0.9225,13.959,0
1186.0,-8.0,22,135.8,241.2591,22.9,214.0,0.0,0.41,0.64,0.18,0.27,0.9547,14.0128,0
2126.0,-44.0,26,77.0,119.8462,21.9,111.4,0.0,0.23,0.62,0.15,0.19,0.9645,14.6778,0
2170.0,44.0,26,52.3,109.1208,9.3,75.1,0.0,0.42,0.77,0.04,0.19,0.9596,15.0545,0
2085.0,-77.0,69,93.9,258.6001,5.8,34.4,185.9,0.48,0.67,0.09,0.14,0.96,13.7002,0
2162.0,77.0,68,126.8,282.9351,6.0,55.5,237.9,0.41,0.65,0.13,0.16,0.8737,12.0962,0
651.0,-48.0,46,180.4,333.5186,59.1,223.2,168.7,0.28,0.5,0.24,0.13,0.9066,10.541,0
699.0,48.0,46,133.6,310.4099,41.7,158.6,144.6,0.2,0.54,0.13,0.15,0.9684,15.8217,0
1776.0,-7.0,30,13.4,16.5252,5.4,17.4,0.0,0.47,0.9,0.0,0.03,0.9606,15.7281,0
1783.0,7.0,29,29.7,65.5744,3.7,41.4,0.0,0.45,0.9,0.03,0.07,0.9551,13.2886,0
2198.0,56.0,38,42.2,52.6014,22.0,49.4,0.0,0.34,0.61,0.0,0.34,0.9677,15.8106,0
2142.0,-56.0,37,92.8,184.2648,21.3,115.8,0.0,0.3,0.54,0.16,0.16,0.937,13.0391,0
2083.0,54.0,29,34.9,56.4097,21.8,41.7,0.0,0.59,0.76,0.03,0.21,0.9597,15.9504,0
2029.0,-54.0,28,60.7,64.1629,65.2,58.6,0.0,0.36,0.54,0.0,0.39,0.9632,13.9176,0
966.0,101.0,35,100.7,241.9113,68.6,113.6,0.0,0.51,0.6,0.09,0.2,0.9639,12.8727,0
865.0,-101.0,34,157.2,294.7119,54.1,194.3,0.0,0.26,0.53,0.18,0.24,0.9551,15.4264,0
1783.0,27.0,34,116.8,238.9791,73.9,134.7,0.0,0.59,0.74,0.12,0.29,0.7622,9.2316,0
1756.0,-27.0,34,137.3,321.2942,26.2,177.3,0.0,0.47,0.79,0.12,0.15,0.9632,16.2703,0
1696.0,21.0,57,106.4,228.5342,19.8,75.8,211.5,0.32,0.61,0.11,0.26,0.8979,12.2702,0
1675.0,-21.0,57,82.6,198.1687,29.1,53.1,158.3,0.37,0.65,0.07,0.25,0.9626,13.2182,0
1171.0,147.0,17,65.2,67.8051,48.1,89.6,0.0,0.29,0.47,0.06,0.35,0.9487,15.1575,0
1024.0,-147.0,16,82.2,104.8187,71.0,96.6,0.0,0.31,0.5,0.12,0.31,0.9572,15.3318,0
2212.0,-54.0,57,31.7,52.8796,32.0,36.5,23.1,0.28,0.54,0.02,0.16,0.965,14.5974,0
2266.0,54.0,56,57.5,157.3106,29.9,50.5,84.5,0.21,0.52,0.04,0.2,0.9526,12.9031,0
1444.0,15.0,50,80.1,196.3185,10.0,52.6,232.8,0.16,0.44,0.06,0.3,0.9392,14.3184,0
1429.0,-15.0,50,59.0,143.8544,3.7,51.4,125.1,0.22,0.52,0.02,0.32,0.9612,15.4831,0
1284.0,2.0,60,76.1,90.1108,41.2,108.0,45.6,0.27,0.53,0.1,0.37,0.9705,13.1294,0
1282.0,-2.0,59,61.4,75.3558,35.3,86.6,35.5,0.37,0.63,0.07,0.36,0.9539,13.6912,0
1670.0,46.0,29,95.2,201.0625,25.6,131.8,0.0,0.24,0.41,0.07,0.31,0.965,15.5547,0
1624.0,-46.0,29,80.2,122.5396,45.3,95.9,0.0,0.17,0.55,0.1,0.31,0.9621,13.9634,0
1271.0,-18.0,54,54.7,174.5346,23.9,27.3,135.4,0.35,0.74,0.04,0.11,0.9505,13.7032,0
1289.0,18.0,53,88.7,210.0694,21.1,45.3,225.2,0.4,0.7,0.13,0.13,0.8473,10.9075,0
1631.0,-2.0,21,34.5,42.3965,15.6,51.6,0.0,0.24,0.62,0.0,0.19,0.9596,15.6191,0
1633.0,2.0,20,52.5,93.598,14.3,83.6,0.0,0.25,0.55,0.05,0.2,0.9615,15.5024,0
2214.0,24.0,54,65.4,160.8863,17.4,62.8,105.1,0.3,0.57,0.04,0.26,0.9492,13.5158,0
2190.0,-24.0,54,27.7,40.5875,22.9,40.0,5.9,0.39,0.65,0.0,0.17,0.9628,14.4615,0
2132.0,-25.0,20,17.4,22.8646,6.7,28.2,0.0,0.55,0.85,0.0,0.1,0.964,14.8304,0
2157.0,25.0,20,17.4,33.7458,10.9,22.7,0.0,0.5,0.85,0.0,0.1,0.9637,15.6599,0
2399.0,-75.0,38,32.8,57.3823,14.9,39.2,0.0,0.55,0.74,0.03,0.16,0.9569,14.3815,0
2474.0,75.0,38,16.7,27.6064,9.1,19.0,0.0,0.47,0.79,0.0,0.13,0.962,14.379,0
1557.0,-36.0,29,70.7,91.3557,45.3,84.1,0.0,0.21,0.55,0.1,0.28,0.9526,14.8428,0
1593.0,36.0,29,55.1,73.2195,54.0,55.6,0.0,0.34,0.66,0.07,0.31,0.9586,14.2331,0
1527.0,44.0,47,56.9,84.9533,17.1,70.1,56.9,0.4,0.55,0.09,0.26,0.9738,14.4423,0
1483.0,-44.0,46,73.5,153.2618,26.1,51.7,228.0,0.28,0.61,0.07,0.33,0.9583,13.7946,0
2106.0,-26.0,23,133.9,279.8159,28.7,214.8,0.0,0.3,0.61,0.09,0.3,0.9629,15.5916,0
2132.0,26.0,22,169.8,340.0928,33.0,264.5,0.0,0.23,0.5,0.14,0.23,0.9508,14.5821,0
1480.0,-19.0,40,49.6,71.964,10.6,62.6,0.0,0.25,0.42,0.07,0.23,0.9582,14.1827,0
1499.0,19.0,39,27.3,26.8065,13.9,31.3,0.0,0.28,0.69,0.0,0.21,0.964,14.9127,0
2129.0,-8.0,26,19.3,30.2059,27.0,14.6,0.0,0.62,0.88,0.0,0.08,0.9555,15.1165,0
2137.0,8.0,25,83.2,215.0091,26.7,114.9,0.0,0.52,0.76,0.08,0.12,0.9442,12.175,0
1990.0,-84.0,22,25.4,64.5317,6.2,41.3,0.0,0.55,0.86,0.05,0.05,0.9635,15.8539,0
2074.0,84.0,21,52.8,88.3961,17.1,79.6,0.0,0.38,0.62,0.14,0.14,0.9545,15.4268,0
745.0,-101.0,26,84.6,153.5907,28.1,119.9,0.0,0.31,0.62,0.08,0.35,0.9625,15.338,0
846.0,101.0,26,58.1,58.6862,36.8,69.4,0.0,0.35,0.58,0.0,0.42,0.9546,15.2866,0
770.0,78.0,33,126.0,199.964,109.7,133.1,0.0,0.12,0.33,0.18,0.33,0.9515,14.9044,0
692.0,-78.0,33,53.0,65.2694,26.6,62.9,0.0,0.27,0.58,0.03,0.33,0.9571,14.2023,0
1368.0,30.0,27,93.6,142.0921,49.9,119.3,0.0,0.26,0.67,0.19,0.26,0.9652,15.0806,0
1338.0,-30.0,26,123.9,224.9843,61.9,156.8,0.0,0.42,0.65,0.15,0.27,0.9591,14.1357,0
1663.0,20.0,42,31.0,60.2005,14.1,36.5,33.5,0.57,0.83,0.02,0.17,0.95,13.4365,0
1643.0,-20.0,41,51.6,102.0902,14.9,57.3,131.0,0.29,0.51,0.02,0.29,0.9594,14.3457,0
3054.0,-27.0,34,25.5,32.0144,8.1,32.7,0.0,0.32,0.71,0.0,0.21,0.9603,15.7055,0
3081.0,27.0,33,33.2,61.336,14.8,40.1,0.0,0.24,0.52,0.03,0.12,0.965,15.2831,0
1580.0,34.0,38,45.3,85.5653,24.5,52.8,0.0,0.42,0.63,0.08,0.16,0.9513,13.6608,0
1546.0,-34.0,38,51.6,78.3594,9.9,64.5,0.0,0.26,0.55,0.05,0.21,0.9604,15.0498,0
2067.0,0.0,41,44.4,70.8495,14.5,55.8,1.0,0.44,0.8,0.05,0.24,0.9231,13.0013,0
2067.0,0.0,41,33.7,81.4067,12.8,42.3,0.0,0.56,0.8,0.02,0.1,0.9158,12.5123,0
1688.0,45.0,21,59.4,90.9233,41.6,75.5,0.0,0.29,0.52,0.05,0.29,0.9612,15.9519,0
1643.0,-45.0,20,99.5,224.8266,48.2,141.5,0.0,0.25,0.55,0.1,0.25,0.9087,13.7929,0
2459.0,27.0,37,164.1,302.7077,30.3,213.7,0.0,0.24,0.54,0.16,0.38,0.9086,13.7605,0
2432.0,-27.0,37,108.4,272.7577,41.9,129.8,0.0,0.46,0.81,0.08,0.19,0.9677,15.713,0
1493.0,14.0,16,24.1,46.1792,11.0,46.0,0.0,0.56,0.81,0.0,0.12,0.9617,15.9263,0
1479.0,-14.0,15,61.1,146.2102,13.1,133.2,0.0,0.4,0.8,0.13,0.07,0.9513,14.8813,0
1441.0,21.0,49,87.4,229.7548,35.2,36.2,316.1,0.33,0.57,0.1,0.08,0.9037,12.3552,0
1420.0,-21.0,49,70.3,198.522,35.9,34.1,210.0,0.47,0.65,0.06,0.12,0.9682,13.6692,0
1398.0,-12.0,34,60.8,71.7485,48.8,65.8,0.0,0.32,0.59,0.09,0.29,0.9365,14.0432,0
1410.0,12.0,33,72.2,165.3327,42.3,83.4,0.0,0.39,0.64,0.12,0.18,0.9618,14.6383,0
1470.0,1.0,39,51.3,78.8961,68.2,45.5,0.0,0.51,0.74,0.05,0.26,0.9593,13.9852,0
1469.0,-1.0,38,68.5,83.7273,27.3,81.2,0.0,0.37,0.55,0.08,0.34,0.9588,14.215,0
1576.0,-58.0,47,75.0,96.1525,37.9,89.3,66.7,0.34,0.64,0.15,0.32,0.9048,11.3067,0
1634.0,58.0,47,72.6,160.7284,26.4,92.6,49.6,0.47,0.74,0.11,0.23,0.9671,14.6979,0
1811.0,27.0,59,36.0,60.7885,26.9,41.5,32.1,0.37,0.83,0.02,0.24,0.9696,13.4296,0
1784.0,-27.0,59,39.1,67.2092,23.6,41.4,42.6,0.27,0.64,0.05,0.15,0.9666,13.7041,0
1082.0,-3.0,21,81.0,215.542,33.7,124.1,0.0,0.43,0.57,0.05,0.19,0.9561,15.1806,0
1085.0,3.0,20,123.3,226.5782,96.3,145.4,0.0,0.2,0.4,0.15,0.3,0.8811,11.5513,0
985.0,75.0,33,84.8,196.7912,25.8,110.5,0.0,0.33,0.58,0.09,0.15,0.9611,15.5798,0
910.0,-75.0,33,101.6,211.9242,14.4,134.3,0.0,0.24,0.55,0.12,0.21,0.9319,14.7164,0
1859.0,359.0,1,0.0,0.0,0.0,0.0,0.0,1.0,1.0,0.0,0.0,0.9837,13.0103,0
2060.0,-261.0,33,53.2,69.7121,20.9,67.2,0.0,0.39,0.73,0.03,0.36,0.9558,13.7339,0
2321.0,261.0,32,116.3,190.0462,30.9,149.7,0.0,0.38,0.62,0.22,0.25,0.9585,14.5789,0
1999.0,-21.0,19,41.5,54.4706,19.5,66.0,0.0,0.26,0.74,0.05,0.26,0.9596,15.8567,0
2020.0,21.0,19,47.8,61.8046,23.7,69.6,0.0,0.32,0.58,0.05,0.21,0.9563,14.8634,0
1896.0,6.0,43,55.9,78.3151,53.9,47.1,150.7,0.28,0.63,0.02,0.28,0.951,12.479,0
1890.0,-6.0,43,35.5,61.8633,34.7,40.5,0.0,0.42,0.74,0.02,0.21,0.9557,12.6395,0
1520.0,-2.0,57,43.2,56.8648,48.7,41.3,43.2,0.42,0.63,0.04,0.28,0.9648,14.3878,0
1522.0,2.0,56,67.6,141.8485,40.3,53.5,107.1,0.32,0.5,0.05,0.32,0.9505,12.2103,0
1341.0,10.0,57,76.8,170.2538,18.3,75.8,113.0,0.32,0.67,0.07,0.26,0.9649,13.3511,0
1331.0,-10.0,56,112.3,188.6039,24.2,104.3,173.0,0.27,0.52,0.14,0.36,0.974,12.5236,0
1041.0,-312.0,22,50.6,98.5671,71.6,33.2,0.0,0.5,0.59,0.05,0.23,0.9605,14.4908,0
1353.0,312.0,21,23.7,37.5158,26.8,21.3,0.0,0.43,0.76,0.0,0.19,0.9287,13.7929,0
1674.0,22.0,45,48.9,88.6442,26.0,44.7,120.4,0.47,0.64,0.04,0.22,0.9464,13.3769,0
1652.0,-22.0,44,33.6,68.5509,65.8,23.7,35.0,0.36,0.7,0.02,0.18,0.9631,14.1208,0
1887.0,21.0,40,58.3,70.6756,25.7,69.2,0.0,0.38,0.62,0.05,0.33,0.9585,14.3271,0
1866.0,-21.0,39,56.7,109.3235,30.1,64.7,0.0,0.44,0.69,0.1,0.21,0.9398,13.8615,0
1289.0,-75.0,77,46.5,133.5825,14.6,49.7,52.5,0.44,0.77,0.09,0.06,0.9232,11.2948,0
1364.0,75.0,76,52.9,132.1952,8.4,46.5,69.0,0.36,0.75,0.05,0.16,0.9134,10.6434,0
1213.0,-90.0,29,153.7,304.3626,16.5,225.9,0.0,0.34,0.62,0.14,0.28,0.9633,14.9368,0
1303.0,90.0,29,112.3,255.5311,25.0,151.6,0.0,0.41,0.52,0.14,0.17,0.9669,15.7898,0
1766.0,11.0,42,122.0,288.9245,27.9,127.4,512.0,0.48,0.62,0.1,0.26,0.9204,12.976,0
1755.0,-11.0,42,106.2,258.0074,27.1,73.8,666.7,0.4,0.62,0.1,0.21,0.945,15.0721,0
1019.0,-111.0,33,70.0,88.9155,58.9,74.8,0.0,0.24,0.61,0.09,0.3,0.9679,15.0604,0
1130.0,111.0,33,45.6,43.4884,24.0,53.8,0.0,0.3,0.52,0.0,0.42,0.9524,14.7564,0
1611.0,-31.0,27,32.5,48.0916,14.8,42.9,0.0,0.48,0.7,0.0,0.3,0.9512,14.8444,0
1642.0,31.0,26,43.2,59.5774,60.2,34.2,0.0,0.38,0.58,0.04,0.23,0.9683,15.817,0
1261.0,37.0,15,72.5,144.5164,34.0,149.6,0.0,0.4,0.47,0.07,0.33,0.9639,15.4011,0
1224.0,-37.0,15,46.3,51.2298,39.3,56.7,0.0,0.33,0.47,0.0,0.4,0.9601,15.74,0
2084.0,31.0,30,80.4,125.8323,11.5,114.8,0.0,0.43,0.57,0.17,0.17,0.9571,15.1686,0
2053.0,-31.0,29,120.6,163.3507,27.9,162.3,0.0,0.21,0.45,0.17,0.45,0.9582,15.168,0
1981.0,-141.0,36,55.5,79.729,27.2,66.3,0.0,0.36,0.56,0.06,0.25,0.9642,15.4126,0
2122.0,141.0,35,69.7,172.6582,30.2,83.4,0.0,0.43,0.74,0.06,0.26,0.9349,14.8649,0
1716.0,13.0,37,65.9,168.8706,23.1,81.8,0.0,0.35,0.65,0.05,0.22,0.9706,15.7161,0
1703.0,-13.0,36,98.4,182.2849,25.2,122.8,0.0,0.28,0.5,0.11,0.33,0.9253,13.6195,0
1250.0,-25.0,18,17.8,20.9019,7.0,31.2,0.0,0.39,0.78,0.0,0.17,0.9557,14.1127,0
1275.0,25.0,17,123.1,242.0413,16.6,243.0,0.0,0.24,0.47,0.18,0.29,0.9479,14.8601,0
1910.0,220.0,38,38.6,39.5697,25.6,43.2,0.0,0.32,0.61,0.0,0.32,0.9381,14.1126,0
1690.0,-220.0,37,39.6,45.3923,63.7,31.9,0.0,0.32,0.54,0.0,0.32,0.9601,14.128,0
1394.0,-45.0,36,77.8,165.067,24.5,98.3,0.0,0.42,0.69,0.08,0.22,0.94,15.288,0
1439.0,45.0,36,58.3,116.2547,20.8,70.9,0.0,0.5,0.72,0.06,0.22,0.9378,13.0811,0
1351.0,85.0,48,74.1,119.2979,42.1,59.3,169.4,0.33,0.52,0.08,0.31,0.972,14.6572,0
1266.0,-85.0,48,58.8,115.9862,37.4,48.6,114.0,0.31,0.6,0.02,0.4,0.9655,13.0671,0
1570.0,-4.0,48,105.5,176.4546,23.8,127.1,126.6,0.31,0.6,0.17,0.31,0.9689,14.7036,0
1574.0,4.0,48,103.5,165.0863,37.7,101.1,177.3,0.23,0.62,0.19,0.25,0.9724,12.9309,0
1910.0,16.0,33,55.4,85.6628,25.0,68.6,0.0,0.33,0.61,0.06,0.21,0.9221,14.1123,0
1894.0,-16.0,32,74.4,189.8376,11.1,99.2,0.0,0.38,0.62,0.09,0.16,0.9579,13.6211,0
1342.0,2.0,64,68.0,211.2868,36.9,97.0,44.8,0.33,0.52,0.05,0.12,0.9725,16.1103,0
1340.0,-2.0,63,70.0,185.19,21.3,125.3,19.1,0.29,0.65,0.06,0.17,0.8774,10.0661,0
1136.0,-20.0,16,126.4,173.4731,83.1,198.5,0.0,0.19,0.5,0.25,0.25,0.957,15.4384,0
1156.0,20.0,16,56.9,108.0684,25.9,96.7,0.0,0.31,0.62,0.06,0.25,0.9581,15.3401,0
1965.0,19.0,36,120.5,184.6556,31.2,154.8,0.0,0.28,0.53,0.19,0.33,0.9511,14.4297,0
1946.0,-19.0,35,71.2,142.0437,29.9,85.5,0.0,0.31,0.71,0.09,0.29,0.9396,14.6632,0
1791.0,-1.0,52,40.7,73.9058,22.7,44.5,46.0,0.44,0.67,0.04,0.19,0.9648,13.6511,0
1792.0,1.0,52,22.5,28.8073,21.4,24.6,18.4,0.38,0.67,0.0,0.19,0.9626,14.0817,0
1659.0,-34.0,41,117.1,256.2349,37.6,146.4,33.0,0.29,0.49,0.12,0.27,0.942,12.74,0
1693.0,34.0,40,114.3,299.7275,13.9,147.5,21.0,0.4,0.7,0.1,0.1,0.9403,14.0346,0
1860.0,29.0,26,86.2,200.8032,33.8,118.9,0.0,0.42,0.54,0.15,0.12,0.9602,15.963,0
1831.0,-29.0,26,30.5,55.6131,6.6,43.2,0.0,0.35,0.73,0.04,0.12,0.956,14.1916,0
1281.0,-79.0,32,117.3,144.3911,126.7,113.0,0.0,0.12,0.47,0.19,0.41,0.9607,13.9966,0
1360.0,79.0,31,99.2,121.2033,67.4,112.2,0.0,0.26,0.42,0.13,0.42,0.9597,15.7187,0
1855.0,110.0,34,66.1,128.2825,24.2,83.6,0.0,0.29,0.5,0.15,0.18,0.9659,14.9718,0
1745.0,-110.0,33,67.7,130.2828,22.1,84.8,0.0,0.24,0.45,0.09,0.21,0.9669,14.8934,0
1961.0,11.0,49,55.9,103.2708,25.6,75.3,25.2,0.43,0.65,0.08,0.18,0.9445,12.6328,0
1950.0,-11.0,48,43.9,77.5224,10.0,64.4,9.3,0.44,0.75,0.04,0.21,0.9486,13.5661,0
1944.0,7.0,15,64.5,108.9534,23.8,146.0,0.0,0.13,0.53,0.13,0.13,0.9602,15.7339,0
1937.0,-7.0,15,40.5,60.3098,23.2,66.5,0.0,0.4,0.6,0.07,0.2,0.9634,15.9092,0
2055.0,-18.0,63,69.4,166.8293,17.0,36.1,135.7,0.29,0.6,0.05,0.25,0.9616,12.7175,0
2073.0,18.0,63,61.2,133.6073,41.7,42.0,92.5,0.4,0.62,0.05,0.27,0.9539,12.6387,0
1868.0,-62.0,30,97.4,184.1088,34.3,128.9,0.0,0.27,0.47,0.1,0.37,0.9657,15.1239,0
1930.0,62.0,30,60.1,88.9012,21.3,76.8,0.0,0.43,0.53,0.1,0.27,0.9588,15.3152,0
1711.0,-38.0,35,24.6,42.6484,6.8,31.8,0.0,0.46,0.69,0.0,0.11,0.9677,15.2303,0
1749.0,38.0,34,63.4,175.2166,8.4,83.1,0.0,0.44,0.59,0.06,0.18,0.9341,14.6613,0
1543.0,-8.0,43,58.4,102.6212,39.1,70.1,6.0,0.4,0.63,0.05,0.28,0.9598,13.0019,0
1551.0,8.0,42,77.4,164.2212,24.3,76.4,247.0,0.45,0.83,0.14,0.1,0.9488,13.3105,0
2069.0,46.0,43,43.4,49.2207,21.1,53.9,13.0,0.4,0.65,0.0,0.33,0.9637,13.8924,0
2023.0,-46.0,42,50.3,94.031,22.2,62.7,10.3,0.43,0.69,0.02,0.24,0.9418,12.8168,0
1010.0,78.0,20,137.8,229.5214,34.8,240.8,0.0,0.3,0.45,0.15,0.45,0.9559,14.1859,0
932.0,-78.0,20,51.4,98.9031,27.6,70.8,0.0,0.6,0.75,0.05,0.25,0.9646,15.3463,0
2347.0,0.0,69,31.3,61.7569,16.7,51.8,15.1,0.41,0.75,0.04,0.14,0.9723,13.6331,0
2347.0,0.0,68,62.5,146.3568,7.9,53.5,88.7,0.38,0.72,0.06,0.24,0.946,11.3711,0
2487.0,-30.0,24,51.9,110.3945,20.3,74.5,0.0,0.42,0.58,0.04,0.33,0.97,15.9413,0
2517.0,30.0,24,28.5,52.3716,22.7,31.9,0.0,0.5,0.75,0.04,0.12,0.9616,15.07,0
1423.0,23.0,25,66.7,59.4438,44.1,81.7,0.0,0.2,0.6,0.0,0.56,0.9654,12.5468,0
1400.0,-23.0,24,84.6,171.8039,25.0,120.4,0.0,0.42,0.62,0.08,0.21,0.9587,14.9152,0
1682.0,-35.0,33,49.9,65.2433,56.4,47.1,0.0,0.36,0.64,0.06,0.33,0.9594,15.6018,0
1717.0,35.0,32,75.8,74.234,55.3,83.8,0.0,0.16,0.38,0.09,0.38,0.9595,14.6303,0
1615.0,-9.0,15,143.9,248.7447,86.3,259.2,0.0,0.4,0.47,0.13,0.47,0.8259,12.8762,0
1624.0,9.0,15,49.3,102.7748,27.4,82.2,0.0,0.67,0.87,0.07,0.13,0.9617,15.8678,0
2323.0,8.0,22,34.3,68.4322,31.0,37.0,0.0,0.45,0.86,0.05,0.23,0.9677,16.2392,0
2315.0,-8.0,21,95.6,217.0778,33.8,141.9,0.0,0.29,0.71,0.1,0.33,0.8679,14.4062,0
1234.0,-31.0,60,63.8,153.3938,31.5,65.3,77.6,0.35,0.67,0.05,0.25,0.9738,14.2714,0
1265.0,31.0,59,101.6,218.5116,10.6,87.4,163.8,0.37,0.66,0.12,0.27,0.8644,12.2948,0
2543.0,-71.0,33,28.9,31.1636,25.2,30.5,0.0,0.33,0.64,0.0,0.18,0.9649,15.7304,0
2614.0,71.0,32,31.9,56.7313,18.0,37.3,0.0,0.34,0.59,0.03,0.12,0.9627,15.3509,0
1484.0,-9.0,26,40.6,60.2622,17.2,55.2,0.0,0.42,0.58,0.04,0.15,0.9443,13.5032,0
1493.0,9.0,26,28.5,40.2067,15.2,35.6,0.0,0.42,0.69,0.0,0.12,0.959,15.0808,0
1693.0,125.0,20,24.3,29.727,25.1,23.5,0.0,0.45,0.8,0.0,0.15,0.9637,15.6505,0
1568.0,-125.0,19,84.9,225.6117,15.2,147.6,0.0,0.26,0.58,0.05,0.16,0.9621,15.0676,0
1248.0,16.0,29,43.5,67.2918,31.2,49.9,0.0,0.31,0.59,0.03,0.24,0.9616,15.7988,0
1232.0,-16.0,29,18.3,21.0695,10.6,21.8,0.0,0.38,0.59,0.0,0.14,0.9564,15.3024,0
1032.0,-460.0,8,119.6,120.0285,119.6,0.0,0.0,0.25,0.38,0.12,0.5,0.9603,13.752,0
1492.0,460.0,8,47.2,80.0424,47.2,0.0,0.0,0.5,0.88,0.12,0.12,0.9567,14.8655,0
989.0,-53.0,72,100.7,173.1668,82.2,124.4,84.3,0.32,0.56,0.11,0.33,0.9484,13.0651,0
1042.0,53.0,71,93.1,166.8473,57.4,141.4,57.8,0.24,0.55,0.14,0.23,0.969,12.1992,0
1087.0,-65.0,11,16.7,24.5198,17.7,7.0,0.0,0.73,0.91,0.0,0.09,0.9607,15.4948,0
1152.0,65.0,10,45.2,49.3306,37.4,115.0,0.0,0.3,0.4,0.0,0.5,0.9436,13.7934,0
1896.0,-23.0,22,57.0,76.199,24.6,84.0,0.0,0.23,0.55,0.05,0.41,0.9655,15.6978,0
1919.0,23.0,22,40.0,64.6013,21.6,52.8,0.0,0.27,0.68,0.05,0.14,0.9617,15.3003,0
2784.0,-120.0,57,25.0,44.9015,12.5,24.7,32.8,0.44,0.68,0.02,0.14,0.9694,13.6922,0
2904.0,120.0,57,23.0,56.5169,9.0,23.5,29.1,0.47,0.84,0.02,0.11,0.9741,12.5395,0
1611.0,-50.0,21,82.9,213.7295,25.0,135.5,0.0,0.19,0.48,0.05,0.24,0.9655,16.1464,0
1661.0,50.0,21,17.1,36.9525,8.9,23.2,0.0,0.43,0.67,0.0,0.1,0.9581,15.1096,0
1985.0,76.0,24,101.5,207.8112,58.5,132.2,0.0,0.33,0.54,0.12,0.29,0.9004,13.4925,0
1909.0,-76.0,24,31.0,60.4034,48.8,20.3,0.0,0.54,0.92,0.04,0.17,0.9628,15.3461,0
1603.0,60.0,23,73.3,140.7566,22.6,112.4,0.0,0.35,0.7,0.13,0.22,0.9562,14.767,0
1543.0,-60.0,22,105.9,236.5162,15.0,168.8,0.0,0.32,0.55,0.14,0.14,0.9657,15.9156,0
2008.0,-18.0,23,102.4,151.6535,46.9,145.1,0.0,0.3,0.7,0.22,0.22,0.9537,13.9772,0
2026.0,18.0,23,98.3,169.8632,40.4,135.6,0.0,0.48,0.65,0.13,0.3,0.9554,15.1738,0
1478.0,-29.0,35,95.9,171.6493,64.9,108.4,0.0,0.23,0.51,0.11,0.4,0.9343,11.9294,0
1507.0,29.0,35,40.6,61.9725,26.4,45.5,0.0,0.37,0.77,0.0,0.23,0.9674,16.1265,0
1627.0,41.0,42,23.7,33.1278,6.5,31.0,0.0,0.55,0.79,0.0,0.17,0.9427,13.5253,0
1586.0,-41.0,41,41.6,48.9509,25.4,48.6,10.5,0.39,0.56,0.0,0.29,0.9611,13.3133,0
1445.0,-33.0,45,44.8,58.8758,56.2,48.3,0.6,0.4,0.71,0.04,0.31,0.9312,13.6133,0
1478.0,33.0,44,67.7,69.6049,96.1,58.7,70.0,0.25,0.7,0.05,0.48,0.9218,11.7338,0
1704.0,-52.0,44,79.3,208.7097,22.8,75.4,250.0,0.48,0.75,0.07,0.23,0.965,13.6893,0
1756.0,52.0,43,90.2,189.1022,25.2,63.1,439.8,0.35,0.65,0.12,0.26,0.9652,13.2069,0
1316.0,-4.0,31,95.0,209.2786,39.5,121.4,0.0,0.16,0.39,0.06,0.35,0.9243,13.9321,0
1320.0,4.0,31,34.0,53.5739,47.1,28.7,0.0,0.48,0.68,0.03,0.23,0.9554,12.7674,0
1846.0,36.0,55,61.8,191.6513,27.6,55.2,97.9,0.44,0.73,0.05,0.11,0.9633,14.849,0
1810.0,-36.0,54,51.4,144.1734,12.0,79.5,18.7,0.37,0.72,0.06,0.15,0.8423,9.7058,0
2030.0,15.0,22,73.2,100.1706,55.3,88.1,0.0,0.32,0.55,0.09,0.41,0.9652,15.3824,0
2015.0,-15.0,21,72.7,123.2276,28.7,105.7,0.0,0.14,0.67,0.14,0.1,0.963,15.0818,0
1120.0,20.0,29,75.3,67.0752,100.5,62.1,0.0,0.21,0.31,0.03,0.59,0.959,13.7447,0
1100.0,-20.0,28,41.8,42.2503,50.4,37.6,0.0,0.36,0.75,0.0,0.29,0.9636,15.6343,0
1181.0,10.0,33,103.5,206.3506,13.3,142.7,0.0,0.36,0.61,0.09,0.3,0.9718,15.5096,0
1171.0,-10.0,33,78.2,143.483,33.6,95.0,0.0,0.39,0.64,0.09,0.33,0.9369,13.7646,0
1738.0,-235.0,6,14.3,10.4052,14.3,0.0,0.0,0.5,0.83,0.0,0.0,0.9452,14.6625,0
1973.0,235.0,5,64.4,133.035,64.4,0.0,0.0,0.6,0.8,0.2,0.0,0.954,14.8934,0
2585.0,40.0,53,83.0,198.9973,9.9,51.9,210.9,0.38,0.6,0.06,0.34,0.9596,14.6613,0
2545.0,-40.0,52,79.1,148.8844,33.3,77.8,113.7,0.17,0.54,0.1,0.37,0.9617,11.362,0
1820.0,-14.0,33,111.7,236.8526,56.6,135.7,0.0,0.3,0.55,0.09,0.36,0.903,12.0826,0
1834.0,14.0,33,31.6,58.7504,12.6,38.8,0.0,0.48,0.82,0.03,0.18,0.9571,14.8408,0
1373.0,-15.0,36,53.1,77.2456,32.0,61.2,0.0,0.25,0.56,0.08,0.28,0.9619,14.9928,0
1388.0,15.0,35,48.9,59.8436,31.4,55.0,0.0,0.29,0.6,0.06,0.2,0.9481,14.1835,0
1890.0,-18.0,29,43.7,66.6351,9.3,61.7,0.0,0.28,0.59,0.07,0.14,0.9687,15.1426,0
1908.0,18.0,28,56.2,123.8311,9.7,78.2,0.0,0.39,0.68,0.07,0.21,0.9597,15.03,0
1647.0,18.0,23,124.9,201.3927,112.7,134.2,0.0,0.26,0.61,0.13,0.39,0.962,15.8641,0
1629.0,-18.0,22,162.8,260.0948,102.2,204.8,0.0,0.32,0.64,0.27,0.18,0.9109,13.3957,0
1825.0,76.0,14,193.9,353.819,171.4,250.2,0.0,0.36,0.79,0.21,0.14,0.952,15.2844,0
1749.0,-76.0,13,211.3,361.3549,305.2,0.0,0.0,0.46,0.54,0.23,0.23,0.6484,8.5456,0
1675.0,-1.0,62,66.5,149.4459,45.0,42.5,108.9,0.39,0.63,0.05,0.26,0.9293,11.1636,0
1676.0,1.0,62,41.5,53.7242,50.6,49.6,27.3,0.48,0.71,0.02,0.32,0.9384,11.8183,0
1579.0,-54.0,41,39.3,48.2583,30.1,43.7,0.0,0.34,0.63,0.02,0.29,0.9653,14.5222,0
1633.0,54.0,40,53.1,86.5912,10.3,67.4,11.0,0.42,0.65,0.05,0.3,0.9596,13.6002,0
1986.0,71.0,43,98.3,189.9624,52.8,120.4,28.0,0.28,0.53,0.12,0.33,0.9334,14.5101,0
1915.0,-71.0,43,99.6,206.7735,28.8,99.0,263.2,0.28,0.47,0.07,0.37,0.9571,14.2945,0
1314.0,-52.0,42,69.4,120.9705,21.0,90.1,0.0,0.4,0.74,0.14,0.19,0.9689,13.9757,0
1366.0,52.0,41,77.9,116.0566,30.2,92.1,79.0,0.27,0.49,0.12,0.22,0.9692,14.9278,0
1113.0,-23.0,4,31.8,58.8579,31.8,0.0,0.0,0.25,0.75,0.0,0.25,0.9559,14.755,0
1136.0,23.0,3,51.7,70.5148,51.7,0.0,0.0,0.67,1.0,0.0,0.33,0.9456,13.6188,0
1443.0,-24.0,22,29.5,34.2508,39.4,21.2,0.0,0.41,0.68,0.0,0.23,0.9587,15.5465,0
1467.0,24.0,21,51.2,58.841,32.8,65.0,0.0,0.29,0.52,0.0,0.38,0.9539,14.7726,0
2178.0,1.0,14,132.5,288.5819,25.0,401.2,0.0,0.21,0.5,0.14,0.14,0.935,14.9733,0
2177.0,-1.0,14,37.1,45.7963,49.7,14.4,0.0,0.36,0.57,0.0,0.29,0.9516,15.0853,0
2511.0,166.0,31,65.2,101.9596,27.4,83.2,0.0,0.39,0.68,0.1,0.26,0.964,14.8932,0
2345.0,-166.0,31,53.6,81.3518,16.4,68.8,0.0,0.32,0.58,0.06,0.29,0.9311,14.4616,0
1371.0,58.0,24,22.8,30.8478,13.8,29.1,0.0,0.33,0.71,0.0,0.21,0.9589,15.4848,0
1313.0,-58.0,23,38.8,74.8761,6.8,59.4,0.0,0.52,0.61,0.09,0.09,0.9602,15.0058,0
1203.0,90.0,24,156.0,334.2071,11.1,259.6,0.0,0.33,0.67,0.17,0.12,0.9611,15.4089,0
1113.0,-90.0,24,104.4,277.1839,14.2,158.5,0.0,0.46,0.71,0.08,0.25,0.9621,15.344,0
1845.0,90.0,37,46.8,82.3348,9.1,60.7,0.0,0.41,0.76,0.08,0.22,0.9368,13.4875,0
1755.0,-90.0,37,35.4,47.5461,10.9,43.2,0.0,0.32,0.65,0.0,0.27,0.9645,14.8394,0
1782.0,348.0,11,16.9,29.46,18.6,0.0,0.0,0.45,0.73,0.0,0.09,0.9543,15.2472,0
1434.0,-348.0,10,156.0,316.7302,173.3,0.0,0.0,0.3,0.6,0.2,0.1,0.9497,13.1123,0
1196.0,2.0,12,126.9,121.3825,116.3,180.0,0.0,0.25,0.5,0.17,0.58,0.9626,13.1188,0
1194.0,-2.0,12,98.1,131.9197,77.2,160.7,0.0,0.42,0.75,0.17,0.25,0.9593,15.4281,0
1937.0,33.0,26,61.8,123.4226,47.3,70.8,0.0,0.31,0.65,0.04,0.38,0.9518,13.3323,0
1904.0,-33.0,26,32.3,66.9207,21.3,38.1,0.0,0.5,0.81,0.04,0.12,0.9562,14.9001,0
1844.0,7.0,52,60.8,69.9645,22.3,66.0,80.2,0.27,0.48,0.04,0.37,0.9497,13.234,0
1837.0,-7.0,51,42.3,57.9417,10.6,41.7,67.6,0.29,0.61,0.02,0.22,0.945,12.9157,0
1663.0,-8.0,27,47.8,78.2663,18.1,65.3,0.0,0.41,0.74,0.07,0.22,0.962,15.6381,0
1671.0,8.0,26,78.9,143.7656,15.0,112.8,0.0,0.38,0.62,0.12,0.19,0.9621,14.0359,0
1514.0,-126.0,28,100.3,137.3929,26.3,141.4,0.0,0.21,0.57,0.25,0.18,0.9657,15.9461,0
1640.0,126.0,28,111.4,185.97,19.7,154.8,0.0,0.29,0.57,0.21,0.21,0.962,14.0819,0
2699.0,135.0,36,42.1,165.6501,11.2,54.0,0.0,0.61,0.78,0.03,0.11,0.9624,15.0376,0
2564.0,-135.0,35,89.3,232.9138,9.8,116.9,0.0,0.4,0.74,0.09,0.23,0.8696,12.2299,0
2639.0,176.0,38,53.1,86.0829,36.9,58.8,0.0,0.39,0.58,0.08,0.21,0.9645,14.6165,0
2463.0,-176.0,38,51.2,93.0481,45.6,53.0,0.0,0.37,0.63,0.05,0.21,0.9694,15.7154,0
1610.0,12.0,22,55.5,54.5106,43.8,65.2,0.0,0.32,0.55,0.0,0.41,0.9562,14.8249,0
1598.0,-12.0,21,61.2,62.4401,54.4,66.2,0.0,0.43,0.57,0.0,0.48,0.9524,14.5495,0
1707.0,-15.0,15,29.3,25.3391,34.8,18.2,0.0,0.27,0.73,0.0,0.27,0.9533,14.8661,0
1722.0,15.0,15,39.9,56.4862,24.6,62.8,0.0,0.33,0.6,0.07,0.13,0.9578,14.4849,0
1511.0,-17.0,33,62.2,89.5522,36.6,73.3,0.0,0.21,0.55,0.06,0.33,0.9585,15.425,0
1528.0,17.0,32,88.7,176.4017,28.4,112.3,0.0,0.22,0.5,0.06,0.41,0.9563,13.7949,0
1141.0,-59.0,16,61.3,165.296,13.3,141.3,0.0,0.44,0.75,0.06,0.12,0.956,13.9486,0
1200.0,59.0,16,31.2,43.7831,13.2,54.3,0.0,0.38,0.62,0.0,0.19,0.9555,15.0242,0
1307.0,-59.0,46,129.5,231.9841,25.8,156.5,167.5,0.28,0.65,0.15,0.28,0.915,11.7918,0
1366.0,59.0,46,85.7,185.2583,31.8,121.9,0.0,0.43,0.74,0.11,0.24,0.9612,14.9716,0
1990.0,-29.0,61,102.6,194.7886,24.5,75.0,179.1,0.38,0.69,0.13,0.28,0.9725,11.2041,0
2019.0,29.0,61,56.4,138.5546,12.6,73.0,51.7,0.33,0.66,0.07,0.2,0.966,12.9013,0
2313.0,-67.0,47,60.3,152.1535,13.2,77.9,52.1,0.36,0.66,0.06,0.19,0.9749,13.7896,0
2380.0,67.0,46,61.7,154.099,7.9,78.9,56.9,0.39,0.65,0.04,0.22,0.9447,14.4318,0
1872.0,15.0,31,73.2,117.6779,38.5,89.7,0.0,0.29,0.58,0.1,0.32,0.963,14.8952,0
1857.0,-15.0,30,49.1,69.1718,16.2,63.2,0.0,0.4,0.67,0.07,0.3,0.963,14.8464,0
1492.0,54.0,53,71.5,199.5545,85.7,30.6,154.8,0.38,0.58,0.06,0.21,0.9432,10.4791,0
1438.0,-54.0,53,35.3,136.882,24.6,21.6,71.8,0.34,0.58,0.02,0.13,0.9512,14.0034,0
1354.0,69.0,41,55.1,78.3567,19.1,67.0,59.0,0.44,0.68,0.05,0.27,0.9606,14.5561,0
1285.0,-69.0,41,40.9,57.7596,34.2,42.5,47.0,0.46,0.66,0.02,0.27,0.958,14.5274,0
2264.0,257.0,47,91.9,170.1787,40.6,80.1,215.6,0.36,0.64,0.15,0.26,0.9187,11.7845,0
2007.0,-257.0,47,80.1,164.1662,39.0,66.5,177.6,0.34,0.53,0.09,0.23,0.9575,12.8053,0
1390.0,13.0,39,33.8,47.1371,32.4,34.3,0.0,0.46,0.67,0.0,0.28,0.9655,15.458,0
1377.0,-13.0,38,47.3,88.9127,13.8,57.7,0.0,0.32,0.66,0.05,0.16,0.9421,13.2007,0
1443.0,-121.0,30,31.8,45.7596,17.3,39.1,0.0,0.43,0.6,0.03,0.2,0.9254,13.011,0
1564.0,121.0,29,54.2,137.5932,7.0,75.5,0.0,0.45,0.69,0.07,0.21,0.9505,14.4094,0
1645.0,23.0,14,61.9,104.4324,37.0,124.0,0.0,0.57,0.57,0.07,0.21,0.8796,13.2055,0
1622.0,-23.0,14,24.4,36.888,21.4,29.8,0.0,0.64,0.79,0.0,0.14,0.9603,14.5145,0
1795.0,52.0,23,30.0,33.2504,12.6,43.3,0.0,0.3,0.65,0.0,0.26,0.9596,15.0563,0
1743.0,-52.0,22,64.4,157.588,13.8,99.5,0.0,0.36,0.77,0.09,0.09,0.9553,15.2077,0
994.0,-40.0,24,139.8,236.2365,38.6,212.0,0.0,0.17,0.38,0.21,0.33,0.9637,15.9926,0
1034.0,40.0,23,131.3,228.6423,13.3,207.1,0.0,0.39,0.7,0.22,0.26,0.9586,15.3932,0
1914.0,86.0,43,95.8,211.7166,15.3,129.2,30.3,0.28,0.58,0.09,0.26,0.9467,14.0953,0
1828.0,-86.0,43,111.1,228.991,7.9,139.1,133.8,0.3,0.58,0.14,0.23,0.9675,13.423,0
1305.0,90.0,20,171.0,282.7819,150.9,191.1,0.0,0.25,0.4,0.25,0.35,0.9499,14.7583,0
1215.0,-90.0,20,105.8,232.977,98.0,112.1,0.0,0.45,0.75,0.1,0.25,0.9391,13.4523,0
2317.0,25.0,44,45.0,82.1265,19.2,51.5,60.5,0.5,0.77,0.09,0.11,0.9672,14.7879,0
2292.0,-25.0,43,94.8,177.0542,23.3,74.3,410.0,0.23,0.6,0.12,0.3,0.9397,13.805,0
1837.0,73.0,57,46.8,109.7725,21.9,62.7,33.2,0.39,0.63,0.04,0.16,0.9547,12.7527,0
1764.0,-73.0,57,32.3,85.1153,20.7,42.5,21.3,0.33,0.63,0.02,0.09,0.9691,14.4852,0
2375.0,40.0,41,10.7,15.8667,5.5,12.8,0.0,0.51,0.76,0.0,0.05,0.9653,14.6153,0
2335.0,-40.0,41,9.2,20.4905,3.3,11.6,0.0,0.56,0.83,0.0,0.05,0.9603,14.156,0
1922.0,51.0,13,10.5,14.3563,8.0,19.0,0.0,0.38,0.77,0.0,0.0,0.9569,15.6885,0
1871.0,-51.0,13,22.6,38.1959,8.1,55.2,0.0,0.15,0.62,0.0,0.15,0.9537,14.6971,0
2030.0,40.0,75,36.2,74.2942,25.1,40.9,35.3,0.36,0.59,0.03,0.16,0.9449,13.3569,0
1990.0,-40.0,75,63.3,141.0991,11.3,52.1,85.6,0.17,0.48,0.07,0.21,0.9724,11.4064,0
1788.0,-8.0,45,37.1,80.6088,13.9,34.3,100.2,0.42,0.8,0.02,0.18,0.9378,13.4683,0
1796.0,8.0,45,45.7,96.0832,7.9,45.5,103.7,0.47,0.82,0.07,0.13,0.9394,12.7685,0
1088.0,-119.0,3,2.3,2.0821,2.3,0.0,0.0,0.33,1.0,0.0,0.0,0.9557,14.0844,0
1207.0,119.0,3,3.3,3.0553,3.3,0.0,0.0,0.33,0.33,0.0,0.0,0.9482,13.5827,0
2085.0,-55.0,26,30.3,40.0879,33.2,28.6,0.0,0.46,0.73,0.0,0.19,0.9621,15.5816,0
2140.0,55.0,25,49.0,70.4687,22.2,64.1,0.0,0.48,0.6,0.04,0.28,0.9543,14.0078,0
1583.0,-3.0,49,85.6,118.7599,46.2,104.9,65.2,0.31,0.51,0.14,0.29,0.9579,13.7031,0
1586.0,3.0,49,97.8,128.5615,43.0,118.0,86.4,0.29,0.53,0.12,0.41,0.9671,13.3425,0
1195.0,-86.0,28,73.6,98.0636,47.7,88.0,0.0,0.32,0.5,0.07,0.32,0.9586,15.53,0
1281.0,86.0,28,94.1,149.6969,102.3,90.3,0.0,0.32,0.54,0.14,0.32,0.9205,14.5932,0
1723.0,-60.0,45,100.0,163.1661,98.5,104.7,74.6,0.44,0.62,0.16,0.27,0.9321,13.1883,0
1783.0,60.0,45,80.0,115.0305,60.8,98.1,18.7,0.38,0.69,0.16,0.24,0.958,14.0192,0
1553.0,-2.0,33,57.8,80.335,17.1,75.5,0.0,0.36,0.64,0.15,0.15,0.9675,15.3585,0
1555.0,2.0,32,71.7,130.3945,23.7,90.5,0.0,0.41,0.69,0.09,0.22,0.9569,13.8603,0
1536.0,45.0,22,97.4,142.6169,67.9,121.9,0.0,0.14,0.41,0.09,0.45,0.9548,14.4445,0
1491.0,-45.0,21,79.9,122.2327,103.4,62.2,0.0,0.38,0.62,0.14,0.29,0.9592,15.3788,0
1711.0,46.0,33,74.5,98.4064,35.6,91.4,0.0,0.33,0.67,0.09,0.33,0.9682,16.054,0
1665.0,-46.0,33,67.9,74.9771,36.9,79.6,0.0,0.33,0.64,0.09,0.3,0.9561,13.5949,0
1857.0,15.0,32,50.7,86.0422,17.2,65.9,0.0,0.38,0.59,0.09,0.16,0.9587,14.2959,0
1842.0,-15.0,31,25.8,55.9113,10.7,32.0,0.0,0.45,0.77,0.03,0.1,0.9665,15.8596,0
1341.0,23.0,26,60.0,70.7392,24.5,82.1,0.0,0.42,0.69,0.08,0.31,0.9665,15.9821,0
1318.0,-23.0,25,121.5,217.7093,9.8,184.3,0.0,0.36,0.56,0.16,0.28,0.9655,14.0328,0
1006.0,1.0,22,84.3,142.0289,15.6,141.5,0.0,0.32,0.59,0.09,0.23,0.9532,14.8119,0
1005.0,-1.0,22,39.8,53.631,56.6,28.2,0.0,0.41,0.68,0.05,0.27,0.959,15.2818,0
1729.0,61.0,33,60.1,61.6056,44.9,66.7,0.0,0.3,0.58,0.03,0.45,0.9496,14.0321,0
1668.0,-61.0,32,95.7,188.6488,39.2,117.8,0.0,0.38,0.47,0.16,0.25,0.9267,13.1149,0
1264.0,-236.0,14,91.1,183.5797,121.1,16.2,0.0,0.36,0.71,0.14,0.14,0.9441,13.5421,0
1500.0,236.0,13,105.3,145.4598,97.9,122.0,0.0,0.15,0.38,0.15,0.31,0.9493,15.6031,0
1905.0,41.0,70,105.9,161.7691,206.3,80.3,98.0,0.33,0.54,0.1,0.47,0.905,10.0213,0
1864.0,-41.0,70,132.1,257.0108,222.1,54.7,180.9,0.3,0.66,0.16,0.27,0.9482,13.5113,0
1830.0,25.0,40,106.2,216.7998,16.2,136.3,0.0,0.35,0.6,0.07,0.4,0.9651,15.2367,0
1805.0,-25.0,40,62.6,160.7244,16.4,78.6,0.0,0.4,0.7,0.05,0.25,0.9695,14.5044,0
1276.0,35.0,23,99.1,213.9094,70.5,121.2,0.0,0.22,0.65,0.13,0.22,0.9606,15.6372,0
1241.0,-35.0,23,158.7,285.8799,66.4,218.1,0.0,0.39,0.7,0.26,0.13,0.9708,14.2534,0
1597.0,-34.0,17,37.2,30.1335,36.9,37.6,0.0,0.35,0.59,0.0,0.29,0.9576,15.5506,0
1631.0,34.0,16,60.1,184.5338,5.9,129.7,0.0,0.44,0.69,0.06,0.06,0.9532,14.4302,0
1819.0,231.0,6,1.5,3.6742,1.5,0.0,0.0,0.67,0.83,0.0,0.0,0.9432,14.2408,0
1588.0,-231.0,5,233.2,430.5226,233.2,0.0,0.0,0.0,0.2,0.2,0.2,0.939,12.919,0
807.0,-904.0,10,86.6,167.1016,86.6,0.0,0.0,0.3,0.5,0.1,0.2,0.9514,15.3387,0
1711.0,904.0,9,107.4,195.1942,107.4,0.0,0.0,0.44,0.44,0.22,0.0,0.9548,15.3004,0
1813.0,49.0,55,66.1,127.2693,6.8,32.0,173.9,0.36,0.64,0.11,0.11,0.9696,14.4631,0
1764.0,-49.0,55,65.2,113.6465,10.0,44.4,135.2,0.47,0.78,0.09,0.18,0.952,12.3313,0
1856.0,13.0,30,67.3,186.3721,8.1,96.8,0.0,0.43,0.77,0.07,0.17,0.9056,14.6331,0
1843.0,-13.0,30,35.2,61.8696,6.9,47.4,0.0,0.33,0.63,0.03,0.1,0.9654,15.2033,0
870.0,-24.0,30,98.2,236.7546,33.6,130.5,0.0,0.5,0.67,0.1,0.2,0.9316,14.1636,0
894.0,24.0,30,51.4,63.6747,58.7,48.3,0.0,0.47,0.7,0.03,0.33,0.9537,15.0586,0
1456.0,-20.0,14,37.1,36.8153,39.0,32.5,0.0,0.36,0.64,0.0,0.29,0.9541,15.2753,0
1476.0,20.0,13,56.5,79.0987,49.1,73.0,0.0,0.31,0.54,0.15,0.15,0.9551,13.8959,0
1560.0,32.0,22,13.5,23.309,5.6,20.2,0.0,0.5,0.77,0.0,0.05,0.95,15.0545,0
1528.0,-32.0,22,42.6,74.3836,17.0,60.3,0.0,0.45,0.73,0.05,0.18,0.9592,14.8707,0
1192.0,128.0,53,86.1,195.8827,45.6,69.8,154.8,0.32,0.64,0.11,0.26,0.9614,14.9528,0
1064.0,-128.0,52,111.5,211.1278,33.7,113.3,161.2,0.29,0.6,0.15,0.27,0.9355,12.5102,0
1958.0,-60.0,18,20.9,31.3397,6.9,38.5,0.0,0.44,0.78,0.0,0.17,0.9475,14.8965,0
2018.0,60.0,18,16.8,27.565,10.1,23.4,0.0,0.56,0.78,0.0,0.11,0.951,14.1282,0
2046.0,171.0,14,40.7,51.8095,55.4,4.0,0.0,0.43,0.64,0.0,0.36,0.9639,16.0468,0
1875.0,-171.0,13,158.2,281.0296,53.4,393.8,0.0,0.23,0.54,0.15,0.38,0.9528,14.7273,0
1776.0,-21.0,72,59.1,175.7763,9.9,30.1,101.6,0.46,0.78,0.07,0.11,0.9659,14.3121,0
1797.0,21.0,71,73.3,195.7454,6.6,53.9,110.3,0.38,0.7,0.1,0.11,0.9478,12.1562,0
1850.0,4.0,35,38.0,44.1222,16.5,46.6,0.0,0.4,0.57,0.0,0.26,0.9648,15.7003,0
1846.0,-4.0,34,63.3,78.2295,50.7,67.9,0.0,0.24,0.56,0.12,0.29,0.9648,14.9276,0
1361.0,15.0,20,27.3,27.6731,29.0,25.6,0.0,0.55,0.8,0.0,0.25,0.9542,14.4697,0
1346.0,-15.0,19,56.0,92.2226,24.7,84.2,0.0,0.26,0.53,0.05,0.32,0.949,13.7166,0
2141.0,12.0,23,45.7,73.9929,21.2,64.5,0.0,0.17,0.43,0.04,0.09,0.9546,15.2016,0
2129.0,-12.0,22,67.5,114.5354,17.3,102.3,0.0,0.14,0.36,0.09,0.18,0.961,15.2012,0
2447.0,9.0,56,35.9,135.3465,12.1,21.6,77.7,0.52,0.71,0.02,0.11,0.9703,14.1467,0
2438.0,-9.0,55,61.8,190.9015,13.4,32.7,143.6,0.47,0.82,0.05,0.11,0.9302,11.779,0
1061.0,35.0,24,96.1,215.6015,27.1,145.4,0.0,0.5,0.58,0.08,0.33,0.9574,14.7534,0
1026.0,-35.0,24,46.9,61.385,56.8,40.9,0.0,0.42,0.67,0.04,0.38,0.9582,15.3663,0
1900.0,-2.0,39,49.5,72.6813,14.1,61.7,0.0,0.38,0.64,0.03,0.26,0.9537,13.5129,0
1902.0,2.0,39,50.6,66.8957,7.6,63.5,0.0,0.23,0.54,0.03,0.33,0.9519,15.0322,0
1920.0,-10.0,45,28.2,37.0263,21.3,25.8,56.6,0.38,0.64,0.0,0.22,0.9675,15.0258,0
1930.0,10.0,44,30.6,67.3241,57.4,23.2,26.2,0.52,0.75,0.05,0.09,0.9638,14.7326,0
583.0,-314.0,37,159.4,327.0143,17.2,212.0,0.0,0.38,0.59,0.14,0.24,0.8981,12.4823,0
897.0,314.0,37,149.0,306.5439,22.9,189.5,0.0,0.35,0.65,0.16,0.24,0.9582,15.0803,0
2220.0,-80.0,35,26.3,30.6889,17.7,29.8,0.0,0.4,0.63,0.0,0.2,0.9661,15.6514,0
2300.0,80.0,35,54.4,64.8964,14.8,68.1,0.0,0.31,0.57,0.09,0.26,0.9376,14.7336,0
2042.0,165.0,46,75.6,247.484,5.4,114.1,0.5,0.43,0.74,0.07,0.07,0.9594,15.4223,0
1877.0,-165.0,45,72.8,212.9841,13.7,104.8,1.3,0.51,0.73,0.09,0.11,0.8817,10.5904,0
1500.0,-38.0,31,90.8,188.4051,40.7,114.7,0.0,0.35,0.55,0.1,0.26,0.9643,15.8836,0
1538.0,38.0,31,121.1,208.9728,65.8,143.7,0.0,0.1,0.29,0.13,0.48,0.9327,14.4725,0
1591.0,37.0,31,85.2,104.2534,22.5,115.1,0.0,0.16,0.68,0.13,0.35,0.9641,15.3018,0
1554.0,-37.0,31,72.0,105.6097,49.4,81.2,0.0,0.35,0.61,0.1,0.26,0.9685,14.8292,0
1844.0,-14.0,23,38.7,58.7788,23.9,50.1,0.0,0.39,0.65,0.04,0.17,0.9589,15.8871,0
1858.0,14.0,22,57.0,67.0561,25.0,79.2,0.0,0.23,0.5,0.05,0.32,0.9506,14.687,0
1255.0,-64.0,28,78.2,87.3472,77.7,78.6,0.0,0.21,0.39,0.11,0.39,0.9569,15.6776,0
1319.0,64.0,28,46.0,48.5589,58.1,40.3,0.0,0.39,0.61,0.0,0.39,0.9594,14.9876,0
1486.0,-86.0,31,81.8,129.8212,25.9,108.5,0.0,0.26,0.52,0.13,0.23,0.9628,15.3007,0
1572.0,86.0,31,56.1,99.531,18.2,71.6,0.0,0.48,0.71,0.1,0.16,0.9624,12.8766,0
2710.0,-175.0,58,57.7,125.809,28.2,41.1,101.9,0.33,0.69,0.05,0.21,0.9671,14.0489,0
2885.0,175.0,58,44.7,86.261,13.0,45.7,58.0,0.36,0.66,0.05,0.19,0.9651,14.9207,0
1503.0,-34.0,32,71.0,130.2708,15.2,96.3,0.0,0.38,0.66,0.09,0.19,0.9604,15.3157,0
1537.0,34.0,31,113.3,205.1327,35.6,145.1,0.0,0.42,0.58,0.16,0.19,0.9738,14.6979,0
1402.0,18.0,35,89.1,190.1902,42.8,107.6,0.0,0.29,0.6,0.11,0.23,0.869,12.0581,0
1384.0,-18.0,35,32.5,54.3682,24.7,35.3,0.0,0.37,0.74,0.0,0.23,0.9674,15.8512,0
940.0,28.0,27,106.2,260.5133,41.1,144.5,0.0,0.37,0.63,0.07,0.3,0.9607,15.0639,0
912.0,-28.0,26,141.0,268.5574,29.3,200.1,0.0,0.27,0.58,0.19,0.31,0.8534,12.2331,0
1772.0,363.0,54,50.7,139.3246,17.8,43.5,89.7,0.31,0.65,0.02,0.22,0.9578,15.2076,0
1409.0,-363.0,54,66.9,147.9559,23.4,46.3,134.4,0.33,0.61,0.07,0.2,0.9464,12.4069,0
1576.0,-8.0,4,48.5,84.3702,48.5,0.0,0.0,0.75,0.75,0.0,0.25,0.954,14.9,0
1584.0,8.0,3,184.3,308.9407,184.3,0.0,0.0,0.0,0.33,0.33,0.0,0.9591,14.0317,0
2212.0,82.0,28,35.9,62.1553,22.5,43.3,0.0,0.5,0.75,0.04,0.21,0.9655,16.2071,0
2130.0,-82.0,27,98.6,200.9471,22.9,136.4,0.0,0.37,0.74,0.11,0.3,0.9659,12.2337,0
1986.0,0.0,31,51.1,96.0144,14.2,68.7,0.0,0.35,0.55,0.03,0.19,0.9578,14.6668,0
1986.0,0.0,31,29.1,83.0368,8.1,37.7,0.0,0.48,0.77,0.03,0.1,0.9625,15.6267,0
2187.0,-6.0,52,43.5,109.4241,18.0,39.3,75.2,0.48,0.71,0.02,0.21,0.9288,13.1401,0
2193.0,6.0,52,43.8,105.5011,16.3,39.3,73.2,0.33,0.73,0.04,0.17,0.9687,14.1367,0
2090.0,27.0,22,27.3,39.3862,10.1,41.7,0.0,0.27,0.68,0.0,0.18,0.9586,15.5941,0
2063.0,-27.0,22,108.0,230.9694,10.1,175.8,0.0,0.32,0.5,0.14,0.18,0.9589,15.6017,0
1500.0,102.0,42,63.9,155.4316,61.6,34.4,518.0,0.26,0.6,0.05,0.24,0.9403,13.6815,0
1398.0,-102.0,42,22.6,28.2058,17.0,25.8,7.3,0.36,0.5,0.0,0.12,0.9503,13.5284,0
1814.0,24.0,23,49.8,56.3049,50.7,49.2,0.0,0.52,0.78,0.04,0.3,0.9186,12.6177,0
1790.0,-24.0,23,20.9,27.9875,9.8,28.0,0.0,0.57,0.78,0.0,0.17,0.9537,15.1956,0
1307.0,-3.0,32,55.0,105.2597,7.0,76.8,0.0,0.38,0.69,0.06,0.25,0.9577,15.0423,0
1310.0,3.0,32,23.4,49.2039,9.3,28.9,0.0,0.5,0.84,0.03,0.06,0.9628,15.3201,0
861.0,-15.0,58,137.2,238.6324,64.2,118.8,208.5,0.22,0.52,0.19,0.29,0.9289,12.0651,0
876.0,15.0,57,86.3,167.4488,82.0,96.3,71.8,0.4,0.68,0.14,0.26,0.9625,14.5309,0
1813.0,6.0,8,28.1,23.074,28.1,0.0,0.0,0.38,0.38,0.0,0.12,0.9509,15.1118,0
1807.0,-6.0,7,17.1,17.2089,17.1,0.0,0.0,0.14,0.57,0.0,0.0,0.945,14.3627,0
1602.0,-9.0,48,125.8,249.9815,49.6,96.8,329.5,0.35,0.56,0.17,0.23,0.9493,15.1814,0
1611.0,9.0,48,103.9,216.4541,48.2,100.4,171.2,0.27,0.62,0.08,0.33,0.9711,15.8407,0
1687.0,13.0,40,82.8,177.5661,23.0,102.7,0.0,0.35,0.57,0.12,0.12,0.969,14.9663,0
1674.0,-13.0,40,66.1,166.513,23.6,47.8,1000.0,0.5,0.75,0.07,0.23,0.9653,14.9692,0
2084.0,-49.0,44,45.0,76.2081,24.6,48.8,67.8,0.32,0.68,0.07,0.18,0.9641,14.6616,0
2133.0,49.0,44,85.8,177.4915,15.0,71.2,300.6,0.27,0.55,0.14,0.16,0.9601,13.2259,0
1856.0,141.0,41,126.1,210.5469,34.6,158.8,61.0,0.34,0.51,0.2,0.24,0.941,12.4829,0
1715.0,-141.0,40,112.3,206.9778,44.3,136.4,2.0,0.25,0.53,0.12,0.33,0.9439,14.51,0
1073.0,-1.0,22,130.7,165.8241,39.3,206.9,0.0,0.41,0.55,0.32,0.18,0.9508,14.5606,0
1074.0,1.0,22,79.5,109.2589,55.4,96.2,0.0,0.41,0.77,0.14,0.27,0.9515,14.9175,0
1999.0,23.0,51,60.5,150.0027,12.8,89.4,24.9,0.37,0.67,0.08,0.18,0.962,14.5302,0
1976.0,-23.0,51,58.1,147.8761,14.7,86.4,19.8,0.35,0.63,0.08,0.18,0.9642,14.1264,0
1307.0,8.0,8,44.4,71.0351,44.4,0.0,0.0,0.62,0.88,0.0,0.25,0.9558,15.3248,0
1299.0,-8.0,7,149.9,375.0144,149.9,0.0,0.0,0.71,0.86,0.14,0.0,0.8973,11.7469,0
805.0,-637.0,23,34.8,36.8802,21.2,45.3,0.0,0.35,0.43,0.0,0.22,0.9575,15.1494,0
1442.0,637.0,23,31.9,36.2069,24.4,36.6,0.0,0.3,0.65,0.0,0.26,0.9554,15.0494,0
1146.0,108.0,19,68.4,91.8636,38.9,101.1,0.0,0.21,0.47,0.05,0.42,0.9605,14.1267,0
1038.0,-108.0,19,53.0,47.557,39.2,65.4,0.0,0.16,0.58,0.05,0.32,0.9544,15.0464,0
1710.0,38.0,56,93.0,224.9288,37.9,51.7,204.8,0.36,0.75,0.11,0.25,0.9607,14.2788,0
1672.0,-38.0,55,110.4,226.1696,50.6,73.1,214.1,0.29,0.53,0.11,0.35,0.938,12.7583,0
1807.0,2.0,30,109.4,175.0341,59.5,134.3,0.0,0.4,0.57,0.17,0.33,0.9583,13.8193,0
1805.0,-2.0,30,141.2,210.3558,51.1,179.9,0.0,0.27,0.53,0.17,0.33,0.9596,15.872,0
1904.0,-9.0,27,52.4,140.1643,19.3,71.9,0.0,0.33,0.59,0.04,0.19,0.9662,15.1838,0
1913.0,9.0,27,29.9,52.7551,9.3,40.2,0.0,0.37,0.67,0.04,0.11,0.96,15.1564,0
1155.0,103.0,39,111.4,215.8664,25.4,141.0,0.0,0.26,0.54,0.13,0.28,0.958,14.4859,0
1052.0,-103.0,38,116.2,227.9063,29.7,143.0,0.0,0.29,0.58,0.11,0.29,0.9504,12.8586,0
1635.0,22.0,29,85.8,126.053,14.2,123.5,0.0,0.21,0.48,0.1,0.34,0.9682,16.4962,0
1613.0,-22.0,28,77.0,114.975,22.9,102.6,0.0,0.18,0.5,0.11,0.29,0.9515,15.0539,0
1388.0,62.0,31,47.9,74.3518,31.5,55.8,0.0,0.32,0.68,0.06,0.23,0.9608,15.2686,0
1326.0,-62.0,31,68.7,102.6746,32.7,83.5,0.0,0.42,0.58,0.16,0.16,0.9647,14.7645,0
1595.0,-18.0,1,0.0,0.0,0.0,0.0,0.0,0.0,1.0,0.0,0.0,0.9837,13.0103,0
1613.0,18.0,1,0.0,0.0,0.0,0.0,0.0,1.0,1.0,0.0,0.0,0.9837,13.0103,0
1624.0,-360.0,40,47.3,160.7125,17.1,57.3,0.0,0.3,0.65,0.05,0.05,0.9627,14.9476,0
1984.0,360.0,40,22.6,42.3167,11.2,26.8,0.0,0.4,0.68,0.03,0.12,0.9425,14.5289,0
1698.0,3.0,16,32.8,43.8273,26.2,43.8,0.0,0.44,0.5,0.0,0.12,0.9564,15.3458,0
1695.0,-3.0,16,63.2,113.5906,16.2,123.6,0.0,0.38,0.69,0.19,0.06,0.9553,14.6238,0
1173.0,108.0,21,30.3,33.8398,23.7,36.4,0.0,0.38,0.67,0.0,0.33,0.9571,14.9974,0
1065.0,-108.0,20,30.9,30.9351,17.6,41.7,0.0,0.3,0.55,0.0,0.25,0.9505,14.8711,0
925.0,5.0,65,39.5,65.6858,48.7,44.4,30.0,0.42,0.65,0.02,0.29,0.9408,9.7727,0
920.0,-5.0,65,30.9,57.2123,36.3,33.2,26.4,0.32,0.74,0.03,0.14,0.9379,13.784,0
2470.0,71.0,33,40.3,78.4134,11.5,52.9,0.0,0.39,0.55,0.06,0.15,0.955,14.3608,0
2399.0,-71.0,32,23.9,60.5765,6.6,30.7,0.0,0.44,0.81,0.03,0.03,0.9515,14.9707,0
2457.0,103.0,28,26.9,33.2632,16.1,32.9,0.0,0.36,0.57,0.0,0.21,0.962,15.9109,0
2354.0,-103.0,27,58.5,98.1029,11.1,82.2,0.0,0.41,0.63,0.11,0.19,0.9656,14.3822,0
2124.0,-22.0,29,87.1,140.4582,30.0,117.1,0.0,0.31,0.55,0.1,0.34,0.9651,14.1025,0
2146.0,22.0,28,68.4,137.8376,16.7,92.8,0.0,0.25,0.57,0.07,0.25,0.9693,15.634,0
740.0,-192.0,36,73.2,169.3299,48.0,82.8,0.0,0.33,0.58,0.06,0.31,0.9574,11.3378,0
932.0,192.0,36,62.5,184.3336,32.2,72.6,0.0,0.47,0.67,0.06,0.14,0.9569,15.4896,0
2677.0,149.0,48,47.6,109.629,17.4,22.8,178.0,0.33,0.71,0.02,0.17,0.9466,14.1736,0
2528.0,-149.0,47,44.0,60.1917,41.9,29.1,102.4,0.28,0.68,0.02,0.23,0.9485,13.0127,0
1714.0,5.0,12,104.2,274.0461,25.1,499.5,0.0,0.33,0.58,0.08,0.08,0.956,15.5619,0
1709.0,-5.0,12,64.9,103.8491,80.0,19.7,0.0,0.42,0.58,0.08,0.33,0.9541,13.5867,0
1811.0,-24.0,31,37.7,52.7473,16.4,47.9,0.0,0.48,0.81,0.03,0.29,0.9645,14.8389,0
1835.0,24.0,30,44.5,77.2407,4.8,61.5,0.0,0.47,0.77,0.03,0.2,0.9651,15.2125,0
1410.0,30.0,30,107.6,197.5325,20.4,151.2,0.0,0.33,0.67,0.13,0.37,0.9692,15.9376,0
1380.0,-30.0,29,167.4,264.6563,37.7,225.8,0.0,0.24,0.48,0.24,0.31,0.9248,13.0803,0
1666.0,-50.0,32,52.2,88.9618,16.7,68.3,0.0,0.59,0.81,0.09,0.19,0.961,15.5892,0
1716.0,50.0,31,44.4,96.1525,12.2,57.5,0.0,0.42,0.74,0.1,0.1,0.7703,11.5202,0
1640.0,9.0,21,30.1,37.6549,16.5,42.5,0.0,0.48,0.71,0.0,0.24,0.9599,15.1351,0
1631.0,-9.0,20,51.5,91.8589,8.8,86.4,0.0,0.5,0.6,0.1,0.2,0.967,16.1269,0
2004.0,-31.0,41,54.1,97.1325,8.8,70.5,14.0,0.49,0.61,0.1,0.1,0.9376,13.8554,0
2035.0,31.0,41,38.2,77.3353,6.6,50.3,0.0,0.44,0.71,0.07,0.07,0.9555,13.4588,0
1870.0,16.0,37,72.4,91.4939,75.8,71.1,0.0,0.38,0.62,0.08,0.43,0.9442,14.7044,0
1854.0,-16.0,37,43.0,74.332,27.7,47.9,0.0,0.43,0.65,0.05,0.22,0.8979,11.4944,0
1606.0,35.0,25,74.7,77.3221,69.5,78.2,0.0,0.28,0.56,0.08,0.4,0.966,15.1067,0
1571.0,-35.0,24,67.0,118.097,78.9,59.8,0.0,0.38,0.67,0.17,0.08,0.9543,14.4196,0
894.0,81.0,15,30.2,63.0014,11.6,67.4,0.0,0.47,0.87,0.07,0.13,0.9561,15.2834,0
813.0,-81.0,14,140.1,272.9005,19.0,358.0,0.0,0.14,0.57,0.14,0.29,0.954,14.8488,0
1569.0,51.0,31,37.9,44.8961,32.5,40.5,0.0,0.39,0.68,0.0,0.35,0.9554,14.8641,0
1518.0,-51.0,30,86.9,185.073,18.9,116.0,0.0,0.27,0.5,0.1,0.2,0.9618,14.4389,0
1519.0,-1.0,46,35.9,45.6067,16.7,43.1,32.2,0.39,0.59,0.0,0.24,0.9572,14.4224,0
1520.0,1.0,45,72.3,152.3401,24.7,56.5,223.2,0.16,0.49,0.04,0.31,0.9545,13.0911,0
2555.0,-18.0,16,11.7,19.8182,7.5,18.7,0.0,0.56,0.81,0.0,0.06,0.9609,15.8187,0
2573.0,18.0,16,25.9,47.0417,11.4,44.4,0.0,0.38,0.62,0.0,0.06,0.9558,13.3278,0
1800.0,25.0,32,115.2,234.9158,24.6,156.5,0.0,0.28,0.59,0.12,0.31,0.9571,13.0363,0
1775.0,-25.0,31,88.5,186.8527,31.8,111.6,0.0,0.35,0.55,0.06,0.39,0.9606,15.5466,0
1455.0,-25.0,19,212.2,359.541,29.1,415.7,0.0,0.21,0.58,0.21,0.26,0.946,12.5421,0
1480.0,25.0,19,151.4,304.7508,59.3,234.3,0.0,0.32,0.63,0.16,0.26,0.9602,16.2667,0
1534.0,-78.0,32,35.8,46.0949,17.5,44.1,0.0,0.25,0.59,0.03,0.25,0.9652,15.5229,0
1612.0,78.0,32,32.8,47.9994,9.4,42.0,0.0,0.47,0.69,0.0,0.19,0.9606,15.1544,0
1968.0,-21.0,24,69.6,204.3837,15.6,108.2,0.0,0.58,0.75,0.08,0.17,0.9582,15.8244,0
1989.0,21.0,23,151.6,277.9151,34.4,226.9,0.0,0.22,0.48,0.17,0.35,0.9442,12.6768,0
1924.0,39.0,28,25.8,34.7303,17.7,30.2,0.0,0.43,0.64,0.0,0.14,0.9598,15.5083,0
1885.0,-39.0,27,33.1,51.7843,8.7,45.3,0.0,0.41,0.7,0.04,0.22,0.9615,15.5962,0
1338.0,-5.0,21,59.6,67.8223,65.0,54.6,0.0,0.38,0.67,0.1,0.33,0.9441,14.9667,0
1343.0,5.0,20,92.7,155.7248,46.8,130.3,0.0,0.25,0.5,0.1,0.35,0.9535,14.2527,0
2123.0,20.0,68,80.8,154.7127,11.2,84.7,101.4,0.24,0.56,0.09,0.28,0.9714,13.5456,0
2103.0,-20.0,68,44.1,104.1819,6.0,63.5,35.8,0.53,0.75,0.03,0.21,0.9673,14.4006,0
1375.0,15.0,29,72.6,108.8218,39.1,90.2,0.0,0.24,0.52,0.07,0.38,0.9647,15.7245,0
1360.0,-15.0,29,55.2,101.6235,42.0,61.2,0.0,0.24,0.55,0.03,0.31,0.9608,15.2704,0
1592.0,18.0,24,33.1,52.1144,31.5,34.2,0.0,0.29,0.62,0.04,0.21,0.9587,15.4914,0
1574.0,-18.0,23,76.0,205.7466,26.4,107.9,0.0,0.35,0.57,0.04,0.17,0.9584,14.9432,0
1880.0,-3.0,16,104.6,251.1849,13.0,257.3,0.0,0.5,0.62,0.19,0.06,0.8997,14.189,0
1883.0,3.0,16,10.7,16.0778,10.4,11.0,0.0,0.56,0.81,0.0,0.06,0.9613,16.139,0
1847.0,9.0,17,47.5,48.5362,46.8,48.6,0.0,0.29,0.47,0.0,0.41,0.9632,15.8134,0
1838.0,-9.0,17,56.5,67.8197,30.8,85.5,0.0,0.18,0.41,0.06,0.24,0.9548,14.6397,0
1628.0,-74.0,17,45.9,67.5893,22.4,79.6,0.0,0.24,0.53,0.06,0.18,0.9489,15.2019,0
1702.0,74.0,17,15.1,18.2136,14.4,15.9,0.0,0.41,0.71,0.0,0.06,0.9499,14.8509,0
1860.0,-142.0,39,66.7,162.8391,32.2,78.6,0.0,0.21,0.54,0.05,0.26,0.9375,14.3761,0
2002.0,142.0,39,21.7,31.7385,32.4,18.4,0.0,0.51,0.69,0.0,0.13,0.9642,14.9113,0
1756.0,121.0,23,25.3,38.6984,21.1,28.5,0.0,0.57,0.78,0.0,0.22,0.9638,15.6844,0
1635.0,-121.0,22,95.8,216.9009,23.0,146.2,0.0,0.32,0.55,0.14,0.18,0.8709,13.4486,0
1542.0,0.0,1,8.0,0.0,8.0,0.0,0.0,1.0,1.0,0.0,0.0,0.9837,13.0103,0
1705.0,1.0,33,39.1,58.9283,32.1,42.2,0.0,0.36,0.64,0.03,0.18,0.9717,16.0116,0
1704.0,-1.0,33,56.1,137.6263,18.4,70.2,0.0,0.42,0.7,0.06,0.21,0.9546,14.5623,0
1567.0,0.0,60,101.5,247.7379,48.9,47.3,209.0,0.35,0.63,0.08,0.27,0.9495,10.4533,0
1567.0,0.0,60,37.2,130.6432,21.4,30.1,54.2,0.43,0.8,0.02,0.12,0.9577,13.864,0
1651.0,165.0,33,31.5,38.6492,13.5,39.4,0.0,0.33,0.61,0.0,0.24,0.9575,15.3664,0
1486.0,-165.0,32,49.3,108.8519,11.4,64.1,0.0,0.38,0.59,0.03,0.28,0.9635,14.3524,0
2171.0,-29.0,25,17.2,20.5501,11.3,21.1,0.0,0.44,0.68,0.0,0.12,0.9561,15.2482,0
2200.0,29.0,24,37.1,111.6091,3.9,57.0,0.0,0.54,0.88,0.08,0.0,0.9599,15.9537,0
1581.0,0.0,12,123.2,281.4311,36.8,555.5,0.0,0.5,0.92,0.08,0.25,0.8804,14.3327,0
1581.0,0.0,12,257.5,377.4473,91.9,754.3,0.0,0.33,0.5,0.33,0.17,0.9567,14.6251,0
1448.0,-76.0,46,68.4,155.6697,19.2,65.2,166.8,0.22,0.48,0.09,0.17,0.9745,14.9538,0
1524.0,76.0,46,96.5,226.6153,18.4,70.0,310.7,0.17,0.57,0.07,0.26,0.9589,14.1275,0
1408.0,-13.0,37,73.4,181.9724,41.6,85.2,0.0,0.38,0.73,0.11,0.14,0.9611,15.3636,0
1421.0,13.0,37,70.4,176.3906,77.4,68.1,0.0,0.38,0.73,0.11,0.11,0.9496,13.8297,0
1492.0,-34.0,27,48.6,57.9631,17.2,67.0,0.0,0.41,0.67,0.04,0.22,0.9567,14.7975,0
1526.0,34.0,27,82.0,85.5244,49.1,98.4,0.0,0.15,0.44,0.07,0.48,0.961,14.3875,0
2052.0,62.0,14,10.1,19.1065,6.5,19.2,0.0,0.71,0.93,0.0,0.07,0.9599,15.3513,0
1990.0,-62.0,13,40.3,81.3105,20.0,86.0,0.0,0.31,0.69,0.08,0.08,0.9594,15.5726,0
1474.0,-30.0,51,83.7,193.3245,60.5,49.9,197.3,0.35,0.69,0.06,0.29,0.9372,12.067,0
1504.0,30.0,51,61.8,193.9802,39.7,25.8,168.5,0.43,0.75,0.04,0.16,0.9676,14.5805,0
1375.0,59.0,15,140.8,253.0562,68.4,285.6,0.0,0.33,0.6,0.2,0.4,0.9516,15.0472,0
1316.0,-59.0,15,39.4,50.1096,26.3,59.0,0.0,0.27,0.53,0.0,0.33,0.9621,15.1135,0
2083.0,125.0,30,33.3,52.4287,25.6,37.1,0.0,0.47,0.73,0.03,0.2,0.9585,15.2692,0
1958.0,-125.0,29,83.9,203.4259,12.2,116.2,0.0,0.38,0.69,0.1,0.21,0.959,15.3451,0
1273.0,62.0,54,74.4,190.7405,49.8,72.6,95.9,0.33,0.63,0.07,0.22,0.9676,14.5688,0
1211.0,-62.0,53,83.4,202.8561,69.0,87.6,83.6,0.36,0.62,0.08,0.17,0.9223,11.2652,0
1743.0,-14.0,45,63.4,82.7973,66.2,66.1,41.6,0.27,0.62,0.04,0.44,0.9548,12.5883,0
1757.0,14.0,44,51.6,79.9277,12.0,71.6,2.4,0.48,0.55,0.07,0.25,0.9548,14.2946,0
955.0,37.0,87,40.0,60.7099,44.8,59.0,26.9,0.26,0.56,0.03,0.23,0.9768,13.7694,0
918.0,-37.0,86,84.3,185.057,111.0,64.0,92.1,0.4,0.72,0.12,0.22,0.9649,9.7389,0
1038.0,41.0,28,80.3,107.254,90.8,74.5,0.0,0.36,0.68,0.11,0.29,0.9585,15.1017,0
997.0,-41.0,28,76.1,191.1817,50.8,88.1,0.0,0.61,0.71,0.11,0.21,0.9597,13.6805,0
1517.0,25.0,32,119.6,207.9198,22.3,163.8,0.0,0.22,0.47,0.12,0.41,0.929,14.9361,0
1492.0,-25.0,32,62.3,89.0112,25.7,76.7,0.0,0.22,0.44,0.06,0.28,0.9525,14.9532,0
1736.0,2.0,29,58.7,86.4202,27.0,75.3,0.0,0.38,0.62,0.07,0.31,0.9702,13.2986,0
1734.0,-2.0,28,98.7,203.796,41.2,125.9,0.0,0.25,0.5,0.14,0.21,0.96,14.8294,0
1957.0,-10.0,22,42.6,64.057,16.1,64.7,0.0,0.45,0.68,0.05,0.23,0.9596,15.4637,0
1967.0,10.0,21,49.4,66.1517,44.9,52.8,0.0,0.29,0.71,0.05,0.24,0.9551,15.1219,0
1829.0,-31.0,34,88.4,186.1377,6.8,122.5,0.0,0.26,0.5,0.15,0.18,0.9698,14.8383,0
1860.0,31.0,34,58.5,80.0092,9.8,76.0,0.0,0.35,0.68,0.06,0.29,0.9683,15.2702,0
2065.0,-49.0,44,53.3,86.9765,13.2,60.7,98.0,0.23,0.61,0.05,0.25,0.9678,14.8785,0
2114.0,49.0,43,31.1,64.9497,12.7,39.5,9.2,0.44,0.7,0.07,0.07,0.96,15.8857,0
1368.0,-9.0,28,79.8,183.3262,40.5,101.6,0.0,0.32,0.57,0.07,0.25,0.9663,14.8387,0
1377.0,9.0,27,122.4,227.4848,99.8,133.7,0.0,0.22,0.44,0.11,0.33,0.9602,14.0009,0
2349.0,-10.0,46,84.3,131.4733,46.8,76.6,185.2,0.33,0.59,0.2,0.15,0.9226,11.9842,0
2359.0,10.0,45,72.6,124.635,37.1,66.6,156.2,0.33,0.58,0.13,0.13,0.9668,15.0845,0
1033.0,-119.0,21,141.7,243.8601,7.5,263.6,0.0,0.29,0.48,0.24,0.14,0.9589,14.3675,0
1152.0,119.0,21,40.4,89.952,5.7,66.5,0.0,0.43,0.71,0.1,0.1,0.9613,15.7161,0
1875.0,12.0,30,16.9,29.0386,4.9,22.9,0.0,0.4,0.67,0.0,0.1,0.9581,15.3767,0
1863.0,-12.0,29,31.5,86.1098,6.7,42.6,0.0,0.45,0.79,0.03,0.14,0.9523,14.4106,0
2353.0,-3.0,59,50.4,181.5409,10.4,18.9,121.1,0.44,0.69,0.03,0.08,0.9433,13.4857,0
2356.0,3.0,58,48.4,135.1885,7.7,25.5,103.8,0.29,0.59,0.03,0.17,0.9323,12.6442,0
1665.0,-129.0,28,61.2,83.8798,93.6,43.3,0.0,0.39,0.64,0.04,0.39,0.9624,15.4075,0
1794.0,129.0,27,88.0,189.1266,107.2,78.4,0.0,0.19,0.59,0.07,0.26,0.959,15.0227,0
1808.0,-9.0,15,60.8,73.4859,41.9,98.6,0.0,0.27,0.67,0.0,0.33,0.9614,15.0792,0
1817.0,9.0,15,43.4,70.7438,16.9,83.2,0.0,0.47,0.73,0.07,0.13,0.9556,14.532,0
1680.0,-5.0,24,21.0,29.8183,24.5,18.5,0.0,0.54,0.88,0.0,0.12,0.9455,14.7861,0
1685.0,5.0,23,41.4,79.7705,37.6,43.9,0.0,0.3,0.74,0.04,0.13,0.9506,14.0802,0
1985.0,-1.0,25,100.8,206.9897,17.0,156.7,0.0,0.4,0.72,0.12,0.28,0.9529,15.0628,0
1986.0,1.0,25,40.8,70.8125,12.9,56.5,0.0,0.36,0.76,0.04,0.2,0.9566,14.3812,0
1534.0,1.0,41,38.3,80.828,20.1,45.6,2.0,0.27,0.68,0.02,0.2,0.9655,15.4001,0
1533.0,-1.0,40,33.2,53.2536,9.4,36.4,150.0,0.35,0.57,0.03,0.12,0.9641,15.1164,0
1441.0,-64.0,29,114.7,259.0818,14.5,167.4,0.0,0.21,0.66,0.14,0.14,0.925,14.4053,0
1505.0,64.0,28,123.5,269.2942,9.9,177.3,0.0,0.32,0.71,0.18,0.04,0.9674,15.3668,0
2344.0,89.0,42,68.2,118.0618,13.2,90.8,5.5,0.33,0.55,0.14,0.14,0.9687,15.2784,0
2255.0,-89.0,42,43.5,88.3674,16.1,56.1,0.3,0.45,0.76,0.05,0.21,0.9663,14.7509,0
1487.0,-28.0,26,31.0,47.0238,10.7,43.6,0.0,0.42,0.65,0.0,0.23,0.9547,15.1681,0
1515.0,28.0,25,94.6,201.979,30.0,130.9,0.0,0.32,0.56,0.12,0.24,0.962,13.2462,0
1809.0,6.0,46,69.0,110.3698,30.9,79.4,80.3,0.24,0.46,0.04,0.39,0.9625,14.8866,0
1803.0,-6.0,46,55.7,62.8604,21.2,67.2,50.4,0.15,0.52,0.04,0.3,0.9671,15.6747,0
2017.0,21.0,49,47.2,112.1582,14.5,26.2,153.8,0.41,0.8,0.06,0.06,0.8927,11.112,0
1996.0,-21.0,49,29.4,96.3154,11.3,11.4,99.8,0.45,0.84,0.02,0.14,0.9323,12.6499,0
1797.0,58.0,46,109.4,180.7939,29.1,146.3,58.8,0.37,0.57,0.15,0.39,0.9573,14.7368,0
1739.0,-58.0,45,135.6,177.801,32.9,168.3,125.7,0.24,0.51,0.27,0.24,0.9593,14.384,0
2153.0,-41.0,43,61.9,78.7627,20.9,66.0,158.0,0.23,0.51,0.12,0.26,0.9678,15.1367,0
2194.0,41.0,42,36.1,45.2924,5.1,43.7,52.7,0.48,0.79,0.0,0.29,0.9693,15.138,0
2281.0,-155.0,60,31.4,38.5535,13.1,36.3,33.1,0.38,0.67,0.0,0.22,0.9635,14.5709,0
2436.0,155.0,59,31.4,42.0464,9.6,26.6,48.5,0.47,0.83,0.02,0.17,0.9699,14.7668,0
